beneficiary_id,account_id,beneficiary_name,beneficiary_account_number,beneficiary_bank,beneficiary_ifsc,relationship_to_account_holder,date_added,is_first_time_beneficiary,is_verified,beneficiary_risk_flag,total_transfers_to_date,evidence_status
BEN-DS7GU1,ACC-0H8WN2T,AIRTEL POSTPAID,EXT-8F1CBFN,IndusInd Bank,INDB0343962,MERCHANT,2024-06-05,FALSE,TRUE,NONE,1,AVAILABLE
BEN-WSOL31,ACC-0H8WN2T,BIGBASKET,EXT-NREK8PK,Punjab National Bank,PUNB0584714,MERCHANT,2024-06-20,FALSE,TRUE,NONE,1,AVAILABLE
BEN-H10ZWP,ACC-0H8WN2T,AMAZON PAY,EXT-OGYR3XK,IndusInd Bank,INDB0488162,MERCHANT,2024-09-10,FALSE,TRUE,NONE,1,AVAILABLE
BEN-DE528V,ACC-0H8WN2T,RELIANCE DIGITAL,EXT-Q6L6GT6,Yes Bank,YESB0738551,MERCHANT,2024-10-17,FALSE,TRUE,NONE,2,AVAILABLE
BEN-3WQ8WG,ACC-0H8WN2T,DMART ONLINE,EXT-VHS1K3A,IndusInd Bank,INDB0857168,MERCHANT,2024-12-09,FALSE,TRUE,NONE,2,AVAILABLE
BEN-F9C5J2,ACC-0H8WN2T,JIO RECHARGE,EXT-ZRENUN5,Punjab National Bank,PUNB0514850,MERCHANT,2025-01-06,FALSE,TRUE,NONE,1,AVAILABLE
BEN-OVNG5X,ACC-0H8WN2T,Anay Setty (Landlord),EXT-23GSBS8,ICICI Bank,YESB0613513,UNKNOWN,2025-07-01,FALSE,TRUE,NONE,5,AVAILABLE
BEN-FVM21N,ACC-0H8WN2T,SWIGGY,EXT-AK1VRJN,Kotak Mahindra Bank,KOTAK0900581,MERCHANT,2025-09-09,FALSE,TRUE,NONE,1,AVAILABLE
BEN-5VCFED,ACC-0IQSVUH,MEDPLUS,EXT-JXK87AU,Axis Bank,UTIB0612340,MERCHANT,2024-03-31,FALSE,TRUE,NONE,1,AVAILABLE
BEN-TG0PLH,ACC-0IQSVUH,BIGBASKET,EXT-NREK8PK,Punjab National Bank,PUNB0584714,MERCHANT,2024-05-23,FALSE,TRUE,NONE,1,AVAILABLE
BEN-8O9IZF,ACC-0IQSVUH,BLINKIT,EXT-3JQIP98,IndusInd Bank,INDB0375504,MERCHANT,2024-07-15,FALSE,TRUE,NONE,1,AVAILABLE
BEN-HSPMD3,ACC-0IQSVUH,TATA POWER BILLING,EXT-B9M80O2,Union Bank of India,UBIN0717889,MERCHANT,2024-07-18,FALSE,TRUE,NONE,1,AVAILABLE
BEN-QC6EQC,ACC-0IQSVUH,Upadhriti Kakar (Landlord),EXT-OLL1VOB,Punjab National Bank,HDFC0198595,UNKNOWN,2024-08-28,FALSE,TRUE,NONE,5,AVAILABLE
BEN-7G5UUV,ACC-0IQSVUH,ZOMATO,EXT-C38HYF9,Punjab National Bank,PUNB0407419,MERCHANT,2024-09-08,FALSE,TRUE,NONE,1,AVAILABLE
BEN-06S5Q7,ACC-0IQSVUH,SWIGGY,EXT-AK1VRJN,Kotak Mahindra Bank,KOTAK0900581,MERCHANT,2024-12-06,FALSE,TRUE,NONE,1,AVAILABLE
BEN-HR5DWW,ACC-0IQSVUH,RELIANCE DIGITAL,EXT-Q6L6GT6,Yes Bank,YESB0738551,MERCHANT,2024-12-10,FALSE,TRUE,NONE,1,AVAILABLE
BEN-NHJX8B,ACC-0IQSVUH,BOOKMYSHOW,EXT-1ZXOI65,Yes Bank,YESB0195325,MERCHANT,2025-05-03,FALSE,TRUE,NONE,2,AVAILABLE
BEN-4S6AU8,ACC-0IQSVUH,Jackson Morar,ACC-9RGDKUY,State Bank of India,PUNB0797527,FRIEND,2025-05-25,FALSE,TRUE,NONE,2,AVAILABLE
BEN-X0HNXS,ACC-0U2BL3M,INDIAN OIL,EXT-R9OUDOC,Bank of Baroda,BARB0944151,MERCHANT,2024-03-19,FALSE,TRUE,NONE,2,AVAILABLE
BEN-4PO892,ACC-0U2BL3M,JIO RECHARGE,EXT-ZRENUN5,Punjab National Bank,PUNB0514850,MERCHANT,2025-01-04,FALSE,TRUE,NONE,2,AVAILABLE
BEN-IMUX53,ACC-0U2BL3M,TATA POWER BILLING,EXT-B9M80O2,Union Bank of India,UBIN0717889,MERCHANT,2025-02-07,FALSE,TRUE,NONE,2,AVAILABLE
BEN-A3L2UU,ACC-0U2BL3M,AIRTEL POSTPAID,EXT-8F1CBFN,IndusInd Bank,INDB0343962,MERCHANT,2025-08-23,FALSE,TRUE,NONE,1,AVAILABLE
BEN-HFSBC6,ACC-0U2BL3M,DMART ONLINE,EXT-VHS1K3A,IndusInd Bank,INDB0857168,MERCHANT,2025-09-26,FALSE,TRUE,NONE,1,AVAILABLE
BEN-N6N9KE,ACC-12310X5,Kala Choudhry,ACC-4IKMOC0,State Bank of India,UBIN0965600,FAMILY,2024-04-14,FALSE,TRUE,NONE,1,AVAILABLE
BEN-58PKWP,ACC-12310X5,Lila Wason,ACC-XQS3H4D,Kotak Mahindra Bank,UTIB0646860,FRIEND,2024-08-23,FALSE,TRUE,NONE,2,AVAILABLE
BEN-S1CT1L,ACC-12310X5,RELIANCE DIGITAL,EXT-Q6L6GT6,Yes Bank,YESB0738551,MERCHANT,2024-11-08,FALSE,TRUE,NONE,2,AVAILABLE
BEN-6WVO8V,ACC-12310X5,ZOMATO,EXT-C38HYF9,Punjab National Bank,PUNB0407419,MERCHANT,2025-01-29,FALSE,TRUE,NONE,2,AVAILABLE
BEN-A6NX8T,ACC-12310X5,MEDPLUS,EXT-JXK87AU,Axis Bank,UTIB0612340,MERCHANT,2025-06-29,FALSE,TRUE,NONE,1,AVAILABLE
BEN-TGO9ZU,ACC-12310X5,Kabir Sethi (Landlord),EXT-63MNSXC,Axis Bank,HDFC0936298,UNKNOWN,2025-07-16,FALSE,TRUE,NONE,4,AVAILABLE
BEN-NZ4KJA,ACC-12310X5,BIGBASKET,EXT-NREK8PK,Punjab National Bank,PUNB0584714,MERCHANT,2025-09-11,FALSE,TRUE,NONE,1,AVAILABLE
BEN-ALP3JG,ACC-12310X5,BOOKMYSHOW,EXT-1ZXOI65,Yes Bank,YESB0195325,MERCHANT,2025-10-23,FALSE,TRUE,NONE,1,AVAILABLE
BEN-Z81DMC,ACC-1FSOC4W,SWIGGY,EXT-AK1VRJN,Kotak Mahindra Bank,KOTAK0900581,MERCHANT,2024-03-21,FALSE,TRUE,NONE,2,AVAILABLE
BEN-U4VFI0,ACC-1FSOC4W,AMAZON PAY,EXT-OGYR3XK,IndusInd Bank,INDB0488162,MERCHANT,2024-04-21,FALSE,TRUE,NONE,3,AVAILABLE
BEN-KEK95U,ACC-1FSOC4W,RAPIDO,EXT-7Q9AH8R,Canara Bank,CNRB0905934,MERCHANT,2024-05-17,FALSE,TRUE,NONE,2,AVAILABLE
BEN-BMFP5G,ACC-1FSOC4W,MEDPLUS,EXT-JXK87AU,Axis Bank,UTIB0612340,MERCHANT,2024-11-10,FALSE,TRUE,NONE,1,AVAILABLE
BEN-X48R9C,ACC-1FSOC4W,INDIAN OIL,EXT-R9OUDOC,Bank of Baroda,BARB0944151,MERCHANT,2025-05-18,FALSE,TRUE,NONE,1,AVAILABLE
BEN-QOQ123,ACC-1FSOC4W,Tanish Shukla,ACC-TKMP1LP,HDFC Bank,PUNB0141891,FAMILY,2025-10-28,FALSE,TRUE,NONE,2,AVAILABLE
BEN-L7CA4J,ACC-1I3LDQY,INDIAN OIL,EXT-R9OUDOC,Bank of Baroda,BARB0944151,MERCHANT,2024-07-01,FALSE,TRUE,NONE,1,AVAILABLE
BEN-K1KT3P,ACC-1I3LDQY,DMART ONLINE,EXT-VHS1K3A,IndusInd Bank,INDB0857168,MERCHANT,2025-05-15,FALSE,TRUE,NONE,1,AVAILABLE
BEN-E1QJ3A,ACC-1KDGW4L,RAPIDO,EXT-7Q9AH8R,Canara Bank,CNRB0905934,MERCHANT,2024-05-04,FALSE,TRUE,NONE,1,AVAILABLE
BEN-EMOLT8,ACC-1KDGW4L,Raagini Dua,ACC-Y1WIZ9P,Kotak Mahindra Bank,IDFB0774714,FAMILY,2024-05-11,FALSE,TRUE,NONE,4,AVAILABLE
BEN-85CRI4,ACC-1KDGW4L,RELIANCE DIGITAL,EXT-Q6L6GT6,Yes Bank,YESB0738551,MERCHANT,2024-09-13,FALSE,TRUE,NONE,2,AVAILABLE
BEN-MN1TX5,ACC-1KDGW4L,Dakshesh Murty,ACC-ZO2X4GT,Canara Bank,ICIC0989036,FAMILY,2024-11-01,FALSE,TRUE,NONE,2,AVAILABLE
BEN-6CWZMD,ACC-1KDGW4L,BLINKIT,EXT-3JQIP98,IndusInd Bank,INDB0375504,MERCHANT,2024-11-23,FALSE,TRUE,NONE,2,AVAILABLE
BEN-U7CNR7,ACC-1KDGW4L,DMART ONLINE,EXT-VHS1K3A,IndusInd Bank,INDB0857168,MERCHANT,2024-12-16,FALSE,TRUE,NONE,1,AVAILABLE
BEN-M3MTD2,ACC-1KDGW4L,AMAZON PAY,EXT-OGYR3XK,IndusInd Bank,INDB0488162,MERCHANT,2025-06-06,FALSE,TRUE,NONE,1,AVAILABLE
BEN-YOHM3O,ACC-1KDGW4L,ZOMATO,EXT-C38HYF9,Punjab National Bank,PUNB0407419,MERCHANT,2025-08-28,FALSE,TRUE,NONE,1,AVAILABLE
BEN-VQL3Y7,ACC-1RZBK6K,AMAZON PAY,EXT-OGYR3XK,IndusInd Bank,INDB0488162,MERCHANT,2024-04-03,FALSE,TRUE,NONE,1,AVAILABLE
BEN-R92TPT,ACC-1RZBK6K,SWIGGY,EXT-AK1VRJN,Kotak Mahindra Bank,KOTAK0900581,MERCHANT,2024-10-15,FALSE,TRUE,NONE,1,AVAILABLE
BEN-KV4HIX,ACC-1RZBK6K,BOOKMYSHOW,EXT-1ZXOI65,Yes Bank,YESB0195325,MERCHANT,2024-10-16,FALSE,TRUE,NONE,1,AVAILABLE
BEN-L0CCMZ,ACC-1RZBK6K,RAPIDO,EXT-7Q9AH8R,Canara Bank,CNRB0905934,MERCHANT,2024-11-20,FALSE,TRUE,NONE,1,AVAILABLE
BEN-6W12JF,ACC-1RZBK6K,JIO RECHARGE,EXT-ZRENUN5,Punjab National Bank,PUNB0514850,MERCHANT,2024-12-03,FALSE,TRUE,NONE,1,AVAILABLE
BEN-WA1ZSZ,ACC-1RZBK6K,Madhav Pathak,ACC-Q02GKFS,Axis Bank,PUNB0210693,FRIEND,2024-12-31,FALSE,TRUE,NONE,1,AVAILABLE
BEN-W3L1Y6,ACC-1RZBK6K,BIGBASKET,EXT-NREK8PK,Punjab National Bank,PUNB0584714,MERCHANT,2025-02-17,FALSE,TRUE,NONE,1,AVAILABLE
BEN-1YSXD4,ACC-1RZBK6K,BLINKIT,EXT-3JQIP98,IndusInd Bank,INDB0375504,MERCHANT,2025-03-17,FALSE,TRUE,NONE,1,AVAILABLE
BEN-3NP1IM,ACC-1RZBK6K,RELIANCE DIGITAL,EXT-Q6L6GT6,Yes Bank,YESB0738551,MERCHANT,2025-10-22,FALSE,TRUE,NONE,1,AVAILABLE
BEN-RT01NB,ACC-1SGFGFB,BOOKMYSHOW,EXT-1ZXOI65,Yes Bank,YESB0195325,MERCHANT,2024-03-27,FALSE,TRUE,NONE,1,AVAILABLE
BEN-U6I9DZ,ACC-1SGFGFB,BLINKIT,EXT-3JQIP98,IndusInd Bank,INDB0375504,MERCHANT,2024-04-23,FALSE,TRUE,NONE,1,AVAILABLE
BEN-8UXVK4,ACC-1SGFGFB,DMART ONLINE,EXT-VHS1K3A,IndusInd Bank,INDB0857168,MERCHANT,2024-07-26,FALSE,TRUE,NONE,2,AVAILABLE
BEN-G38D6F,ACC-1SGFGFB,RELIANCE DIGITAL,EXT-Q6L6GT6,Yes Bank,YESB0738551,MERCHANT,2024-10-06,FALSE,TRUE,NONE,1,AVAILABLE
BEN-VA3CLR,ACC-1SGFGFB,Ekani Tata,ACC-73J6IUU,Union Bank of India,INDB0828062,FAMILY,2024-10-20,FALSE,TRUE,NONE,2,AVAILABLE
BEN-5WYB0B,ACC-1SGFGFB,ZOMATO,EXT-C38HYF9,Punjab National Bank,PUNB0407419,MERCHANT,2025-01-25,FALSE,TRUE,NONE,1,AVAILABLE
BEN-M4M4R3,ACC-1SGFGFB,AMAZON PAY,EXT-OGYR3XK,IndusInd Bank,INDB0488162,MERCHANT,2025-01-26,FALSE,TRUE,NONE,1,AVAILABLE
BEN-OD8O8B,ACC-1SGFGFB,TATA POWER BILLING,EXT-B9M80O2,Union Bank of India,UBIN0717889,MERCHANT,2025-04-01,FALSE,TRUE,NONE,1,AVAILABLE
BEN-G58GB6,ACC-1SGFGFB,AIRTEL POSTPAID,EXT-8F1CBFN,IndusInd Bank,INDB0343962,MERCHANT,2025-06-25,FALSE,TRUE,NONE,1,AVAILABLE
BEN-WSF8RC,ACC-1YBPERH,SWIGGY,EXT-AK1VRJN,Kotak Mahindra Bank,KOTAK0900581,MERCHANT,2024-05-18,FALSE,TRUE,NONE,1,AVAILABLE
BEN-5SRS2V,ACC-1YBPERH,MEDPLUS,EXT-JXK87AU,Axis Bank,UTIB0612340,MERCHANT,2024-07-02,FALSE,TRUE,NONE,1,AVAILABLE
BEN-4VV78W,ACC-1YBPERH,ZOMATO,EXT-C38HYF9,Punjab National Bank,PUNB0407419,MERCHANT,2024-07-18,FALSE,TRUE,NONE,1,AVAILABLE
BEN-2YG9B0,ACC-1YBPERH,Darsh Bhagat,ACC-R37F7FP,IndusInd Bank,IDFB0570627,FRIEND,2025-01-25,FALSE,TRUE,NONE,3,AVAILABLE
BEN-BYVR47,ACC-1YBPERH,JIO RECHARGE,EXT-ZRENUN5,Punjab National Bank,PUNB0514850,MERCHANT,2025-03-28,FALSE,TRUE,NONE,1,AVAILABLE
BEN-1QH0HP,ACC-1YBPERH,RELIANCE DIGITAL,EXT-Q6L6GT6,Yes Bank,YESB0738551,MERCHANT,2025-05-14,FALSE,TRUE,NONE,1,AVAILABLE
BEN-X1X6AZ,ACC-1YBPERH,AIRTEL POSTPAID,EXT-8F1CBFN,IndusInd Bank,INDB0343962,MERCHANT,2025-06-10,FALSE,TRUE,NONE,1,AVAILABLE
BEN-FFRVA7,ACC-1YBPERH,AMAZON PAY,EXT-OGYR3XK,IndusInd Bank,INDB0488162,MERCHANT,2025-06-13,FALSE,TRUE,NONE,1,AVAILABLE
BEN-R01KR5,ACC-1YBPERH,DMART ONLINE,EXT-VHS1K3A,IndusInd Bank,INDB0857168,MERCHANT,2025-07-18,FALSE,TRUE,NONE,1,AVAILABLE
BEN-S2RAAF,ACC-1ZF88JR,Waida Saha,ACC-Q2NS5MH,Union Bank of India,ICIC0890960,FRIEND,2024-03-27,FALSE,TRUE,NONE,1,AVAILABLE
BEN-5OQ8W6,ACC-1ZF88JR,MEDPLUS,EXT-JXK87AU,Axis Bank,UTIB0612340,MERCHANT,2024-05-23,FALSE,TRUE,NONE,1,AVAILABLE
BEN-00WNHO,ACC-1ZF88JR,AIRTEL POSTPAID,EXT-8F1CBFN,IndusInd Bank,INDB0343962,MERCHANT,2024-08-26,FALSE,TRUE,NONE,1,AVAILABLE
BEN-XTSH11,ACC-1ZF88JR,Indali Bumb,ACC-GL64TPK,IndusInd Bank,UBIN0684137,FAMILY,2024-08-30,FALSE,TRUE,NONE,2,AVAILABLE
BEN-FWLA1C,ACC-1ZF88JR,RELIANCE DIGITAL,EXT-Q6L6GT6,Yes Bank,YESB0738551,MERCHANT,2024-09-17,FALSE,TRUE,NONE,1,AVAILABLE
BEN-P7FVTM,ACC-1ZF88JR,RAPIDO,EXT-7Q9AH8R,Canara Bank,CNRB0905934,MERCHANT,2024-09-22,FALSE,TRUE,NONE,1,AVAILABLE
BEN-L29YIL,ACC-1ZF88JR,INDIAN OIL,EXT-R9OUDOC,Bank of Baroda,BARB0944151,MERCHANT,2024-10-19,FALSE,TRUE,NONE,2,AVAILABLE
BEN-7L928U,ACC-1ZF88JR,IRCTC,EXT-HJK1EYY,HDFC Bank,HDFC0724834,MERCHANT,2025-08-09,FALSE,TRUE,NONE,1,AVAILABLE
BEN-H8RQ5G,ACC-21YEFI7,RELIANCE DIGITAL,EXT-Q6L6GT6,Yes Bank,YESB0738551,MERCHANT,2024-05-19,FALSE,TRUE,NONE,1,AVAILABLE
BEN-1Z4LJA,ACC-21YEFI7,RAPIDO,EXT-7Q9AH8R,Canara Bank,CNRB0905934,MERCHANT,2024-07-27,FALSE,TRUE,NONE,1,AVAILABLE
BEN-WT8EQ8,ACC-21YEFI7,AIRTEL POSTPAID,EXT-8F1CBFN,IndusInd Bank,INDB0343962,MERCHANT,2025-02-10,FALSE,TRUE,NONE,1,AVAILABLE
BEN-3Q8OBJ,ACC-21YEFI7,AMAZON PAY,EXT-OGYR3XK,IndusInd Bank,INDB0488162,MERCHANT,2025-02-27,FALSE,TRUE,NONE,1,AVAILABLE
BEN-W2IIUA,ACC-21YEFI7,IRCTC,EXT-HJK1EYY,HDFC Bank,HDFC0724834,MERCHANT,2025-04-03,FALSE,TRUE,NONE,1,AVAILABLE
BEN-K6BQED,ACC-21YEFI7,BOOKMYSHOW,EXT-1ZXOI65,Yes Bank,YESB0195325,MERCHANT,2025-04-10,FALSE,TRUE,NONE,1,AVAILABLE
BEN-5H56PF,ACC-21YEFI7,SWIGGY,EXT-AK1VRJN,Kotak Mahindra Bank,KOTAK0900581,MERCHANT,2025-05-24,FALSE,TRUE,NONE,1,AVAILABLE
BEN-3ANRPV,ACC-21YEFI7,BLINKIT,EXT-3JQIP98,IndusInd Bank,INDB0375504,MERCHANT,2025-09-25,FALSE,TRUE,NONE,1,AVAILABLE
BEN-BYL5YA,ACC-22N64KF,AMAZON PAY,EXT-OGYR3XK,IndusInd Bank,INDB0488162,MERCHANT,2024-03-15,FALSE,TRUE,NONE,1,AVAILABLE
BEN-4YDQ9N,ACC-22N64KF,RELIANCE DIGITAL,EXT-Q6L6GT6,Yes Bank,YESB0738551,MERCHANT,2025-01-27,FALSE,TRUE,NONE,1,AVAILABLE
BEN-7ATUC3,ACC-22N64KF,INDIAN OIL,EXT-R9OUDOC,Bank of Baroda,BARB0944151,MERCHANT,2025-01-31,FALSE,TRUE,NONE,3,AVAILABLE
BEN-0ZBIMW,ACC-22N64KF,JIO RECHARGE,EXT-ZRENUN5,Punjab National Bank,PUNB0514850,MERCHANT,2025-05-30,FALSE,TRUE,NONE,2,AVAILABLE
BEN-U3DU3H,ACC-22N64KF,ZOMATO,EXT-C38HYF9,Punjab National Bank,PUNB0407419,MERCHANT,2025-07-27,FALSE,TRUE,NONE,1,AVAILABLE
BEN-8SLPJQ,ACC-22N64KF,DMART ONLINE,EXT-VHS1K3A,IndusInd Bank,INDB0857168,MERCHANT,2025-10-25,FALSE,TRUE,NONE,1,AVAILABLE
BEN-TF0MYW,ACC-2919AHE,BOOKMYSHOW,EXT-1ZXOI65,Yes Bank,YESB0195325,MERCHANT,2024-07-31,FALSE,TRUE,NONE,1,AVAILABLE
BEN-VTMB6V,ACC-2919AHE,BIGBASKET,EXT-NREK8PK,Punjab National Bank,PUNB0584714,MERCHANT,2025-03-06,FALSE,TRUE,NONE,1,AVAILABLE
BEN-LGMQ70,ACC-29GD8AF,MEDPLUS,EXT-JXK87AU,Axis Bank,UTIB0612340,MERCHANT,2024-05-03,FALSE,TRUE,NONE,1,AVAILABLE
BEN-93YUXM,ACC-29GD8AF,RELIANCE DIGITAL,EXT-Q6L6GT6,Yes Bank,YESB0738551,MERCHANT,2024-06-15,FALSE,TRUE,NONE,2,AVAILABLE
BEN-1G5519,ACC-29GD8AF,BLINKIT,EXT-3JQIP98,IndusInd Bank,INDB0375504,MERCHANT,2025-04-30,FALSE,TRUE,NONE,1,AVAILABLE
BEN-34DZ5P,ACC-29GD8AF,INDIAN OIL,EXT-R9OUDOC,Bank of Baroda,BARB0944151,MERCHANT,2025-07-05,FALSE,TRUE,NONE,1,AVAILABLE
BEN-T1QRMZ,ACC-29GD8AF,SWIGGY,EXT-AK1VRJN,Kotak Mahindra Bank,KOTAK0900581,MERCHANT,2025-07-15,FALSE,TRUE,NONE,1,AVAILABLE
BEN-XBVP5Z,ACC-29GD8AF,RAPIDO,EXT-7Q9AH8R,Canara Bank,CNRB0905934,MERCHANT,2025-09-21,FALSE,TRUE,NONE,1,AVAILABLE
BEN-YU9R39,ACC-2DUG8RM,Jalsa Chandra,ACC-AMA18WP,IDFC FIRST Bank,IDFB0722236,FAMILY,2024-05-17,FALSE,TRUE,NONE,2,AVAILABLE
BEN-L4ZLTZ,ACC-2DUG8RM,BLINKIT,EXT-3JQIP98,IndusInd Bank,INDB0375504,MERCHANT,2024-06-24,FALSE,TRUE,NONE,1,AVAILABLE
BEN-T8VBLO,ACC-2DUG8RM,BOOKMYSHOW,EXT-1ZXOI65,Yes Bank,YESB0195325,MERCHANT,2024-07-31,FALSE,TRUE,NONE,1,AVAILABLE
BEN-S8OTS4,ACC-2DUG8RM,RAPIDO,EXT-7Q9AH8R,Canara Bank,CNRB0905934,MERCHANT,2025-02-03,FALSE,TRUE,NONE,3,AVAILABLE
BEN-96794O,ACC-2DUG8RM,Ucchal Bava,ACC-JWSOYH5,State Bank of India,UBIN0895431,FRIEND,2025-02-04,FALSE,TRUE,NONE,1,AVAILABLE
BEN-DW7PNM,ACC-2DUG8RM,BIGBASKET,EXT-NREK8PK,Punjab National Bank,PUNB0584714,MERCHANT,2025-08-13,FALSE,TRUE,NONE,2,AVAILABLE
BEN-G9VS89,ACC-2DUG8RM,AIRTEL POSTPAID,EXT-8F1CBFN,IndusInd Bank,INDB0343962,MERCHANT,2025-09-14,FALSE,TRUE,NONE,1,AVAILABLE
BEN-NH14HO,ACC-2KLTALC,INDIAN OIL,EXT-R9OUDOC,Bank of Baroda,BARB0944151,MERCHANT,2024-03-24,FALSE,TRUE,NONE,2,AVAILABLE
BEN-58SKL7,ACC-2KLTALC,BLINKIT,EXT-3JQIP98,IndusInd Bank,INDB0375504,MERCHANT,2024-04-20,FALSE,TRUE,NONE,1,AVAILABLE
BEN-K3QANL,ACC-2KLTALC,JIO RECHARGE,EXT-ZRENUN5,Punjab National Bank,PUNB0514850,MERCHANT,2024-05-08,FALSE,TRUE,NONE,1,AVAILABLE
BEN-TG56ND,ACC-2KLTALC,IRCTC,EXT-HJK1EYY,HDFC Bank,HDFC0724834,MERCHANT,2024-10-15,FALSE,TRUE,NONE,1,AVAILABLE
BEN-SAAC8D,ACC-2KLTALC,MEDPLUS,EXT-JXK87AU,Axis Bank,UTIB0612340,MERCHANT,2024-12-08,FALSE,TRUE,NONE,1,AVAILABLE
BEN-2PA2JS,ACC-2KLTALC,SWIGGY,EXT-AK1VRJN,Kotak Mahindra Bank,KOTAK0900581,MERCHANT,2025-04-09,FALSE,TRUE,NONE,2,AVAILABLE
BEN-7N3LKH,ACC-2KLTALC,Advaith Singhal (Landlord),EXT-O9G6OOU,ICICI Bank,YESB0907624,UNKNOWN,2025-09-01,FALSE,TRUE,NONE,4,AVAILABLE
BEN-5RL2KR,ACC-2KLTALC,RELIANCE DIGITAL,EXT-Q6L6GT6,Yes Bank,YESB0738551,MERCHANT,2025-10-24,FALSE,TRUE,NONE,2,AVAILABLE
BEN-5V794J,ACC-2N82WZM,Balhaar Parmer,ACC-BS5FI6E,IDFC FIRST Bank,SBIN0411728,FRIEND,2024-06-11,FALSE,TRUE,NONE,3,AVAILABLE
BEN-6KM9Z3,ACC-2N82WZM,SWIGGY,EXT-AK1VRJN,Kotak Mahindra Bank,KOTAK0900581,MERCHANT,2024-09-19,FALSE,TRUE,NONE,1,AVAILABLE
BEN-PI9R2J,ACC-2N82WZM,RAPIDO,EXT-7Q9AH8R,Canara Bank,CNRB0905934,MERCHANT,2024-10-01,FALSE,TRUE,NONE,1,AVAILABLE
BEN-7ABWV0,ACC-2N82WZM,Tanish Dixit (Landlord),EXT-RC89WXK,State Bank of India,BARB0541953,UNKNOWN,2024-10-26,FALSE,TRUE,NONE,5,AVAILABLE
BEN-E9SUV9,ACC-2N82WZM,AIRTEL POSTPAID,EXT-8F1CBFN,IndusInd Bank,INDB0343962,MERCHANT,2024-12-25,FALSE,TRUE,NONE,2,AVAILABLE
BEN-HJSV6G,ACC-2N82WZM,BIGBASKET,EXT-NREK8PK,Punjab National Bank,PUNB0584714,MERCHANT,2025-01-20,FALSE,TRUE,NONE,1,AVAILABLE
BEN-8HX0MD,ACC-2N82WZM,DMART ONLINE,EXT-VHS1K3A,IndusInd Bank,INDB0857168,MERCHANT,2025-01-26,FALSE,TRUE,NONE,1,AVAILABLE
BEN-YCBB2O,ACC-2N82WZM,ZOMATO,EXT-C38HYF9,Punjab National Bank,PUNB0407419,MERCHANT,2025-08-29,FALSE,TRUE,NONE,1,AVAILABLE
BEN-UI41SK,ACC-2O8PT4M,JIO RECHARGE,EXT-ZRENUN5,Punjab National Bank,PUNB0514850,MERCHANT,2024-04-16,FALSE,TRUE,NONE,1,AVAILABLE
BEN-S47UOH,ACC-2O8PT4M,RELIANCE DIGITAL,EXT-Q6L6GT6,Yes Bank,YESB0738551,MERCHANT,2024-04-28,FALSE,TRUE,NONE,1,AVAILABLE
BEN-Q439VT,ACC-2O8PT4M,ZOMATO,EXT-C38HYF9,Punjab National Bank,PUNB0407419,MERCHANT,2024-05-16,FALSE,TRUE,NONE,1,AVAILABLE
BEN-J26W4M,ACC-2O8PT4M,RAPIDO,EXT-7Q9AH8R,Canara Bank,CNRB0905934,MERCHANT,2024-06-26,FALSE,TRUE,NONE,1,AVAILABLE
BEN-J8PSP4,ACC-2O8PT4M,SWIGGY,EXT-AK1VRJN,Kotak Mahindra Bank,KOTAK0900581,MERCHANT,2024-07-07,FALSE,TRUE,NONE,1,AVAILABLE
BEN-X2TOGM,ACC-2O8PT4M,BIGBASKET,EXT-NREK8PK,Punjab National Bank,PUNB0584714,MERCHANT,2024-11-13,FALSE,TRUE,NONE,1,AVAILABLE
BEN-V3G5JO,ACC-2O8PT4M,Orinder Singhal,ACC-TKMW044,Bank of Baroda,PUNB0169847,FRIEND,2024-12-20,FALSE,TRUE,NONE,2,AVAILABLE
BEN-4RPQF8,ACC-2O8PT4M,BOOKMYSHOW,EXT-1ZXOI65,Yes Bank,YESB0195325,MERCHANT,2025-01-12,FALSE,TRUE,NONE,1,AVAILABLE
BEN-INYUV1,ACC-2O8PT4M,Ishwar Sachar,ACC-52Y4R1F,State Bank of India,IDFB0218429,FRIEND,2025-03-24,FALSE,TRUE,NONE,2,AVAILABLE
BEN-WFF84S,ACC-2O8PT4M,DMART ONLINE,EXT-VHS1K3A,IndusInd Bank,INDB0857168,MERCHANT,2025-06-02,FALSE,TRUE,NONE,2,AVAILABLE
BEN-7D7KUQ,ACC-2O8PT4M,Karan Saha,ACC-O3V94X2,Yes Bank,ICIC0216268,FAMILY,2025-09-29,FALSE,TRUE,NONE,1,AVAILABLE
BEN-N80AG7,ACC-2TFKG9L,SWIGGY,EXT-AK1VRJN,Kotak Mahindra Bank,KOTAK0900581,MERCHANT,2024-08-15,FALSE,TRUE,NONE,1,AVAILABLE
BEN-N68OCK,ACC-2TFKG9L,Jason Madan,ACC-XQ6ARCR,ICICI Bank,UBIN0719101,FAMILY,2024-11-19,FALSE,TRUE,NONE,2,AVAILABLE
BEN-A4ZROE,ACC-2TFKG9L,AMAZON PAY,EXT-OGYR3XK,IndusInd Bank,INDB0488162,MERCHANT,2025-01-09,FALSE,TRUE,NONE,3,AVAILABLE
BEN-EG56DG,ACC-2TFKG9L,ZOMATO,EXT-C38HYF9,Punjab National Bank,PUNB0407419,MERCHANT,2025-01-12,FALSE,TRUE,NONE,2,AVAILABLE
BEN-2KIAST,ACC-2TFKG9L,Utkarsh Kapadia (Landlord),EXT-EGO83EF,IDFC FIRST Bank,UTIB0611061,UNKNOWN,2025-05-22,FALSE,TRUE,NONE,4,AVAILABLE
BEN-IBWXD2,ACC-2TFKG9L,Abdul Bansal,ACC-3DFDRGV,HDFC Bank,UBIN0906888,FRIEND,2025-06-01,FALSE,TRUE,NONE,1,AVAILABLE
BEN-RGV1HJ,ACC-2TFKG9L,JIO RECHARGE,EXT-ZRENUN5,Punjab National Bank,PUNB0514850,MERCHANT,2025-07-09,FALSE,TRUE,NONE,2,AVAILABLE
BEN-Q5961U,ACC-2WFUDM7,SWIGGY,EXT-AK1VRJN,Kotak Mahindra Bank,KOTAK0900581,MERCHANT,2024-03-20,FALSE,TRUE,NONE,1,AVAILABLE
BEN-1ZNKRE,ACC-2WFUDM7,Avi Dubey,ACC-8R8KUSS,Kotak Mahindra Bank,YESB0703764,FAMILY,2024-04-25,FALSE,TRUE,NONE,4,AVAILABLE
BEN-WIUE9S,ACC-2WFUDM7,TATA POWER BILLING,EXT-B9M80O2,Union Bank of India,UBIN0717889,MERCHANT,2024-06-17,FALSE,TRUE,NONE,1,AVAILABLE
BEN-OC1JJJ,ACC-2WFUDM7,ZOMATO,EXT-C38HYF9,Punjab National Bank,PUNB0407419,MERCHANT,2024-08-10,FALSE,TRUE,NONE,2,AVAILABLE
BEN-2TWBHD,ACC-2WFUDM7,BIGBASKET,EXT-NREK8PK,Punjab National Bank,PUNB0584714,MERCHANT,2024-10-15,FALSE,TRUE,NONE,1,AVAILABLE
BEN-2B7ILS,ACC-2WFUDM7,AMAZON PAY,EXT-OGYR3XK,IndusInd Bank,INDB0488162,MERCHANT,2024-11-05,FALSE,TRUE,NONE,1,AVAILABLE
BEN-Q2JIC8,ACC-2WFUDM7,Prisha Mitter (Landlord),EXT-QJD82S6,Canara Bank,ICIC0845845,UNKNOWN,2025-01-24,FALSE,TRUE,NONE,5,AVAILABLE
BEN-YXKT5T,ACC-2WFUDM7,BOOKMYSHOW,EXT-1ZXOI65,Yes Bank,YESB0195325,MERCHANT,2025-01-27,FALSE,TRUE,NONE,1,AVAILABLE
BEN-YU58CJ,ACC-2WFUDM7,DMART ONLINE,EXT-VHS1K3A,IndusInd Bank,INDB0857168,MERCHANT,2025-06-23,FALSE,TRUE,NONE,2,AVAILABLE
BEN-O4DY9H,ACC-2WFUDM7,IRCTC,EXT-HJK1EYY,HDFC Bank,HDFC0724834,MERCHANT,2025-08-30,FALSE,TRUE,NONE,1,AVAILABLE
BEN-5TA4K0,ACC-2WT1Q3T,SWIGGY,EXT-AK1VRJN,Kotak Mahindra Bank,KOTAK0900581,MERCHANT,2024-05-29,FALSE,TRUE,NONE,1,AVAILABLE
BEN-OFTH8P,ACC-2WT1Q3T,BLINKIT,EXT-3JQIP98,IndusInd Bank,INDB0375504,MERCHANT,2024-08-26,FALSE,TRUE,NONE,1,AVAILABLE
BEN-3YAFVD,ACC-2WT1Q3T,DMART ONLINE,EXT-VHS1K3A,IndusInd Bank,INDB0857168,MERCHANT,2024-09-17,FALSE,TRUE,NONE,1,AVAILABLE
BEN-GN8XXP,ACC-2WT1Q3T,Farhan Sachar,ACC-B5SQ0ZY,ICICI Bank,INDB0488662,FRIEND,2025-01-24,FALSE,TRUE,NONE,1,AVAILABLE
BEN-7D2E9Y,ACC-2WT1Q3T,TATA POWER BILLING,EXT-B9M80O2,Union Bank of India,UBIN0717889,MERCHANT,2025-04-03,FALSE,TRUE,NONE,2,AVAILABLE
BEN-NZGB8K,ACC-2WT1Q3T,BOOKMYSHOW,EXT-1ZXOI65,Yes Bank,YESB0195325,MERCHANT,2025-04-08,FALSE,TRUE,NONE,1,AVAILABLE
BEN-490EDV,ACC-2WT1Q3T,BIGBASKET,EXT-NREK8PK,Punjab National Bank,PUNB0584714,MERCHANT,2025-06-02,FALSE,TRUE,NONE,1,AVAILABLE
BEN-GYWG79,ACC-2WT1Q3T,Nathaniel Bhavsar,ACC-4SBKXCS,Axis Bank,SBIN0102297,FAMILY,2025-06-13,FALSE,TRUE,NONE,3,AVAILABLE
BEN-YVO3OA,ACC-2WT1Q3T,RELIANCE DIGITAL,EXT-Q6L6GT6,Yes Bank,YESB0738551,MERCHANT,2025-07-26,FALSE,TRUE,NONE,1,AVAILABLE
BEN-G8FDA3,ACC-2WT59GL,BIGBASKET,EXT-NREK8PK,Punjab National Bank,PUNB0584714,MERCHANT,2024-05-07,FALSE,TRUE,NONE,2,AVAILABLE
BEN-3FZB7J,ACC-2WT59GL,IRCTC,EXT-HJK1EYY,HDFC Bank,HDFC0724834,MERCHANT,2024-06-26,FALSE,TRUE,NONE,1,AVAILABLE
BEN-1HD8QU,ACC-2WT59GL,DMART ONLINE,EXT-VHS1K3A,IndusInd Bank,INDB0857168,MERCHANT,2024-07-09,FALSE,TRUE,NONE,1,AVAILABLE
BEN-KUR63G,ACC-2WT59GL,Chameli Khalsa,ACC-PNEE5DN,Canara Bank,UTIB0772235,FAMILY,2024-10-06,FALSE,TRUE,NONE,2,AVAILABLE
BEN-OT0JPU,ACC-2WT59GL,Vaishnavi Saxena,ACC-H1RJFUI,IndusInd Bank,ICIC0490082,FRIEND,2024-12-16,FALSE,TRUE,NONE,2,AVAILABLE
BEN-PDT0YD,ACC-2WT59GL,AMAZON PAY,EXT-OGYR3XK,IndusInd Bank,INDB0488162,MERCHANT,2025-07-18,FALSE,TRUE,NONE,2,AVAILABLE
BEN-FIKLV2,ACC-2Z1UBYH,TATA POWER BILLING,EXT-B9M80O2,Union Bank of India,UBIN0717889,MERCHANT,2024-05-01,FALSE,TRUE,NONE,1,AVAILABLE
BEN-6N0MD0,ACC-2Z1UBYH,RAPIDO,EXT-7Q9AH8R,Canara Bank,CNRB0905934,MERCHANT,2024-05-06,FALSE,TRUE,NONE,1,AVAILABLE
BEN-2OHAHG,ACC-2Z1UBYH,INDIAN OIL,EXT-R9OUDOC,Bank of Baroda,BARB0944151,MERCHANT,2024-07-25,FALSE,TRUE,NONE,1,AVAILABLE
BEN-239TCT,ACC-2Z1UBYH,Udant Chana,ACC-X1Z2YVL,Axis Bank,BARB0980442,FRIEND,2024-12-23,FALSE,TRUE,NONE,2,AVAILABLE
BEN-U6I9TQ,ACC-2Z1UBYH,SWIGGY,EXT-AK1VRJN,Kotak Mahindra Bank,KOTAK0900581,MERCHANT,2025-03-29,FALSE,TRUE,NONE,2,AVAILABLE
BEN-AT1MUE,ACC-2Z1UBYH,AIRTEL POSTPAID,EXT-8F1CBFN,IndusInd Bank,INDB0343962,MERCHANT,2025-04-21,FALSE,TRUE,NONE,1,AVAILABLE
BEN-VP0FCO,ACC-2Z1UBYH,DMART ONLINE,EXT-VHS1K3A,IndusInd Bank,INDB0857168,MERCHANT,2025-06-03,FALSE,TRUE,NONE,1,AVAILABLE
BEN-WMBQ3F,ACC-2Z1UBYH,Kai Majumdar,ACC-GFAT2XR,HDFC Bank,HDFC0451915,FRIEND,2025-06-24,FALSE,TRUE,NONE,1,AVAILABLE
BEN-2P1FPN,ACC-366FZX6,Turvi Ravel,ACC-9F5G3UK,IndusInd Bank,YESB0399159,FAMILY,2024-03-14,FALSE,TRUE,NONE,1,AVAILABLE
BEN-J8NLRT,ACC-366FZX6,INDIAN OIL,EXT-R9OUDOC,Bank of Baroda,BARB0944151,MERCHANT,2024-06-02,FALSE,TRUE,NONE,1,AVAILABLE
BEN-I6F3BU,ACC-366FZX6,Irya Magar,ACC-SF4HTZ4,Yes Bank,YESB0877379,FAMILY,2024-06-10,FALSE,TRUE,NONE,2,AVAILABLE
BEN-0HUF4J,ACC-366FZX6,BOOKMYSHOW,EXT-1ZXOI65,Yes Bank,YESB0195325,MERCHANT,2024-07-06,FALSE,TRUE,NONE,1,AVAILABLE
BEN-ZZUSZ3,ACC-366FZX6,SWIGGY,EXT-AK1VRJN,Kotak Mahindra Bank,KOTAK0900581,MERCHANT,2024-08-04,FALSE,TRUE,NONE,1,AVAILABLE
BEN-YBR9BF,ACC-366FZX6,IRCTC,EXT-HJK1EYY,HDFC Bank,HDFC0724834,MERCHANT,2024-11-24,FALSE,TRUE,NONE,1,AVAILABLE
BEN-C5DI9H,ACC-366FZX6,AMAZON PAY,EXT-OGYR3XK,IndusInd Bank,INDB0488162,MERCHANT,2025-01-12,FALSE,TRUE,NONE,1,AVAILABLE
BEN-1D26AT,ACC-366FZX6,Yashawini Bali,ACC-5LSCATG,Punjab National Bank,CNRB0809709,FRIEND,2025-07-04,FALSE,TRUE,NONE,3,AVAILABLE
BEN-4A3PZI,ACC-366FZX6,TATA POWER BILLING,EXT-B9M80O2,Union Bank of India,UBIN0717889,MERCHANT,2025-07-23,FALSE,TRUE,NONE,1,AVAILABLE
BEN-0RTAIF,ACC-366FZX6,Nathan Sani (Landlord),EXT-1N2WU2A,IDFC FIRST Bank,PUNB0466661,UNKNOWN,2025-09-13,FALSE,TRUE,NONE,5,AVAILABLE
BEN-AACSR6,ACC-3A1DU10,AIRTEL POSTPAID,EXT-8F1CBFN,IndusInd Bank,INDB0343962,MERCHANT,2024-04-14,FALSE,TRUE,NONE,1,AVAILABLE
BEN-FJC1X5,ACC-3A1DU10,AMAZON PAY,EXT-OGYR3XK,IndusInd Bank,INDB0488162,MERCHANT,2024-04-23,FALSE,TRUE,NONE,1,AVAILABLE
BEN-0L8PKK,ACC-3A1DU10,BOOKMYSHOW,EXT-1ZXOI65,Yes Bank,YESB0195325,MERCHANT,2024-08-04,FALSE,TRUE,NONE,2,AVAILABLE
BEN-LKGKJ9,ACC-3A1DU10,JIO RECHARGE,EXT-ZRENUN5,Punjab National Bank,PUNB0514850,MERCHANT,2024-08-05,FALSE,TRUE,NONE,1,AVAILABLE
BEN-N0JOOJ,ACC-3A1DU10,IRCTC,EXT-HJK1EYY,HDFC Bank,HDFC0724834,MERCHANT,2025-07-15,FALSE,TRUE,NONE,2,AVAILABLE
BEN-AT4URV,ACC-3A1DU10,SWIGGY,EXT-AK1VRJN,Kotak Mahindra Bank,KOTAK0900581,MERCHANT,2025-11-03,FALSE,TRUE,NONE,1,AVAILABLE
BEN-TY83LN,ACC-3A1MITK,Lucky Buch,ACC-MA5BXNS,Canara Bank,KOTAK0228283,FAMILY,2024-06-22,FALSE,TRUE,NONE,2,AVAILABLE
BEN-F0TZAN,ACC-3A1MITK,TATA POWER BILLING,EXT-B9M80O2,Union Bank of India,UBIN0717889,MERCHANT,2024-08-03,FALSE,TRUE,NONE,2,AVAILABLE
BEN-1LOB5C,ACC-3A1MITK,IRCTC,EXT-HJK1EYY,HDFC Bank,HDFC0724834,MERCHANT,2024-10-08,FALSE,TRUE,NONE,1,AVAILABLE
BEN-RSYHP1,ACC-3A1MITK,BIGBASKET,EXT-NREK8PK,Punjab National Bank,PUNB0584714,MERCHANT,2025-03-25,FALSE,TRUE,NONE,2,AVAILABLE
BEN-O0PPV6,ACC-3A1MITK,JIO RECHARGE,EXT-ZRENUN5,Punjab National Bank,PUNB0514850,MERCHANT,2025-05-17,FALSE,TRUE,NONE,2,AVAILABLE
BEN-W4TCZA,ACC-3A1MITK,RAPIDO,EXT-7Q9AH8R,Canara Bank,CNRB0905934,MERCHANT,2025-07-18,FALSE,TRUE,NONE,1,AVAILABLE
BEN-HXNFV5,ACC-3A1MITK,Chaitanya Malhotra,ACC-XHO0VH4,HDFC Bank,INDB0851102,FAMILY,2025-10-13,FALSE,TRUE,NONE,5,AVAILABLE
BEN-ZBT25E,ACC-3AEYV7C,RELIANCE DIGITAL,EXT-Q6L6GT6,Yes Bank,YESB0738551,MERCHANT,2024-04-25,FALSE,TRUE,NONE,1,AVAILABLE
BEN-7I6GU2,ACC-3AEYV7C,RAPIDO,EXT-7Q9AH8R,Canara Bank,CNRB0905934,MERCHANT,2024-10-18,FALSE,TRUE,NONE,1,AVAILABLE
BEN-RDDWC9,ACC-3AEYV7C,MEDPLUS,EXT-JXK87AU,Axis Bank,UTIB0612340,MERCHANT,2024-11-18,FALSE,TRUE,NONE,2,AVAILABLE
BEN-W70ASJ,ACC-3AEYV7C,BLINKIT,EXT-3JQIP98,IndusInd Bank,INDB0375504,MERCHANT,2024-11-22,FALSE,TRUE,NONE,1,AVAILABLE
BEN-E8OPLF,ACC-3AEYV7C,JIO RECHARGE,EXT-ZRENUN5,Punjab National Bank,PUNB0514850,MERCHANT,2025-03-03,FALSE,TRUE,NONE,1,AVAILABLE
BEN-VTTY50,ACC-3AEYV7C,Priya Dhawan,ACC-AWXUF9Q,Axis Bank,UBIN0407172,FAMILY,2025-03-15,FALSE,TRUE,NONE,1,AVAILABLE
BEN-XBV05B,ACC-3AEYV7C,DMART ONLINE,EXT-VHS1K3A,IndusInd Bank,INDB0857168,MERCHANT,2025-05-02,FALSE,TRUE,NONE,1,AVAILABLE
BEN-Z1ELCB,ACC-3AEYV7C,AMAZON PAY,EXT-OGYR3XK,IndusInd Bank,INDB0488162,MERCHANT,2025-10-01,FALSE,TRUE,NONE,1,AVAILABLE
BEN-O4IGBT,ACC-3B2A3CW,SWIGGY,EXT-AK1VRJN,Kotak Mahindra Bank,KOTAK0900581,MERCHANT,2024-07-05,FALSE,TRUE,NONE,1,AVAILABLE
BEN-OC13C8,ACC-3B2A3CW,INDIAN OIL,EXT-R9OUDOC,Bank of Baroda,BARB0944151,MERCHANT,2024-08-16,FALSE,TRUE,NONE,1,AVAILABLE
BEN-4TLKRF,ACC-3B2A3CW,TATA POWER BILLING,EXT-B9M80O2,Union Bank of India,UBIN0717889,MERCHANT,2024-12-09,FALSE,TRUE,NONE,1,AVAILABLE
BEN-5UDYE1,ACC-3B2A3CW,BOOKMYSHOW,EXT-1ZXOI65,Yes Bank,YESB0195325,MERCHANT,2025-05-11,FALSE,TRUE,NONE,1,AVAILABLE
BEN-3RZO6S,ACC-3B2A3CW,ZOMATO,EXT-C38HYF9,Punjab National Bank,PUNB0407419,MERCHANT,2025-05-15,FALSE,TRUE,NONE,2,AVAILABLE
BEN-4HVK2I,ACC-3B2A3CW,MEDPLUS,EXT-JXK87AU,Axis Bank,UTIB0612340,MERCHANT,2025-07-15,FALSE,TRUE,NONE,1,AVAILABLE
BEN-C6EJQQ,ACC-3B2A3CW,DMART ONLINE,EXT-VHS1K3A,IndusInd Bank,INDB0857168,MERCHANT,2025-07-24,FALSE,TRUE,NONE,2,AVAILABLE
BEN-8O6O93,ACC-3CP78ZC,Lavanya Reddy,ACC-IRTR5JE,Punjab National Bank,SBIN0854786,FRIEND,2024-03-24,FALSE,TRUE,NONE,1,AVAILABLE
BEN-IXNPW9,ACC-3CP78ZC,Alexander Garde,ACC-R37F7FP,Axis Bank,KOTAK0999966,FAMILY,2024-03-28,FALSE,TRUE,NONE,2,AVAILABLE
BEN-M42YFE,ACC-3CP78ZC,AIRTEL POSTPAID,EXT-8F1CBFN,IndusInd Bank,INDB0343962,MERCHANT,2024-04-20,FALSE,TRUE,NONE,1,AVAILABLE
BEN-27ZRFY,ACC-3CP78ZC,BLINKIT,EXT-3JQIP98,IndusInd Bank,INDB0375504,MERCHANT,2024-05-30,FALSE,TRUE,NONE,2,AVAILABLE
BEN-ZFMDL1,ACC-3CP78ZC,RELIANCE DIGITAL,EXT-Q6L6GT6,Yes Bank,YESB0738551,MERCHANT,2024-09-08,FALSE,TRUE,NONE,2,AVAILABLE
BEN-3ZS569,ACC-3CP78ZC,IRCTC,EXT-HJK1EYY,HDFC Bank,HDFC0724834,MERCHANT,2024-11-12,FALSE,TRUE,NONE,1,AVAILABLE
BEN-D4FHRN,ACC-3CP78ZC,JIO RECHARGE,EXT-ZRENUN5,Punjab National Bank,PUNB0514850,MERCHANT,2025-02-07,FALSE,TRUE,NONE,1,AVAILABLE
BEN-0UHB75,ACC-3CP78ZC,Ria Kulkarni,ACC-KC6Q0S7,IndusInd Bank,PUNB0196881,FRIEND,2025-03-17,FALSE,TRUE,NONE,3,AVAILABLE
BEN-OLE79W,ACC-3CP78ZC,TATA POWER BILLING,EXT-B9M80O2,Union Bank of India,UBIN0717889,MERCHANT,2025-10-24,FALSE,TRUE,NONE,1,AVAILABLE
BEN-YLO9WP,ACC-3DFDRGV,AIRTEL POSTPAID,EXT-8F1CBFN,IndusInd Bank,INDB0343962,MERCHANT,2024-04-24,FALSE,TRUE,NONE,1,AVAILABLE
BEN-ZO30HV,ACC-3DFDRGV,Imaran Desai,ACC-KO0JL6Q,IndusInd Bank,IDFB0504569,FRIEND,2024-08-14,FALSE,TRUE,NONE,1,AVAILABLE
BEN-7TZ932,ACC-3DFDRGV,DMART ONLINE,EXT-VHS1K3A,IndusInd Bank,INDB0857168,MERCHANT,2024-10-16,FALSE,TRUE,NONE,1,AVAILABLE
BEN-2N4ILZ,ACC-3DFDRGV,MEDPLUS,EXT-JXK87AU,Axis Bank,UTIB0612340,MERCHANT,2025-01-12,FALSE,TRUE,NONE,2,AVAILABLE
BEN-3WZZ5B,ACC-3DFDRGV,BOOKMYSHOW,EXT-1ZXOI65,Yes Bank,YESB0195325,MERCHANT,2025-06-13,FALSE,TRUE,NONE,2,AVAILABLE
BEN-Z09ZUJ,ACC-3HQ57UY,BOOKMYSHOW,EXT-1ZXOI65,Yes Bank,YESB0195325,MERCHANT,2024-06-26,FALSE,TRUE,NONE,1,AVAILABLE
BEN-3DFDIE,ACC-3HQ57UY,SWIGGY,EXT-AK1VRJN,Kotak Mahindra Bank,KOTAK0900581,MERCHANT,2024-09-04,FALSE,TRUE,NONE,1,AVAILABLE
BEN-JW9G5H,ACC-3HQ57UY,RELIANCE DIGITAL,EXT-Q6L6GT6,Yes Bank,YESB0738551,MERCHANT,2024-10-10,FALSE,TRUE,NONE,3,AVAILABLE
BEN-S6QR4W,ACC-3HQ57UY,ZOMATO,EXT-C38HYF9,Punjab National Bank,PUNB0407419,MERCHANT,2025-02-20,FALSE,TRUE,NONE,1,AVAILABLE
BEN-S9IBD5,ACC-3HQ57UY,Advaith Gill,ACC-1SGFGFB,Union Bank of India,PUNB0144662,FAMILY,2025-07-21,FALSE,TRUE,NONE,2,AVAILABLE
BEN-NDVK3S,ACC-3HQ57UY,DMART ONLINE,EXT-VHS1K3A,IndusInd Bank,INDB0857168,MERCHANT,2025-10-27,FALSE,TRUE,NONE,1,AVAILABLE
BEN-QNU243,ACC-3JPJT10,AMAZON PAY,EXT-OGYR3XK,IndusInd Bank,INDB0488162,MERCHANT,2024-04-06,FALSE,TRUE,NONE,1,AVAILABLE
BEN-REGRO9,ACC-3JPJT10,JIO RECHARGE,EXT-ZRENUN5,Punjab National Bank,PUNB0514850,MERCHANT,2024-06-10,FALSE,TRUE,NONE,1,AVAILABLE
BEN-I3HKQ4,ACC-3JPJT10,Jacob Palla (Landlord),EXT-3L9GG6W,Canara Bank,YESB0553160,UNKNOWN,2024-08-06,FALSE,TRUE,NONE,5,AVAILABLE
BEN-7FZH1P,ACC-3JPJT10,BIGBASKET,EXT-NREK8PK,Punjab National Bank,PUNB0584714,MERCHANT,2024-11-05,FALSE,TRUE,NONE,3,AVAILABLE
BEN-U2GPDC,ACC-3JPJT10,ZOMATO,EXT-C38HYF9,Punjab National Bank,PUNB0407419,MERCHANT,2025-02-16,FALSE,TRUE,NONE,1,AVAILABLE
BEN-N00JSQ,ACC-3JPJT10,Daksh Sagar,EXT-12SEWUF,Union Bank of India,IDFB0121486,UNKNOWN,2025-03-25,FALSE,TRUE,NONE,1,AVAILABLE
BEN-OUL61C,ACC-3JPJT10,RELIANCE DIGITAL,EXT-Q6L6GT6,Yes Bank,YESB0738551,MERCHANT,2025-07-12,FALSE,TRUE,NONE,1,AVAILABLE
BEN-0ZQIJY,ACC-3RAVC2U,AMAZON PAY,EXT-OGYR3XK,IndusInd Bank,INDB0488162,MERCHANT,2024-04-17,FALSE,TRUE,NONE,1,AVAILABLE
BEN-N4LBH6,ACC-3RAVC2U,SWIGGY,EXT-AK1VRJN,Kotak Mahindra Bank,KOTAK0900581,MERCHANT,2024-06-16,FALSE,TRUE,NONE,2,AVAILABLE
BEN-51XOMV,ACC-3RAVC2U,IRCTC,EXT-HJK1EYY,HDFC Bank,HDFC0724834,MERCHANT,2024-12-24,FALSE,TRUE,NONE,2,AVAILABLE
BEN-1OW7N7,ACC-3RAVC2U,INDIAN OIL,EXT-R9OUDOC,Bank of Baroda,BARB0944151,MERCHANT,2025-03-02,FALSE,TRUE,NONE,1,AVAILABLE
BEN-823I67,ACC-3RAVC2U,RAPIDO,EXT-7Q9AH8R,Canara Bank,CNRB0905934,MERCHANT,2025-08-26,FALSE,TRUE,NONE,1,AVAILABLE
BEN-689BPR,ACC-3RAVC2U,BIGBASKET,EXT-NREK8PK,Punjab National Bank,PUNB0584714,MERCHANT,2025-09-09,FALSE,TRUE,NONE,1,AVAILABLE
BEN-GV2WHQ,ACC-43VVT0V,BOOKMYSHOW,EXT-1ZXOI65,Yes Bank,YESB0195325,MERCHANT,2024-06-04,FALSE,TRUE,NONE,1,AVAILABLE
BEN-63WHRL,ACC-43VVT0V,IRCTC,EXT-HJK1EYY,HDFC Bank,HDFC0724834,MERCHANT,2025-02-23,FALSE,TRUE,NONE,1,AVAILABLE
BEN-JI4NSF,ACC-43VVT0V,Yashoda Bir (Landlord),EXT-PXF1G1U,ICICI Bank,BARB0163197,UNKNOWN,2025-04-13,FALSE,TRUE,NONE,5,AVAILABLE
BEN-HHV5QL,ACC-43VVT0V,MEDPLUS,EXT-JXK87AU,Axis Bank,UTIB0612340,MERCHANT,2025-06-24,FALSE,TRUE,NONE,3,AVAILABLE
BEN-1EV784,ACC-43VVT0V,TATA POWER BILLING,EXT-B9M80O2,Union Bank of India,UBIN0717889,MERCHANT,2025-09-20,FALSE,TRUE,NONE,1,AVAILABLE
BEN-7C8FXH,ACC-43VVT0V,JIO RECHARGE,EXT-ZRENUN5,Punjab National Bank,PUNB0514850,MERCHANT,2025-10-02,FALSE,TRUE,NONE,1,AVAILABLE
BEN-RG8HZK,ACC-44CI4J3,TATA POWER BILLING,EXT-B9M80O2,Union Bank of India,UBIN0717889,MERCHANT,2024-04-03,FALSE,TRUE,NONE,1,AVAILABLE
BEN-5SPHUH,ACC-44CI4J3,BIGBASKET,EXT-NREK8PK,Punjab National Bank,PUNB0584714,MERCHANT,2024-11-07,FALSE,TRUE,NONE,2,AVAILABLE
BEN-3B52C4,ACC-44CI4J3,Indrajit Yogi,ACC-HUCI5RX,Bank of Baroda,IDFB0356010,FAMILY,2025-04-09,FALSE,TRUE,NONE,4,AVAILABLE
BEN-7CX65Z,ACC-44CI4J3,IRCTC,EXT-HJK1EYY,HDFC Bank,HDFC0724834,MERCHANT,2025-06-17,FALSE,TRUE,NONE,1,AVAILABLE
BEN-M21BTN,ACC-44CI4J3,INDIAN OIL,EXT-R9OUDOC,Bank of Baroda,BARB0944151,MERCHANT,2025-07-30,FALSE,TRUE,NONE,1,AVAILABLE
BEN-S6KRF0,ACC-44CI4J3,ZOMATO,EXT-C38HYF9,Punjab National Bank,PUNB0407419,MERCHANT,2025-09-30,FALSE,TRUE,NONE,1,AVAILABLE
BEN-J046UN,ACC-4CSKJ3F,MEDPLUS,EXT-JXK87AU,Axis Bank,UTIB0612340,MERCHANT,2024-04-06,FALSE,TRUE,NONE,1,AVAILABLE
BEN-7WZ345,ACC-4CSKJ3F,JIO RECHARGE,EXT-ZRENUN5,Punjab National Bank,PUNB0514850,MERCHANT,2024-04-13,FALSE,TRUE,NONE,1,AVAILABLE
BEN-H36FPA,ACC-4CSKJ3F,BOOKMYSHOW,EXT-1ZXOI65,Yes Bank,YESB0195325,MERCHANT,2024-05-26,FALSE,TRUE,NONE,1,AVAILABLE
BEN-43TCTL,ACC-4CSKJ3F,BIGBASKET,EXT-NREK8PK,Punjab National Bank,PUNB0584714,MERCHANT,2024-06-13,FALSE,TRUE,NONE,1,AVAILABLE
BEN-WX0YTF,ACC-4CSKJ3F,ZOMATO,EXT-C38HYF9,Punjab National Bank,PUNB0407419,MERCHANT,2024-09-16,FALSE,TRUE,NONE,1,AVAILABLE
BEN-F2L17H,ACC-4CSKJ3F,IRCTC,EXT-HJK1EYY,HDFC Bank,HDFC0724834,MERCHANT,2025-03-27,FALSE,TRUE,NONE,1,AVAILABLE
BEN-S7UPGZ,ACC-4CSKJ3F,RELIANCE DIGITAL,EXT-Q6L6GT6,Yes Bank,YESB0738551,MERCHANT,2025-06-13,FALSE,TRUE,NONE,1,AVAILABLE
BEN-C5MH3T,ACC-4CSKJ3F,TATA POWER BILLING,EXT-B9M80O2,Union Bank of India,UBIN0717889,MERCHANT,2025-09-28,FALSE,TRUE,NONE,2,AVAILABLE
BEN-0Z7QSJ,ACC-4CSKJ3F,SWIGGY,EXT-AK1VRJN,Kotak Mahindra Bank,KOTAK0900581,MERCHANT,2025-10-25,FALSE,TRUE,NONE,1,AVAILABLE
BEN-6T9B8J,ACC-4EVB2Y6,AIRTEL POSTPAID,EXT-8F1CBFN,IndusInd Bank,INDB0343962,MERCHANT,2024-08-06,FALSE,TRUE,NONE,2,AVAILABLE
BEN-TBFIF0,ACC-4EVB2Y6,RAPIDO,EXT-7Q9AH8R,Canara Bank,CNRB0905934,MERCHANT,2024-10-14,FALSE,TRUE,NONE,1,AVAILABLE
BEN-943NN9,ACC-4EVB2Y6,IRCTC,EXT-HJK1EYY,HDFC Bank,HDFC0724834,MERCHANT,2024-12-21,FALSE,TRUE,NONE,1,AVAILABLE
BEN-HVH3R6,ACC-4EVB2Y6,INDIAN OIL,EXT-R9OUDOC,Bank of Baroda,BARB0944151,MERCHANT,2025-03-01,FALSE,TRUE,NONE,1,AVAILABLE
BEN-BDW9AY,ACC-4EVB2Y6,BOOKMYSHOW,EXT-1ZXOI65,Yes Bank,YESB0195325,MERCHANT,2025-04-13,FALSE,TRUE,NONE,1,AVAILABLE
BEN-1OZ3RJ,ACC-4EVB2Y6,Sara Bose,EXT-OVI26OY,IDFC FIRST Bank,SBIN0906467,UNKNOWN,2025-05-13,FALSE,TRUE,NONE,1,AVAILABLE
BEN-AC6SLA,ACC-4EVB2Y6,BIGBASKET,EXT-NREK8PK,Punjab National Bank,PUNB0584714,MERCHANT,2025-06-29,FALSE,TRUE,NONE,1,AVAILABLE
BEN-W8TBUF,ACC-4EVB2Y6,ZOMATO,EXT-C38HYF9,Punjab National Bank,PUNB0407419,MERCHANT,2025-08-29,FALSE,TRUE,NONE,1,AVAILABLE
BEN-NU34YD,ACC-4IKMOC0,BIGBASKET,EXT-NREK8PK,Punjab National Bank,PUNB0584714,MERCHANT,2024-06-07,FALSE,TRUE,NONE,1,AVAILABLE
BEN-CM8152,ACC-4IKMOC0,TATA POWER BILLING,EXT-B9M80O2,Union Bank of India,UBIN0717889,MERCHANT,2024-08-20,FALSE,TRUE,NONE,2,AVAILABLE
BEN-9I358L,ACC-4IKMOC0,SWIGGY,EXT-AK1VRJN,Kotak Mahindra Bank,KOTAK0900581,MERCHANT,2024-09-26,FALSE,TRUE,NONE,2,AVAILABLE
BEN-KV7G4H,ACC-4IKMOC0,AIRTEL POSTPAID,EXT-8F1CBFN,IndusInd Bank,INDB0343962,MERCHANT,2024-10-11,FALSE,TRUE,NONE,1,AVAILABLE
BEN-6I8QK2,ACC-4IKMOC0,AMAZON PAY,EXT-OGYR3XK,IndusInd Bank,INDB0488162,MERCHANT,2024-11-09,FALSE,TRUE,NONE,1,AVAILABLE
BEN-48QKOQ,ACC-4IKMOC0,INDIAN OIL,EXT-R9OUDOC,Bank of Baroda,BARB0944151,MERCHANT,2024-12-01,FALSE,TRUE,NONE,1,AVAILABLE
BEN-O1YT3D,ACC-4IKMOC0,BLINKIT,EXT-3JQIP98,IndusInd Bank,INDB0375504,MERCHANT,2025-01-28,FALSE,TRUE,NONE,1,AVAILABLE
BEN-J2A0QS,ACC-4IKMOC0,Riya Zachariah,ACC-W042LPI,Union Bank of India,ICIC0818046,FAMILY,2025-08-14,FALSE,TRUE,NONE,2,AVAILABLE
BEN-3FP436,ACC-4IKMOC0,Samarth Malhotra (Landlord),EXT-BFSYI59,ICICI Bank,SBIN0796056,UNKNOWN,2025-10-20,FALSE,TRUE,NONE,5,AVAILABLE
BEN-95H06Q,ACC-4JNUCYD,BOOKMYSHOW,EXT-1ZXOI65,Yes Bank,YESB0195325,MERCHANT,2024-05-02,FALSE,TRUE,NONE,1,AVAILABLE
BEN-NNJ7N5,ACC-4JNUCYD,AIRTEL POSTPAID,EXT-8F1CBFN,IndusInd Bank,INDB0343962,MERCHANT,2024-05-05,FALSE,TRUE,NONE,1,AVAILABLE
BEN-NU5TYL,ACC-4JNUCYD,MEDPLUS,EXT-JXK87AU,Axis Bank,UTIB0612340,MERCHANT,2024-08-31,FALSE,TRUE,NONE,2,AVAILABLE
BEN-9RKBL3,ACC-4JNUCYD,BLINKIT,EXT-3JQIP98,IndusInd Bank,INDB0375504,MERCHANT,2024-11-07,FALSE,TRUE,NONE,1,AVAILABLE
BEN-C1PCQ2,ACC-4JNUCYD,SWIGGY,EXT-AK1VRJN,Kotak Mahindra Bank,KOTAK0900581,MERCHANT,2025-02-10,FALSE,TRUE,NONE,1,AVAILABLE
BEN-RU20W1,ACC-4JNUCYD,ZOMATO,EXT-C38HYF9,Punjab National Bank,PUNB0407419,MERCHANT,2025-04-12,FALSE,TRUE,NONE,1,AVAILABLE
BEN-FT3O65,ACC-4JNUCYD,DMART ONLINE,EXT-VHS1K3A,IndusInd Bank,INDB0857168,MERCHANT,2025-05-26,FALSE,TRUE,NONE,1,AVAILABLE
BEN-0TRMUH,ACC-4L5GTCY,TATA POWER BILLING,EXT-B9M80O2,Union Bank of India,UBIN0717889,MERCHANT,2024-04-07,FALSE,TRUE,NONE,1,AVAILABLE
BEN-4NBG8M,ACC-4L5GTCY,BOOKMYSHOW,EXT-1ZXOI65,Yes Bank,YESB0195325,MERCHANT,2024-07-28,FALSE,TRUE,NONE,1,AVAILABLE
BEN-8ZCXGU,ACC-4L5GTCY,JIO RECHARGE,EXT-ZRENUN5,Punjab National Bank,PUNB0514850,MERCHANT,2024-11-06,FALSE,TRUE,NONE,1,AVAILABLE
BEN-965W24,ACC-4L5GTCY,IRCTC,EXT-HJK1EYY,HDFC Bank,HDFC0724834,MERCHANT,2025-01-12,FALSE,TRUE,NONE,1,AVAILABLE
BEN-ZP3OHF,ACC-4L5GTCY,RELIANCE DIGITAL,EXT-Q6L6GT6,Yes Bank,YESB0738551,MERCHANT,2025-04-23,FALSE,TRUE,NONE,1,AVAILABLE
BEN-WP0FUY,ACC-4L5GTCY,AIRTEL POSTPAID,EXT-8F1CBFN,IndusInd Bank,INDB0343962,MERCHANT,2025-06-04,FALSE,TRUE,NONE,2,AVAILABLE
BEN-X1I8IA,ACC-4L5GTCY,BLINKIT,EXT-3JQIP98,IndusInd Bank,INDB0375504,MERCHANT,2025-06-21,FALSE,TRUE,NONE,1,AVAILABLE
BEN-2V3K72,ACC-4L5GTCY,SWIGGY,EXT-AK1VRJN,Kotak Mahindra Bank,KOTAK0900581,MERCHANT,2025-09-25,FALSE,TRUE,NONE,1,AVAILABLE
BEN-XG1NO0,ACC-4L5GTCY,Chakrika Prakash,ACC-QFHG8KS,HDFC Bank,UBIN0707914,FRIEND,2025-09-26,FALSE,TRUE,NONE,1,AVAILABLE
BEN-BT7GDC,ACC-4NOUWR6,IRCTC,EXT-HJK1EYY,HDFC Bank,HDFC0724834,MERCHANT,2024-07-15,FALSE,TRUE,NONE,1,AVAILABLE
BEN-9JE7BV,ACC-4NOUWR6,INDIAN OIL,EXT-R9OUDOC,Bank of Baroda,BARB0944151,MERCHANT,2024-11-05,FALSE,TRUE,NONE,2,AVAILABLE
BEN-8DPDD9,ACC-4NOUWR6,BLINKIT,EXT-3JQIP98,IndusInd Bank,INDB0375504,MERCHANT,2024-12-20,FALSE,TRUE,NONE,1,AVAILABLE
BEN-69U8A3,ACC-4NOUWR6,TATA POWER BILLING,EXT-B9M80O2,Union Bank of India,UBIN0717889,MERCHANT,2025-01-15,FALSE,TRUE,NONE,1,AVAILABLE
BEN-66BMZS,ACC-4NOUWR6,Abhimanyu Shenoy,EXT-MU1ZQ47,Punjab National Bank,UBIN0524999,UNKNOWN,2025-02-02,FALSE,TRUE,NONE,1,AVAILABLE
BEN-Q7HSUA,ACC-4NOUWR6,JIO RECHARGE,EXT-ZRENUN5,Punjab National Bank,PUNB0514850,MERCHANT,2025-06-06,FALSE,TRUE,NONE,1,AVAILABLE
BEN-HLGZ35,ACC-4NOUWR6,Hiral Dhawan,ACC-I72U6W3,Canara Bank,HDFC0510606,FAMILY,2025-09-07,FALSE,TRUE,NONE,1,AVAILABLE
BEN-ULN95S,ACC-4NOUWR6,AIRTEL POSTPAID,EXT-8F1CBFN,IndusInd Bank,INDB0343962,MERCHANT,2025-09-20,FALSE,TRUE,NONE,1,AVAILABLE
BEN-QLAH6Q,ACC-4NOUWR6,SWIGGY,EXT-AK1VRJN,Kotak Mahindra Bank,KOTAK0900581,MERCHANT,2025-10-10,FALSE,TRUE,NONE,1,AVAILABLE
BEN-57EOTK,ACC-4OGW9XH,AMAZON PAY,EXT-OGYR3XK,IndusInd Bank,INDB0488162,MERCHANT,2024-04-07,FALSE,TRUE,NONE,1,AVAILABLE
BEN-6FVOBK,ACC-4OGW9XH,AIRTEL POSTPAID,EXT-8F1CBFN,IndusInd Bank,INDB0343962,MERCHANT,2024-05-07,FALSE,TRUE,NONE,1,AVAILABLE
BEN-LX0E01,ACC-4OGW9XH,TATA POWER BILLING,EXT-B9M80O2,Union Bank of India,UBIN0717889,MERCHANT,2024-05-24,FALSE,TRUE,NONE,1,AVAILABLE
BEN-4PZAB2,ACC-4OGW9XH,RELIANCE DIGITAL,EXT-Q6L6GT6,Yes Bank,YESB0738551,MERCHANT,2024-08-23,FALSE,TRUE,NONE,1,AVAILABLE
BEN-JY74SS,ACC-4OGW9XH,Libni Chandran,ACC-1SGFGFB,IDFC FIRST Bank,UBIN0636362,FAMILY,2024-10-29,FALSE,TRUE,NONE,1,AVAILABLE
BEN-0SOMOD,ACC-4OGW9XH,JIO RECHARGE,EXT-ZRENUN5,Punjab National Bank,PUNB0514850,MERCHANT,2025-01-14,FALSE,TRUE,NONE,1,AVAILABLE
BEN-0GONWQ,ACC-4OGW9XH,RAPIDO,EXT-7Q9AH8R,Canara Bank,CNRB0905934,MERCHANT,2025-01-16,FALSE,TRUE,NONE,1,AVAILABLE
BEN-LEDN44,ACC-4OGW9XH,BLINKIT,EXT-3JQIP98,IndusInd Bank,INDB0375504,MERCHANT,2025-09-09,FALSE,TRUE,NONE,1,AVAILABLE
BEN-5X57QI,ACC-4OGW9XH,Anika Thakur,ACC-EM2IFVH,IndusInd Bank,UBIN0720020,FRIEND,2025-10-21,FALSE,TRUE,NONE,2,AVAILABLE
BEN-WK24EY,ACC-4SBKXCS,AMAZON PAY,EXT-OGYR3XK,IndusInd Bank,INDB0488162,MERCHANT,2024-08-01,FALSE,TRUE,NONE,1,AVAILABLE
BEN-9B7HVL,ACC-4SBKXCS,BLINKIT,EXT-3JQIP98,IndusInd Bank,INDB0375504,MERCHANT,2024-10-06,FALSE,TRUE,NONE,1,AVAILABLE
BEN-5GIUBV,ACC-4SBKXCS,Brinda Chaudhuri,ACC-Z9UR73A,Punjab National Bank,PUNB0536854,FAMILY,2025-01-16,FALSE,TRUE,NONE,1,AVAILABLE
BEN-I8LBZA,ACC-4SBKXCS,IRCTC,EXT-HJK1EYY,HDFC Bank,HDFC0724834,MERCHANT,2025-02-21,FALSE,TRUE,NONE,1,AVAILABLE
BEN-K4BTLV,ACC-4SBKXCS,Jhalak Guha,ACC-C46C17Z,Punjab National Bank,INDB0390009,FAMILY,2025-03-15,FALSE,TRUE,NONE,1,AVAILABLE
BEN-9UONVF,ACC-4SBKXCS,BIGBASKET,EXT-NREK8PK,Punjab National Bank,PUNB0584714,MERCHANT,2025-03-20,FALSE,TRUE,NONE,1,AVAILABLE
BEN-TK8FC7,ACC-4SBKXCS,RAPIDO,EXT-7Q9AH8R,Canara Bank,CNRB0905934,MERCHANT,2025-03-21,FALSE,TRUE,NONE,1,AVAILABLE
BEN-6E1OZB,ACC-4SBKXCS,Rayaan Sane,ACC-LUJBU00,ICICI Bank,BARB0200010,FRIEND,2025-03-25,FALSE,TRUE,NONE,2,AVAILABLE
BEN-05G8C8,ACC-4SBKXCS,SWIGGY,EXT-AK1VRJN,Kotak Mahindra Bank,KOTAK0900581,MERCHANT,2025-05-17,FALSE,TRUE,NONE,1,AVAILABLE
BEN-JM7W9A,ACC-4Z56RJ3,JIO RECHARGE,EXT-ZRENUN5,Punjab National Bank,PUNB0514850,MERCHANT,2024-04-06,FALSE,TRUE,NONE,2,AVAILABLE
BEN-R7XKXP,ACC-4Z56RJ3,BLINKIT,EXT-3JQIP98,IndusInd Bank,INDB0375504,MERCHANT,2024-05-02,FALSE,TRUE,NONE,2,AVAILABLE
BEN-NFXN7O,ACC-4Z56RJ3,DMART ONLINE,EXT-VHS1K3A,IndusInd Bank,INDB0857168,MERCHANT,2024-12-13,FALSE,TRUE,NONE,1,AVAILABLE
BEN-RAX2YQ,ACC-4Z56RJ3,SWIGGY,EXT-AK1VRJN,Kotak Mahindra Bank,KOTAK0900581,MERCHANT,2025-03-12,FALSE,TRUE,NONE,1,AVAILABLE
BEN-GXC55J,ACC-4Z56RJ3,BIGBASKET,EXT-NREK8PK,Punjab National Bank,PUNB0584714,MERCHANT,2025-10-14,FALSE,TRUE,NONE,1,AVAILABLE
BEN-T74SUQ,ACC-4ZXTX1L,AIRTEL POSTPAID,EXT-8F1CBFN,IndusInd Bank,INDB0343962,MERCHANT,2024-03-31,FALSE,TRUE,NONE,1,AVAILABLE
BEN-89JE8M,ACC-4ZXTX1L,BIGBASKET,EXT-NREK8PK,Punjab National Bank,PUNB0584714,MERCHANT,2024-04-19,FALSE,TRUE,NONE,3,AVAILABLE
BEN-GU236B,ACC-4ZXTX1L,JIO RECHARGE,EXT-ZRENUN5,Punjab National Bank,PUNB0514850,MERCHANT,2024-10-08,FALSE,TRUE,NONE,1,AVAILABLE
BEN-S0NZJU,ACC-4ZXTX1L,TATA POWER BILLING,EXT-B9M80O2,Union Bank of India,UBIN0717889,MERCHANT,2024-12-19,FALSE,TRUE,NONE,1,AVAILABLE
BEN-4A87IG,ACC-4ZXTX1L,Zarna Sahota,ACC-H7GX86O,State Bank of India,PUNB0660230,FAMILY,2025-03-26,FALSE,TRUE,NONE,1,AVAILABLE
BEN-AO35DW,ACC-4ZXTX1L,BOOKMYSHOW,EXT-1ZXOI65,Yes Bank,YESB0195325,MERCHANT,2025-05-21,FALSE,TRUE,NONE,1,AVAILABLE
BEN-WWK4Y2,ACC-52SOMK1,Ishanvi Aurora (Landlord),EXT-7ZYKEDO,HDFC Bank,UTIB0345846,UNKNOWN,2024-03-30,FALSE,TRUE,NONE,5,AVAILABLE
BEN-KB2GDD,ACC-52SOMK1,BLINKIT,EXT-3JQIP98,IndusInd Bank,INDB0375504,MERCHANT,2024-04-09,FALSE,TRUE,NONE,2,AVAILABLE
BEN-QYN8VM,ACC-52SOMK1,AIRTEL POSTPAID,EXT-8F1CBFN,IndusInd Bank,INDB0343962,MERCHANT,2024-06-01,FALSE,TRUE,NONE,1,AVAILABLE
BEN-DWUR4J,ACC-52SOMK1,INDIAN OIL,EXT-R9OUDOC,Bank of Baroda,BARB0944151,MERCHANT,2025-01-29,FALSE,TRUE,NONE,2,AVAILABLE
BEN-451RS1,ACC-52SOMK1,BIGBASKET,EXT-NREK8PK,Punjab National Bank,PUNB0584714,MERCHANT,2025-02-20,FALSE,TRUE,NONE,1,AVAILABLE
BEN-KJB9XS,ACC-52SOMK1,ZOMATO,EXT-C38HYF9,Punjab National Bank,PUNB0407419,MERCHANT,2025-05-24,FALSE,TRUE,NONE,1,AVAILABLE
BEN-IP35FW,ACC-52SOMK1,BOOKMYSHOW,EXT-1ZXOI65,Yes Bank,YESB0195325,MERCHANT,2025-07-20,FALSE,TRUE,NONE,1,AVAILABLE
BEN-NE72DE,ACC-52SOMK1,Siddharth Rana,ACC-CTT593O,Canara Bank,ICIC0537447,FAMILY,2025-09-16,FALSE,TRUE,NONE,3,AVAILABLE
BEN-QUY4U2,ACC-52Y4R1F,BLINKIT,EXT-3JQIP98,IndusInd Bank,INDB0375504,MERCHANT,2024-05-22,FALSE,TRUE,NONE,2,AVAILABLE
BEN-NP46LD,ACC-52Y4R1F,MEDPLUS,EXT-JXK87AU,Axis Bank,UTIB0612340,MERCHANT,2024-07-18,FALSE,TRUE,NONE,1,AVAILABLE
BEN-EALY66,ACC-52Y4R1F,RELIANCE DIGITAL,EXT-Q6L6GT6,Yes Bank,YESB0738551,MERCHANT,2024-08-20,FALSE,TRUE,NONE,1,AVAILABLE
BEN-E78IU3,ACC-52Y4R1F,IRCTC,EXT-HJK1EYY,HDFC Bank,HDFC0724834,MERCHANT,2024-09-28,FALSE,TRUE,NONE,1,AVAILABLE
BEN-XAM4CI,ACC-52Y4R1F,BIGBASKET,EXT-NREK8PK,Punjab National Bank,PUNB0584714,MERCHANT,2025-02-08,FALSE,TRUE,NONE,1,AVAILABLE
BEN-MCGH2Q,ACC-52Y4R1F,ZOMATO,EXT-C38HYF9,Punjab National Bank,PUNB0407419,MERCHANT,2025-03-26,FALSE,TRUE,NONE,2,AVAILABLE
BEN-BAOPI2,ACC-52Y4R1F,SWIGGY,EXT-AK1VRJN,Kotak Mahindra Bank,KOTAK0900581,MERCHANT,2025-09-26,FALSE,TRUE,NONE,1,AVAILABLE
BEN-CZXI2G,ACC-56Q8V88,AIRTEL POSTPAID,EXT-8F1CBFN,IndusInd Bank,INDB0343962,MERCHANT,2024-04-05,FALSE,TRUE,NONE,1,AVAILABLE
BEN-UASOI1,ACC-56Q8V88,AMAZON PAY,EXT-OGYR3XK,IndusInd Bank,INDB0488162,MERCHANT,2024-04-22,FALSE,TRUE,NONE,1,AVAILABLE
BEN-029GQO,ACC-56Q8V88,BIGBASKET,EXT-NREK8PK,Punjab National Bank,PUNB0584714,MERCHANT,2024-11-08,FALSE,TRUE,NONE,1,AVAILABLE
BEN-GLDWV6,ACC-56Q8V88,IRCTC,EXT-HJK1EYY,HDFC Bank,HDFC0724834,MERCHANT,2025-03-01,FALSE,TRUE,NONE,2,AVAILABLE
BEN-DDR3C6,ACC-56Q8V88,INDIAN OIL,EXT-R9OUDOC,Bank of Baroda,BARB0944151,MERCHANT,2025-06-25,FALSE,TRUE,NONE,1,AVAILABLE
BEN-IJSW8E,ACC-56Q8V88,SWIGGY,EXT-AK1VRJN,Kotak Mahindra Bank,KOTAK0900581,MERCHANT,2025-06-26,FALSE,TRUE,NONE,2,AVAILABLE
BEN-45Y2CP,ACC-56Q8V88,RAPIDO,EXT-7Q9AH8R,Canara Bank,CNRB0905934,MERCHANT,2025-09-25,FALSE,TRUE,NONE,1,AVAILABLE
BEN-2RLNNQ,ACC-5DFNIAJ,AMAZON PAY,EXT-OGYR3XK,IndusInd Bank,INDB0488162,MERCHANT,2024-08-04,FALSE,TRUE,NONE,2,AVAILABLE
BEN-HZ9ZM0,ACC-5DFNIAJ,Robert Contractor (Landlord),EXT-T835S3I,Kotak Mahindra Bank,INDB0705238,UNKNOWN,2025-01-11,FALSE,TRUE,NONE,4,AVAILABLE
BEN-0AVEHY,ACC-5DFNIAJ,Pushti Shan,ACC-BS5FI6E,Yes Bank,PUNB0529758,FRIEND,2025-01-20,FALSE,TRUE,NONE,2,AVAILABLE
BEN-3MELVY,ACC-5DFNIAJ,DMART ONLINE,EXT-VHS1K3A,IndusInd Bank,INDB0857168,MERCHANT,2025-01-31,FALSE,TRUE,NONE,1,AVAILABLE
BEN-Y77IRZ,ACC-5DFNIAJ,IRCTC,EXT-HJK1EYY,HDFC Bank,HDFC0724834,MERCHANT,2025-02-06,FALSE,TRUE,NONE,2,AVAILABLE
BEN-ZE2FN3,ACC-5DFNIAJ,INDIAN OIL,EXT-R9OUDOC,Bank of Baroda,BARB0944151,MERCHANT,2025-06-07,FALSE,TRUE,NONE,1,AVAILABLE
BEN-K78CK7,ACC-5DFNIAJ,Yadavi Thaker,ACC-RMJ1BMF,IDFC FIRST Bank,HDFC0432547,FAMILY,2025-09-05,FALSE,TRUE,NONE,3,AVAILABLE
BEN-HBJT2A,ACC-5DFNIAJ,BOOKMYSHOW,EXT-1ZXOI65,Yes Bank,YESB0195325,MERCHANT,2025-09-12,FALSE,TRUE,NONE,1,AVAILABLE
BEN-DMCY38,ACC-5DFNIAJ,ZOMATO,EXT-C38HYF9,Punjab National Bank,PUNB0407419,MERCHANT,2025-10-01,FALSE,TRUE,NONE,1,AVAILABLE
BEN-WGEP53,ACC-5FAALFS,BIGBASKET,EXT-NREK8PK,Punjab National Bank,PUNB0584714,MERCHANT,2024-05-18,FALSE,TRUE,NONE,1,AVAILABLE
BEN-COOSG9,ACC-5FAALFS,DMART ONLINE,EXT-VHS1K3A,IndusInd Bank,INDB0857168,MERCHANT,2024-06-16,FALSE,TRUE,NONE,1,AVAILABLE
BEN-2RV1V0,ACC-5FAALFS,BOOKMYSHOW,EXT-1ZXOI65,Yes Bank,YESB0195325,MERCHANT,2024-07-28,FALSE,TRUE,NONE,1,AVAILABLE
BEN-XIXU0U,ACC-5FAALFS,INDIAN OIL,EXT-R9OUDOC,Bank of Baroda,BARB0944151,MERCHANT,2024-10-11,FALSE,TRUE,NONE,1,AVAILABLE
BEN-Z5BCML,ACC-5FAALFS,BLINKIT,EXT-3JQIP98,IndusInd Bank,INDB0375504,MERCHANT,2025-02-09,FALSE,TRUE,NONE,1,AVAILABLE
BEN-647FPK,ACC-5FAALFS,Wishi Bandi,ACC-6O9YZPF,Canara Bank,KOTAK0161288,FAMILY,2025-02-26,FALSE,TRUE,NONE,3,AVAILABLE
BEN-UB9OJ1,ACC-5FAALFS,Nathaniel Memon,ACC-GL64TPK,HDFC Bank,UTIB0277050,FAMILY,2025-05-15,FALSE,TRUE,NONE,1,AVAILABLE
BEN-0JLOZ5,ACC-5FAALFS,ZOMATO,EXT-C38HYF9,Punjab National Bank,PUNB0407419,MERCHANT,2025-05-16,FALSE,TRUE,NONE,1,AVAILABLE
BEN-JYV11T,ACC-5FAALFS,AMAZON PAY,EXT-OGYR3XK,IndusInd Bank,INDB0488162,MERCHANT,2025-10-07,FALSE,TRUE,NONE,1,AVAILABLE
BEN-XC5I70,ACC-5FVDDWJ,AMAZON PAY,EXT-OGYR3XK,IndusInd Bank,INDB0488162,MERCHANT,2024-07-10,FALSE,TRUE,NONE,1,AVAILABLE
BEN-9QPN61,ACC-5FVDDWJ,IRCTC,EXT-HJK1EYY,HDFC Bank,HDFC0724834,MERCHANT,2024-08-20,FALSE,TRUE,NONE,1,AVAILABLE
BEN-X7JDRQ,ACC-5FVDDWJ,BOOKMYSHOW,EXT-1ZXOI65,Yes Bank,YESB0195325,MERCHANT,2024-12-07,FALSE,TRUE,NONE,1,AVAILABLE
BEN-151QA9,ACC-5FVDDWJ,ZOMATO,EXT-C38HYF9,Punjab National Bank,PUNB0407419,MERCHANT,2025-02-03,FALSE,TRUE,NONE,1,AVAILABLE
BEN-UZ8KHG,ACC-5FVDDWJ,BIGBASKET,EXT-NREK8PK,Punjab National Bank,PUNB0584714,MERCHANT,2025-05-09,FALSE,TRUE,NONE,2,AVAILABLE
BEN-WCOM91,ACC-5FVDDWJ,TATA POWER BILLING,EXT-B9M80O2,Union Bank of India,UBIN0717889,MERCHANT,2025-06-24,FALSE,TRUE,NONE,1,AVAILABLE
BEN-7PGXIK,ACC-5I78U5T,JIO RECHARGE,EXT-ZRENUN5,Punjab National Bank,PUNB0514850,MERCHANT,2024-05-26,FALSE,TRUE,NONE,1,AVAILABLE
BEN-32UEZE,ACC-5I78U5T,DMART ONLINE,EXT-VHS1K3A,IndusInd Bank,INDB0857168,MERCHANT,2024-07-09,FALSE,TRUE,NONE,1,AVAILABLE
BEN-G3MKRX,ACC-5I78U5T,BIGBASKET,EXT-NREK8PK,Punjab National Bank,PUNB0584714,MERCHANT,2024-08-29,FALSE,TRUE,NONE,1,AVAILABLE
BEN-F1Z6Q4,ACC-5I78U5T,AMAZON PAY,EXT-OGYR3XK,IndusInd Bank,INDB0488162,MERCHANT,2025-01-06,FALSE,TRUE,NONE,2,AVAILABLE
BEN-5CUWYU,ACC-5I78U5T,Xiti Kunda,ACC-6EUC1G7,State Bank of India,ICIC0931000,FAMILY,2025-03-28,FALSE,TRUE,NONE,3,AVAILABLE
BEN-ECBDH9,ACC-5I78U5T,IRCTC,EXT-HJK1EYY,HDFC Bank,HDFC0724834,MERCHANT,2025-04-11,FALSE,TRUE,NONE,1,AVAILABLE
BEN-WHWZ6Z,ACC-5I78U5T,TATA POWER BILLING,EXT-B9M80O2,Union Bank of India,UBIN0717889,MERCHANT,2025-04-20,FALSE,TRUE,NONE,2,AVAILABLE
BEN-ODH9BA,ACC-5I78U5T,SWIGGY,EXT-AK1VRJN,Kotak Mahindra Bank,KOTAK0900581,MERCHANT,2025-06-26,FALSE,TRUE,NONE,1,AVAILABLE
BEN-UUK91K,ACC-5I78U5T,Devansh Lal,ACC-5FVDDWJ,State Bank of India,ICIC0394083,FRIEND,2025-07-18,FALSE,TRUE,NONE,3,AVAILABLE
BEN-F3Q6NG,ACC-5JN7BS0,Arin Parikh,ACC-7SFQM9R,Punjab National Bank,UTIB0949065,FRIEND,2024-05-07,FALSE,TRUE,NONE,3,AVAILABLE
BEN-O5IF8K,ACC-5JN7BS0,SWIGGY,EXT-AK1VRJN,Kotak Mahindra Bank,KOTAK0900581,MERCHANT,2024-05-25,FALSE,TRUE,NONE,1,AVAILABLE
BEN-NP0TH3,ACC-5JN7BS0,Simon Nazareth,ACC-SCH53XD,Canara Bank,UTIB0834053,FRIEND,2024-11-14,FALSE,TRUE,NONE,2,AVAILABLE
BEN-J1P3N6,ACC-5JN7BS0,BLINKIT,EXT-3JQIP98,IndusInd Bank,INDB0375504,MERCHANT,2025-01-25,FALSE,TRUE,NONE,3,AVAILABLE
BEN-HDES5O,ACC-5JN7BS0,TATA POWER BILLING,EXT-B9M80O2,Union Bank of India,UBIN0717889,MERCHANT,2025-02-26,FALSE,TRUE,NONE,1,AVAILABLE
BEN-T64N0O,ACC-5JN7BS0,AMAZON PAY,EXT-OGYR3XK,IndusInd Bank,INDB0488162,MERCHANT,2025-03-07,FALSE,TRUE,NONE,1,AVAILABLE
BEN-79OU64,ACC-5JN7BS0,RELIANCE DIGITAL,EXT-Q6L6GT6,Yes Bank,YESB0738551,MERCHANT,2025-06-19,FALSE,TRUE,NONE,1,AVAILABLE
BEN-VB62YM,ACC-5JN7BS0,AIRTEL POSTPAID,EXT-8F1CBFN,IndusInd Bank,INDB0343962,MERCHANT,2025-09-21,FALSE,TRUE,NONE,1,AVAILABLE
BEN-4TZ6GB,ACC-5JN7BS0,Neel Murty,ACC-TR5GOIT,Punjab National Bank,CNRB0978505,FRIEND,2025-10-19,FALSE,TRUE,NONE,2,AVAILABLE
BEN-PO2YI6,ACC-5LSCATG,Christopher Chanda,ACC-21YEFI7,IDFC FIRST Bank,IDFB0426360,FAMILY,2024-05-02,FALSE,TRUE,NONE,1,AVAILABLE
BEN-N4IBKD,ACC-5LSCATG,Ladli Sunder,ACC-12310X5,Yes Bank,KOTAK0551839,FAMILY,2024-08-08,FALSE,TRUE,NONE,3,AVAILABLE
BEN-H9DJRI,ACC-5LSCATG,DMART ONLINE,EXT-VHS1K3A,IndusInd Bank,INDB0857168,MERCHANT,2024-09-29,FALSE,TRUE,NONE,1,AVAILABLE
BEN-0WGCJA,ACC-5LSCATG,AIRTEL POSTPAID,EXT-8F1CBFN,IndusInd Bank,INDB0343962,MERCHANT,2024-10-12,FALSE,TRUE,NONE,1,AVAILABLE
BEN-I3NBJR,ACC-5LSCATG,BOOKMYSHOW,EXT-1ZXOI65,Yes Bank,YESB0195325,MERCHANT,2025-06-24,FALSE,TRUE,NONE,2,AVAILABLE
BEN-LV6ED4,ACC-5LSCATG,BIGBASKET,EXT-NREK8PK,Punjab National Bank,PUNB0584714,MERCHANT,2025-08-03,FALSE,TRUE,NONE,1,AVAILABLE
BEN-1NC8JM,ACC-5LSCATG,IRCTC,EXT-HJK1EYY,HDFC Bank,HDFC0724834,MERCHANT,2025-08-25,FALSE,TRUE,NONE,1,AVAILABLE
BEN-9NK80B,ACC-5R5L6RZ,BIGBASKET,EXT-NREK8PK,Punjab National Bank,PUNB0584714,MERCHANT,2024-03-24,FALSE,TRUE,NONE,1,AVAILABLE
BEN-BO1SC7,ACC-5R5L6RZ,Rajata Morar,ACC-9EC6G61,ICICI Bank,IDFB0415405,FAMILY,2024-08-01,FALSE,TRUE,NONE,2,AVAILABLE
BEN-0WDHKV,ACC-5R5L6RZ,DMART ONLINE,EXT-VHS1K3A,IndusInd Bank,INDB0857168,MERCHANT,2024-08-03,FALSE,TRUE,NONE,1,AVAILABLE
BEN-CE03ND,ACC-5R5L6RZ,SWIGGY,EXT-AK1VRJN,Kotak Mahindra Bank,KOTAK0900581,MERCHANT,2024-10-22,FALSE,TRUE,NONE,2,AVAILABLE
BEN-RPLWJ4,ACC-5R5L6RZ,Lakshit More,ACC-DY1MSMZ,Union Bank of India,ICIC0287936,FRIEND,2025-02-23,FALSE,TRUE,NONE,4,AVAILABLE
BEN-1HB3N7,ACC-5R5L6RZ,Janaki Babu,ACC-D7CEDA0,ICICI Bank,HDFC0965457,FRIEND,2025-04-13,FALSE,TRUE,NONE,1,AVAILABLE
BEN-Y6NS7D,ACC-5R5L6RZ,ZOMATO,EXT-C38HYF9,Punjab National Bank,PUNB0407419,MERCHANT,2025-04-28,FALSE,TRUE,NONE,1,AVAILABLE
BEN-DR7TXA,ACC-5R5L6RZ,AMAZON PAY,EXT-OGYR3XK,IndusInd Bank,INDB0488162,MERCHANT,2025-08-07,FALSE,TRUE,NONE,1,AVAILABLE
BEN-PC6RMS,ACC-5R5L6RZ,JIO RECHARGE,EXT-ZRENUN5,Punjab National Bank,PUNB0514850,MERCHANT,2025-08-17,FALSE,TRUE,NONE,2,AVAILABLE
BEN-EVZ5YA,ACC-5ZTKB9Z,RAPIDO,EXT-7Q9AH8R,Canara Bank,CNRB0905934,MERCHANT,2024-06-04,FALSE,TRUE,NONE,1,AVAILABLE
BEN-4T60CC,ACC-5ZTKB9Z,INDIAN OIL,EXT-R9OUDOC,Bank of Baroda,BARB0944151,MERCHANT,2024-06-06,FALSE,TRUE,NONE,1,AVAILABLE
BEN-W5SNCQ,ACC-5ZTKB9Z,George Sanghvi,ACC-6O9YZPF,Kotak Mahindra Bank,BARB0214738,FRIEND,2024-07-05,FALSE,TRUE,NONE,5,AVAILABLE
BEN-X1QVR5,ACC-5ZTKB9Z,Warda Chanda,EXT-AD7Y9SQ,HDFC Bank,YESB0530071,UNKNOWN,2024-08-03,FALSE,TRUE,NONE,1,AVAILABLE
BEN-0DJA6V,ACC-5ZTKB9Z,IRCTC,EXT-HJK1EYY,HDFC Bank,HDFC0724834,MERCHANT,2024-10-08,FALSE,TRUE,NONE,1,AVAILABLE
BEN-LZ3847,ACC-5ZTKB9Z,MEDPLUS,EXT-JXK87AU,Axis Bank,UTIB0612340,MERCHANT,2024-10-29,FALSE,TRUE,NONE,2,AVAILABLE
BEN-TXIVO9,ACC-5ZTKB9Z,BIGBASKET,EXT-NREK8PK,Punjab National Bank,PUNB0584714,MERCHANT,2025-04-04,FALSE,TRUE,NONE,2,AVAILABLE
BEN-IW2SX1,ACC-5ZTKB9Z,Reyansh Modi,ACC-CEQUA7O,ICICI Bank,HDFC0109247,FRIEND,2025-04-12,FALSE,TRUE,NONE,2,AVAILABLE
BEN-LEWZX0,ACC-5ZTKB9Z,BOOKMYSHOW,EXT-1ZXOI65,Yes Bank,YESB0195325,MERCHANT,2025-10-27,FALSE,TRUE,NONE,2,AVAILABLE
BEN-H7FEXO,ACC-66NW7Y6,Xiti Tata,EXT-H3JPEE3,Bank of Baroda,UBIN0854609,UNKNOWN,2024-04-26,FALSE,TRUE,NONE,1,AVAILABLE
BEN-Z2D8ZN,ACC-66NW7Y6,Naveen Char,ACC-FZGLI4U,Punjab National Bank,CNRB0974831,FAMILY,2024-05-18,FALSE,TRUE,NONE,3,AVAILABLE
BEN-SEE355,ACC-66NW7Y6,Charles Dugar,ACC-MTU16BT,IDFC FIRST Bank,KOTAK0141214,FRIEND,2024-07-30,FALSE,TRUE,NONE,1,AVAILABLE
BEN-45GDKJ,ACC-66NW7Y6,BOOKMYSHOW,EXT-1ZXOI65,Yes Bank,YESB0195325,MERCHANT,2024-08-08,FALSE,TRUE,NONE,1,AVAILABLE
BEN-5JL2MJ,ACC-66NW7Y6,MEDPLUS,EXT-JXK87AU,Axis Bank,UTIB0612340,MERCHANT,2024-09-25,FALSE,TRUE,NONE,1,AVAILABLE
BEN-T76UTB,ACC-66NW7Y6,TATA POWER BILLING,EXT-B9M80O2,Union Bank of India,UBIN0717889,MERCHANT,2024-12-19,FALSE,TRUE,NONE,1,AVAILABLE
BEN-O1USJF,ACC-66NW7Y6,Gauri Chana,ACC-KEARJ2W,Punjab National Bank,HDFC0666497,FAMILY,2025-01-26,FALSE,TRUE,NONE,1,AVAILABLE
BEN-VWR8QY,ACC-66NW7Y6,INDIAN OIL,EXT-R9OUDOC,Bank of Baroda,BARB0944151,MERCHANT,2025-03-09,FALSE,TRUE,NONE,1,AVAILABLE
BEN-3K6RMY,ACC-66NW7Y6,RELIANCE DIGITAL,EXT-Q6L6GT6,Yes Bank,YESB0738551,MERCHANT,2025-03-21,FALSE,TRUE,NONE,1,AVAILABLE
BEN-6CRA5R,ACC-66NW7Y6,JIO RECHARGE,EXT-ZRENUN5,Punjab National Bank,PUNB0514850,MERCHANT,2025-08-17,FALSE,TRUE,NONE,1,AVAILABLE
BEN-9MTRSO,ACC-66NW7Y6,DMART ONLINE,EXT-VHS1K3A,IndusInd Bank,INDB0857168,MERCHANT,2025-08-19,FALSE,TRUE,NONE,1,AVAILABLE
BEN-RGI91B,ACC-69BY4CY,RAPIDO,EXT-7Q9AH8R,Canara Bank,CNRB0905934,MERCHANT,2024-07-18,FALSE,TRUE,NONE,1,AVAILABLE
BEN-BY6U1Q,ACC-69BY4CY,Lopa Borah,EXT-P1A209K,Axis Bank,CNRB0397329,UNKNOWN,2024-08-17,FALSE,TRUE,NONE,1,AVAILABLE
BEN-UWA7HT,ACC-69BY4CY,TATA POWER BILLING,EXT-B9M80O2,Union Bank of India,UBIN0717889,MERCHANT,2024-10-10,FALSE,TRUE,NONE,1,AVAILABLE
BEN-5H9NJN,ACC-69BY4CY,BOOKMYSHOW,EXT-1ZXOI65,Yes Bank,YESB0195325,MERCHANT,2024-10-14,FALSE,TRUE,NONE,1,AVAILABLE
BEN-Y9OQUH,ACC-69BY4CY,BLINKIT,EXT-3JQIP98,IndusInd Bank,INDB0375504,MERCHANT,2024-11-28,FALSE,TRUE,NONE,1,AVAILABLE
BEN-I6E5J4,ACC-69BY4CY,Oliver Menon,ACC-0IQSVUH,Canara Bank,YESB0940016,FAMILY,2025-05-14,FALSE,TRUE,NONE,2,AVAILABLE
BEN-GIW8T5,ACC-69BY4CY,SWIGGY,EXT-AK1VRJN,Kotak Mahindra Bank,KOTAK0900581,MERCHANT,2025-06-08,FALSE,TRUE,NONE,1,AVAILABLE
BEN-H5ICB3,ACC-69BY4CY,Zayyan Bandi,ACC-G8WJAI7,Bank of Baroda,IDFB0392051,FRIEND,2025-07-26,FALSE,TRUE,NONE,1,AVAILABLE
BEN-H07RV9,ACC-69BY4CY,JIO RECHARGE,EXT-ZRENUN5,Punjab National Bank,PUNB0514850,MERCHANT,2025-08-03,FALSE,TRUE,NONE,1,AVAILABLE
BEN-YTV3RE,ACC-6BQKDJU,AIRTEL POSTPAID,EXT-8F1CBFN,IndusInd Bank,INDB0343962,MERCHANT,2024-05-31,FALSE,TRUE,NONE,2,AVAILABLE
BEN-3B8W8L,ACC-6BQKDJU,BLINKIT,EXT-3JQIP98,IndusInd Bank,INDB0375504,MERCHANT,2024-07-02,FALSE,TRUE,NONE,1,AVAILABLE
BEN-Y7PPAL,ACC-6BQKDJU,RELIANCE DIGITAL,EXT-Q6L6GT6,Yes Bank,YESB0738551,MERCHANT,2024-08-01,FALSE,TRUE,NONE,1,AVAILABLE
BEN-0FEFPN,ACC-6BQKDJU,SWIGGY,EXT-AK1VRJN,Kotak Mahindra Bank,KOTAK0900581,MERCHANT,2024-12-10,FALSE,TRUE,NONE,1,AVAILABLE
BEN-WE14GS,ACC-6BQKDJU,IRCTC,EXT-HJK1EYY,HDFC Bank,HDFC0724834,MERCHANT,2025-01-04,FALSE,TRUE,NONE,1,AVAILABLE
BEN-R6Y4L6,ACC-6BQKDJU,JIO RECHARGE,EXT-ZRENUN5,Punjab National Bank,PUNB0514850,MERCHANT,2025-01-16,FALSE,TRUE,NONE,1,AVAILABLE
BEN-O2L90J,ACC-6EK26Y9,Ishani Subramanian,ACC-QF5WXW7,HDFC Bank,ICIC0949519,FAMILY,2024-03-17,FALSE,TRUE,NONE,1,AVAILABLE
BEN-9AFCFF,ACC-6EK26Y9,INDIAN OIL,EXT-R9OUDOC,Bank of Baroda,BARB0944151,MERCHANT,2024-04-06,FALSE,TRUE,NONE,1,AVAILABLE
BEN-5P26V4,ACC-6EK26Y9,JIO RECHARGE,EXT-ZRENUN5,Punjab National Bank,PUNB0514850,MERCHANT,2025-03-07,FALSE,TRUE,NONE,1,AVAILABLE
BEN-HCJHU9,ACC-6EK26Y9,BIGBASKET,EXT-NREK8PK,Punjab National Bank,PUNB0584714,MERCHANT,2025-04-04,FALSE,TRUE,NONE,1,AVAILABLE
BEN-D2HVPE,ACC-6EK26Y9,RELIANCE DIGITAL,EXT-Q6L6GT6,Yes Bank,YESB0738551,MERCHANT,2025-04-09,FALSE,TRUE,NONE,2,AVAILABLE
BEN-A78GZD,ACC-6EK26Y9,SWIGGY,EXT-AK1VRJN,Kotak Mahindra Bank,KOTAK0900581,MERCHANT,2025-05-20,FALSE,TRUE,NONE,1,AVAILABLE
BEN-NUF3NT,ACC-6EK26Y9,Bina Grover,EXT-L7RAKFV,Axis Bank,SBIN0938152,UNKNOWN,2025-06-14,FALSE,TRUE,NONE,1,AVAILABLE
BEN-EDLLO4,ACC-6EK26Y9,MEDPLUS,EXT-JXK87AU,Axis Bank,UTIB0612340,MERCHANT,2025-06-22,FALSE,TRUE,NONE,1,AVAILABLE
BEN-WIJN6N,ACC-6EK26Y9,BOOKMYSHOW,EXT-1ZXOI65,Yes Bank,YESB0195325,MERCHANT,2025-08-15,FALSE,TRUE,NONE,2,AVAILABLE
BEN-L916M6,ACC-6EUC1G7,SWIGGY,EXT-AK1VRJN,Kotak Mahindra Bank,KOTAK0900581,MERCHANT,2024-04-01,FALSE,TRUE,NONE,1,AVAILABLE
BEN-2CMCK4,ACC-6EUC1G7,BOOKMYSHOW,EXT-1ZXOI65,Yes Bank,YESB0195325,MERCHANT,2024-09-06,FALSE,TRUE,NONE,1,AVAILABLE
BEN-F5PGLF,ACC-6EUC1G7,TATA POWER BILLING,EXT-B9M80O2,Union Bank of India,UBIN0717889,MERCHANT,2024-09-15,FALSE,TRUE,NONE,1,AVAILABLE
BEN-5QN4RO,ACC-6EUC1G7,MEDPLUS,EXT-JXK87AU,Axis Bank,UTIB0612340,MERCHANT,2025-01-16,FALSE,TRUE,NONE,1,AVAILABLE
BEN-S0M7X9,ACC-6EUC1G7,AMAZON PAY,EXT-OGYR3XK,IndusInd Bank,INDB0488162,MERCHANT,2025-03-17,FALSE,TRUE,NONE,1,AVAILABLE
BEN-PPR1JN,ACC-6EUC1G7,RELIANCE DIGITAL,EXT-Q6L6GT6,Yes Bank,YESB0738551,MERCHANT,2025-07-26,FALSE,TRUE,NONE,2,AVAILABLE
BEN-GMMZ6U,ACC-6GN8W9U,Lavanya Deep,ACC-CEQUA7O,Union Bank of India,SBIN0116911,FAMILY,2024-03-15,FALSE,TRUE,NONE,2,AVAILABLE
BEN-SKSE6V,ACC-6GN8W9U,IRCTC,EXT-HJK1EYY,HDFC Bank,HDFC0724834,MERCHANT,2024-03-25,FALSE,TRUE,NONE,1,AVAILABLE
BEN-0I0E6I,ACC-6GN8W9U,SWIGGY,EXT-AK1VRJN,Kotak Mahindra Bank,KOTAK0900581,MERCHANT,2024-04-13,FALSE,TRUE,NONE,1,AVAILABLE
BEN-PLTB2O,ACC-6GN8W9U,BLINKIT,EXT-3JQIP98,IndusInd Bank,INDB0375504,MERCHANT,2024-06-14,FALSE,TRUE,NONE,1,AVAILABLE
BEN-SMC7U0,ACC-6GN8W9U,DMART ONLINE,EXT-VHS1K3A,IndusInd Bank,INDB0857168,MERCHANT,2024-08-10,FALSE,TRUE,NONE,1,AVAILABLE
BEN-UYFAO2,ACC-6GN8W9U,Robert Jani,ACC-6EUC1G7,IDFC FIRST Bank,BARB0712933,FRIEND,2024-09-28,FALSE,TRUE,NONE,1,AVAILABLE
BEN-HX77UI,ACC-6GN8W9U,Ekantika Dara,ACC-M8YXU1P,Kotak Mahindra Bank,YESB0716289,FRIEND,2024-12-10,FALSE,TRUE,NONE,3,AVAILABLE
BEN-IBC695,ACC-6GN8W9U,AMAZON PAY,EXT-OGYR3XK,IndusInd Bank,INDB0488162,MERCHANT,2025-01-01,FALSE,TRUE,NONE,1,AVAILABLE
BEN-IS7S03,ACC-6GN8W9U,BIGBASKET,EXT-NREK8PK,Punjab National Bank,PUNB0584714,MERCHANT,2025-06-24,FALSE,TRUE,NONE,1,AVAILABLE
BEN-3H1RM8,ACC-6GN8W9U,INDIAN OIL,EXT-R9OUDOC,Bank of Baroda,BARB0944151,MERCHANT,2025-07-23,FALSE,TRUE,NONE,1,AVAILABLE
BEN-361JOC,ACC-6GN8W9U,TATA POWER BILLING,EXT-B9M80O2,Union Bank of India,UBIN0717889,MERCHANT,2025-08-22,FALSE,TRUE,NONE,1,AVAILABLE
BEN-I7XQYX,ACC-6HHR8X8,JIO RECHARGE,EXT-ZRENUN5,Punjab National Bank,PUNB0514850,MERCHANT,2024-05-26,FALSE,TRUE,NONE,1,AVAILABLE
BEN-TU8MAA,ACC-6HHR8X8,BOOKMYSHOW,EXT-1ZXOI65,Yes Bank,YESB0195325,MERCHANT,2024-05-28,FALSE,TRUE,NONE,1,AVAILABLE
BEN-JA3U6K,ACC-6HHR8X8,Ekaraj Chanda,ACC-FV4B1K1,Union Bank of India,KOTAK0256831,FRIEND,2025-02-23,FALSE,TRUE,NONE,1,AVAILABLE
BEN-53OYK2,ACC-6HHR8X8,RELIANCE DIGITAL,EXT-Q6L6GT6,Yes Bank,YESB0738551,MERCHANT,2025-07-17,FALSE,TRUE,NONE,1,AVAILABLE
BEN-L5H227,ACC-6HHR8X8,IRCTC,EXT-HJK1EYY,HDFC Bank,HDFC0724834,MERCHANT,2025-09-09,FALSE,TRUE,NONE,1,AVAILABLE
BEN-7QMUUX,ACC-6HHR8X8,AMAZON PAY,EXT-OGYR3XK,IndusInd Bank,INDB0488162,MERCHANT,2025-10-01,FALSE,TRUE,NONE,1,AVAILABLE
BEN-P9WDJR,ACC-6HHR8X8,BLINKIT,EXT-3JQIP98,IndusInd Bank,INDB0375504,MERCHANT,2025-10-30,FALSE,TRUE,NONE,3,AVAILABLE
BEN-NNDIY2,ACC-6I5A7D9,MEDPLUS,EXT-JXK87AU,Axis Bank,UTIB0612340,MERCHANT,2024-03-28,FALSE,TRUE,NONE,1,AVAILABLE
BEN-25C35P,ACC-6I5A7D9,INDIAN OIL,EXT-R9OUDOC,Bank of Baroda,BARB0944151,MERCHANT,2024-11-11,FALSE,TRUE,NONE,1,AVAILABLE
BEN-HWY6QY,ACC-6I5A7D9,BIGBASKET,EXT-NREK8PK,Punjab National Bank,PUNB0584714,MERCHANT,2024-11-19,FALSE,TRUE,NONE,3,AVAILABLE
BEN-W6MEPA,ACC-6I5A7D9,SWIGGY,EXT-AK1VRJN,Kotak Mahindra Bank,KOTAK0900581,MERCHANT,2025-01-26,FALSE,TRUE,NONE,3,AVAILABLE
BEN-MMT6QP,ACC-6I5A7D9,JIO RECHARGE,EXT-ZRENUN5,Punjab National Bank,PUNB0514850,MERCHANT,2025-04-28,FALSE,TRUE,NONE,1,AVAILABLE
BEN-3NA5G4,ACC-6K088ZF,BOOKMYSHOW,EXT-1ZXOI65,Yes Bank,YESB0195325,MERCHANT,2024-03-18,FALSE,TRUE,NONE,2,AVAILABLE
BEN-EE352N,ACC-6K088ZF,IRCTC,EXT-HJK1EYY,HDFC Bank,HDFC0724834,MERCHANT,2024-03-19,FALSE,TRUE,NONE,1,AVAILABLE
BEN-U44RKW,ACC-6K088ZF,Dayamai Murty,ACC-0H8WN2T,Canara Bank,IDFB0605918,FRIEND,2024-04-15,FALSE,TRUE,NONE,2,AVAILABLE
BEN-HY7UPQ,ACC-6K088ZF,BLINKIT,EXT-3JQIP98,IndusInd Bank,INDB0375504,MERCHANT,2024-07-12,FALSE,TRUE,NONE,1,AVAILABLE
BEN-FBWE2C,ACC-6K088ZF,TATA POWER BILLING,EXT-B9M80O2,Union Bank of India,UBIN0717889,MERCHANT,2024-09-07,FALSE,TRUE,NONE,1,AVAILABLE
BEN-5BIR3N,ACC-6K088ZF,MEDPLUS,EXT-JXK87AU,Axis Bank,UTIB0612340,MERCHANT,2024-09-21,FALSE,TRUE,NONE,2,AVAILABLE
BEN-3XODE6,ACC-6K088ZF,Manya Sawhney,ACC-43VVT0V,IndusInd Bank,HDFC0151217,FRIEND,2024-10-23,FALSE,TRUE,NONE,1,AVAILABLE
BEN-3EOQ6H,ACC-6K088ZF,RAPIDO,EXT-7Q9AH8R,Canara Bank,CNRB0905934,MERCHANT,2024-12-10,FALSE,TRUE,NONE,1,AVAILABLE
BEN-3ZLYUZ,ACC-6K088ZF,INDIAN OIL,EXT-R9OUDOC,Bank of Baroda,BARB0944151,MERCHANT,2025-07-30,FALSE,TRUE,NONE,1,AVAILABLE
BEN-R1888A,ACC-6K088ZF,Veer Chacko,EXT-CSBXZP9,IndusInd Bank,KOTAK0497079,UNKNOWN,2025-10-24,FALSE,TRUE,NONE,1,AVAILABLE
BEN-GDRAF0,ACC-6O9YZPF,SWIGGY,EXT-AK1VRJN,Kotak Mahindra Bank,KOTAK0900581,MERCHANT,2024-03-30,FALSE,TRUE,NONE,1,AVAILABLE
BEN-O7XKTS,ACC-6O9YZPF,Radha Bail,ACC-7YVR4NK,Canara Bank,PUNB0901595,FAMILY,2024-04-29,FALSE,TRUE,NONE,1,AVAILABLE
BEN-3TG9HG,ACC-6O9YZPF,MEDPLUS,EXT-JXK87AU,Axis Bank,UTIB0612340,MERCHANT,2024-07-12,FALSE,TRUE,NONE,1,AVAILABLE
BEN-BU2T6L,ACC-6O9YZPF,JIO RECHARGE,EXT-ZRENUN5,Punjab National Bank,PUNB0514850,MERCHANT,2024-10-21,FALSE,TRUE,NONE,1,AVAILABLE
BEN-8KLST8,ACC-6O9YZPF,ZOMATO,EXT-C38HYF9,Punjab National Bank,PUNB0407419,MERCHANT,2024-12-28,FALSE,TRUE,NONE,1,AVAILABLE
BEN-YY1HS2,ACC-6O9YZPF,INDIAN OIL,EXT-R9OUDOC,Bank of Baroda,BARB0944151,MERCHANT,2025-06-19,FALSE,TRUE,NONE,1,AVAILABLE
BEN-ADCE9P,ACC-6O9YZPF,IRCTC,EXT-HJK1EYY,HDFC Bank,HDFC0724834,MERCHANT,2025-09-01,FALSE,TRUE,NONE,1,AVAILABLE
BEN-GR1AX7,ACC-6O9YZPF,DMART ONLINE,EXT-VHS1K3A,IndusInd Bank,INDB0857168,MERCHANT,2025-09-20,FALSE,TRUE,NONE,2,AVAILABLE
BEN-ZYZ5WJ,ACC-6OC7T3B,Ladli Swaminathan,ACC-R9RIGPP,IndusInd Bank,HDFC0579710,FAMILY,2024-03-17,FALSE,TRUE,NONE,3,AVAILABLE
BEN-PA35P1,ACC-6OC7T3B,RELIANCE DIGITAL,EXT-Q6L6GT6,Yes Bank,YESB0738551,MERCHANT,2024-04-19,FALSE,TRUE,NONE,1,AVAILABLE
BEN-X41YYJ,ACC-6OC7T3B,RAPIDO,EXT-7Q9AH8R,Canara Bank,CNRB0905934,MERCHANT,2024-11-18,FALSE,TRUE,NONE,1,AVAILABLE
BEN-927SCT,ACC-6OC7T3B,SWIGGY,EXT-AK1VRJN,Kotak Mahindra Bank,KOTAK0900581,MERCHANT,2025-01-04,FALSE,TRUE,NONE,1,AVAILABLE
BEN-NMWF2K,ACC-6OC7T3B,AMAZON PAY,EXT-OGYR3XK,IndusInd Bank,INDB0488162,MERCHANT,2025-03-15,FALSE,TRUE,NONE,1,AVAILABLE
BEN-YI5AN7,ACC-6OC7T3B,INDIAN OIL,EXT-R9OUDOC,Bank of Baroda,BARB0944151,MERCHANT,2025-04-18,FALSE,TRUE,NONE,1,AVAILABLE
BEN-76T9GN,ACC-6OC7T3B,Rachana Pandit,ACC-K8THBZ5,ICICI Bank,IDFB0820097,FAMILY,2025-06-13,FALSE,TRUE,NONE,1,AVAILABLE
BEN-JYUVH4,ACC-6OC7T3B,BOOKMYSHOW,EXT-1ZXOI65,Yes Bank,YESB0195325,MERCHANT,2025-07-09,FALSE,TRUE,NONE,1,AVAILABLE
BEN-XU8810,ACC-6OC7T3B,DMART ONLINE,EXT-VHS1K3A,IndusInd Bank,INDB0857168,MERCHANT,2025-08-07,FALSE,TRUE,NONE,2,AVAILABLE
BEN-TP5VV7,ACC-6SR17OT,DMART ONLINE,EXT-VHS1K3A,IndusInd Bank,INDB0857168,MERCHANT,2024-10-21,FALSE,TRUE,NONE,3,AVAILABLE
BEN-C9RCGH,ACC-6SR17OT,INDIAN OIL,EXT-R9OUDOC,Bank of Baroda,BARB0944151,MERCHANT,2024-11-05,FALSE,TRUE,NONE,1,AVAILABLE
BEN-2JLAXM,ACC-6SR17OT,ZOMATO,EXT-C38HYF9,Punjab National Bank,PUNB0407419,MERCHANT,2025-03-20,FALSE,TRUE,NONE,1,AVAILABLE
BEN-0OKTUC,ACC-6SR17OT,IRCTC,EXT-HJK1EYY,HDFC Bank,HDFC0724834,MERCHANT,2025-03-20,FALSE,TRUE,NONE,1,AVAILABLE
BEN-ZO9R3H,ACC-6SR17OT,BLINKIT,EXT-3JQIP98,IndusInd Bank,INDB0375504,MERCHANT,2025-06-20,FALSE,TRUE,NONE,1,AVAILABLE
BEN-YYIE6H,ACC-6Y3A5Z1,RELIANCE DIGITAL,EXT-Q6L6GT6,Yes Bank,YESB0738551,MERCHANT,2024-12-02,FALSE,TRUE,NONE,1,AVAILABLE
BEN-O12ZJK,ACC-6Y3A5Z1,BIGBASKET,EXT-NREK8PK,Punjab National Bank,PUNB0584714,MERCHANT,2025-02-24,FALSE,TRUE,NONE,2,AVAILABLE
BEN-OCBBB7,ACC-6Y3A5Z1,Bahadurjit Comar,ACC-FPEA0JL,Punjab National Bank,HDFC0655187,FRIEND,2025-03-01,FALSE,TRUE,NONE,1,AVAILABLE
BEN-34WOWZ,ACC-6Y3A5Z1,BOOKMYSHOW,EXT-1ZXOI65,Yes Bank,YESB0195325,MERCHANT,2025-04-28,FALSE,TRUE,NONE,1,AVAILABLE
BEN-GUV61R,ACC-6Y3A5Z1,ZOMATO,EXT-C38HYF9,Punjab National Bank,PUNB0407419,MERCHANT,2025-07-08,FALSE,TRUE,NONE,1,AVAILABLE
BEN-IFBG06,ACC-6Y3A5Z1,TATA POWER BILLING,EXT-B9M80O2,Union Bank of India,UBIN0717889,MERCHANT,2025-07-23,FALSE,TRUE,NONE,1,AVAILABLE
BEN-T4WAXP,ACC-6Y3A5Z1,MEDPLUS,EXT-JXK87AU,Axis Bank,UTIB0612340,MERCHANT,2025-09-08,FALSE,TRUE,NONE,2,AVAILABLE
BEN-A03H75,ACC-6YHRDU3,RELIANCE DIGITAL,EXT-Q6L6GT6,Yes Bank,YESB0738551,MERCHANT,2024-08-26,FALSE,TRUE,NONE,1,AVAILABLE
BEN-FXA0EU,ACC-6YHRDU3,JIO RECHARGE,EXT-ZRENUN5,Punjab National Bank,PUNB0514850,MERCHANT,2024-09-22,FALSE,TRUE,NONE,2,AVAILABLE
BEN-LTF0U1,ACC-6YHRDU3,ZOMATO,EXT-C38HYF9,Punjab National Bank,PUNB0407419,MERCHANT,2024-12-06,FALSE,TRUE,NONE,1,AVAILABLE
BEN-Q4N8V1,ACC-6YHRDU3,MEDPLUS,EXT-JXK87AU,Axis Bank,UTIB0612340,MERCHANT,2025-04-26,FALSE,TRUE,NONE,3,AVAILABLE
BEN-Z4HB4S,ACC-6YHRDU3,INDIAN OIL,EXT-R9OUDOC,Bank of Baroda,BARB0944151,MERCHANT,2025-11-01,FALSE,TRUE,NONE,2,AVAILABLE
BEN-F2Q4N8,ACC-70SBOVV,ZOMATO,EXT-C38HYF9,Punjab National Bank,PUNB0407419,MERCHANT,2024-08-27,FALSE,TRUE,NONE,1,AVAILABLE
BEN-52DWD5,ACC-70SBOVV,SWIGGY,EXT-AK1VRJN,Kotak Mahindra Bank,KOTAK0900581,MERCHANT,2024-11-24,FALSE,TRUE,NONE,1,AVAILABLE
BEN-VD7URF,ACC-70SBOVV,AMAZON PAY,EXT-OGYR3XK,IndusInd Bank,INDB0488162,MERCHANT,2024-12-20,FALSE,TRUE,NONE,1,AVAILABLE
BEN-PF6SA2,ACC-70SBOVV,IRCTC,EXT-HJK1EYY,HDFC Bank,HDFC0724834,MERCHANT,2025-02-19,FALSE,TRUE,NONE,1,AVAILABLE
BEN-MER1HJ,ACC-70SBOVV,BIGBASKET,EXT-NREK8PK,Punjab National Bank,PUNB0584714,MERCHANT,2025-05-04,FALSE,TRUE,NONE,2,AVAILABLE
BEN-KU0X8L,ACC-70X3FG6,DMART ONLINE,EXT-VHS1K3A,IndusInd Bank,INDB0857168,MERCHANT,2024-06-08,FALSE,TRUE,NONE,1,AVAILABLE
BEN-QR957U,ACC-70X3FG6,AMAZON PAY,EXT-OGYR3XK,IndusInd Bank,INDB0488162,MERCHANT,2024-06-15,FALSE,TRUE,NONE,1,AVAILABLE
BEN-JN073T,ACC-70X3FG6,BIGBASKET,EXT-NREK8PK,Punjab National Bank,PUNB0584714,MERCHANT,2024-08-16,FALSE,TRUE,NONE,2,AVAILABLE
BEN-21TJ1I,ACC-70X3FG6,TATA POWER BILLING,EXT-B9M80O2,Union Bank of India,UBIN0717889,MERCHANT,2025-01-15,FALSE,TRUE,NONE,1,AVAILABLE
BEN-IFHX1B,ACC-70X3FG6,ZOMATO,EXT-C38HYF9,Punjab National Bank,PUNB0407419,MERCHANT,2025-08-11,FALSE,TRUE,NONE,1,AVAILABLE
BEN-BRJ3YU,ACC-70X3FG6,SWIGGY,EXT-AK1VRJN,Kotak Mahindra Bank,KOTAK0900581,MERCHANT,2025-10-14,FALSE,TRUE,NONE,2,AVAILABLE
BEN-4XHA4X,ACC-73J6IUU,Yashica Wable,ACC-FPEA0JL,Bank of Baroda,UTIB0629301,FAMILY,2024-05-23,FALSE,TRUE,NONE,1,AVAILABLE
BEN-8LU385,ACC-73J6IUU,BIGBASKET,EXT-NREK8PK,Punjab National Bank,PUNB0584714,MERCHANT,2024-06-14,FALSE,TRUE,NONE,1,AVAILABLE
BEN-1FSLV7,ACC-73J6IUU,DMART ONLINE,EXT-VHS1K3A,IndusInd Bank,INDB0857168,MERCHANT,2024-09-15,FALSE,TRUE,NONE,1,AVAILABLE
BEN-K5YPYY,ACC-73J6IUU,TATA POWER BILLING,EXT-B9M80O2,Union Bank of India,UBIN0717889,MERCHANT,2024-10-28,FALSE,TRUE,NONE,1,AVAILABLE
BEN-PJ3GXM,ACC-73J6IUU,IRCTC,EXT-HJK1EYY,HDFC Bank,HDFC0724834,MERCHANT,2025-01-16,FALSE,TRUE,NONE,3,AVAILABLE
BEN-ULF622,ACC-73J6IUU,INDIAN OIL,EXT-R9OUDOC,Bank of Baroda,BARB0944151,MERCHANT,2025-06-09,FALSE,TRUE,NONE,1,AVAILABLE
BEN-30ORRX,ACC-73J6IUU,Ishanvi Andra,ACC-R37F7FP,Yes Bank,HDFC0371797,FAMILY,2025-06-10,FALSE,TRUE,NONE,3,AVAILABLE
BEN-U81LTU,ACC-772URMS,IRCTC,EXT-HJK1EYY,HDFC Bank,HDFC0724834,MERCHANT,2024-03-18,FALSE,TRUE,NONE,2,AVAILABLE
BEN-OGU0N4,ACC-772URMS,INDIAN OIL,EXT-R9OUDOC,Bank of Baroda,BARB0944151,MERCHANT,2024-03-25,FALSE,TRUE,NONE,1,AVAILABLE
BEN-0UJAZ1,ACC-772URMS,Adya Sule (Landlord),EXT-R68GCAD,State Bank of India,YESB0581724,UNKNOWN,2024-05-09,FALSE,TRUE,NONE,4,AVAILABLE
BEN-47NFCO,ACC-772URMS,JIO RECHARGE,EXT-ZRENUN5,Punjab National Bank,PUNB0514850,MERCHANT,2024-05-28,FALSE,TRUE,NONE,1,AVAILABLE
BEN-Y8E4RN,ACC-772URMS,MEDPLUS,EXT-JXK87AU,Axis Bank,UTIB0612340,MERCHANT,2024-07-16,FALSE,TRUE,NONE,1,AVAILABLE
BEN-RQH4UV,ACC-772URMS,DMART ONLINE,EXT-VHS1K3A,IndusInd Bank,INDB0857168,MERCHANT,2024-11-20,FALSE,TRUE,NONE,1,AVAILABLE
BEN-8NZL8J,ACC-79O2XZ3,BLINKIT,EXT-3JQIP98,IndusInd Bank,INDB0375504,MERCHANT,2024-10-13,FALSE,TRUE,NONE,1,AVAILABLE
BEN-T0B16F,ACC-79O2XZ3,INDIAN OIL,EXT-R9OUDOC,Bank of Baroda,BARB0944151,MERCHANT,2024-12-25,FALSE,TRUE,NONE,1,AVAILABLE
BEN-XBBJT2,ACC-79O2XZ3,BOOKMYSHOW,EXT-1ZXOI65,Yes Bank,YESB0195325,MERCHANT,2025-06-15,FALSE,TRUE,NONE,1,AVAILABLE
BEN-KJA91R,ACC-79O2XZ3,TATA POWER BILLING,EXT-B9M80O2,Union Bank of India,UBIN0717889,MERCHANT,2025-06-25,FALSE,TRUE,NONE,2,AVAILABLE
BEN-R8G0RE,ACC-79O2XZ3,AIRTEL POSTPAID,EXT-8F1CBFN,IndusInd Bank,INDB0343962,MERCHANT,2025-08-24,FALSE,TRUE,NONE,2,AVAILABLE
BEN-S6DJMJ,ACC-7F16XBX,AIRTEL POSTPAID,EXT-8F1CBFN,IndusInd Bank,INDB0343962,MERCHANT,2024-08-21,FALSE,TRUE,NONE,1,AVAILABLE
BEN-2FJRD9,ACC-7F16XBX,DMART ONLINE,EXT-VHS1K3A,IndusInd Bank,INDB0857168,MERCHANT,2024-08-24,FALSE,TRUE,NONE,1,AVAILABLE
BEN-JN9KLP,ACC-7F16XBX,BLINKIT,EXT-3JQIP98,IndusInd Bank,INDB0375504,MERCHANT,2025-05-29,FALSE,TRUE,NONE,1,AVAILABLE
BEN-ON5WMO,ACC-7F16XBX,BOOKMYSHOW,EXT-1ZXOI65,Yes Bank,YESB0195325,MERCHANT,2025-07-15,FALSE,TRUE,NONE,1,AVAILABLE
BEN-DV9SSW,ACC-7F16XBX,AMAZON PAY,EXT-OGYR3XK,IndusInd Bank,INDB0488162,MERCHANT,2025-09-30,FALSE,TRUE,NONE,2,AVAILABLE
BEN-7XKG24,ACC-7F16XBX,IRCTC,EXT-HJK1EYY,HDFC Bank,HDFC0724834,MERCHANT,2025-10-26,FALSE,TRUE,NONE,1,AVAILABLE
BEN-13XE22,ACC-7F16XBX,SUNRISE HOSPITAL,EXT-0X6AHPL,Bank of Baroda,KOTAK0334465,UNKNOWN,2026-06-01,FALSE,TRUE,LOW,1,AVAILABLE
BEN-UU0UE3,ACC-7SFQM9R,TATA POWER BILLING,EXT-B9M80O2,Union Bank of India,UBIN0717889,MERCHANT,2024-08-11,FALSE,TRUE,NONE,1,AVAILABLE
BEN-2HR4L2,ACC-7SFQM9R,Hemangini Gopal,ACC-WHV3F3F,HDFC Bank,IDFB0222646,FAMILY,2025-01-04,FALSE,TRUE,NONE,2,AVAILABLE
BEN-E81U5I,ACC-7SFQM9R,IRCTC,EXT-HJK1EYY,HDFC Bank,HDFC0724834,MERCHANT,2025-02-11,FALSE,TRUE,NONE,1,AVAILABLE
BEN-SMW9YI,ACC-7SFQM9R,AMAZON PAY,EXT-OGYR3XK,IndusInd Bank,INDB0488162,MERCHANT,2025-03-18,FALSE,TRUE,NONE,1,AVAILABLE
BEN-49P7GT,ACC-7SFQM9R,BIGBASKET,EXT-NREK8PK,Punjab National Bank,PUNB0584714,MERCHANT,2025-04-04,FALSE,TRUE,NONE,1,AVAILABLE
BEN-6V4MHI,ACC-7SFQM9R,RAPIDO,EXT-7Q9AH8R,Canara Bank,CNRB0905934,MERCHANT,2025-04-21,FALSE,TRUE,NONE,1,AVAILABLE
BEN-PSRY3C,ACC-7SFQM9R,ZOMATO,EXT-C38HYF9,Punjab National Bank,PUNB0407419,MERCHANT,2025-09-11,FALSE,TRUE,NONE,2,AVAILABLE
BEN-SYE589,ACC-7YJPCHM,Warda Char,ACC-D7CEDA0,State Bank of India,INDB0669713,FRIEND,2024-04-04,FALSE,TRUE,NONE,2,AVAILABLE
BEN-VFL74N,ACC-7YJPCHM,AIRTEL POSTPAID,EXT-8F1CBFN,IndusInd Bank,INDB0343962,MERCHANT,2024-06-01,FALSE,TRUE,NONE,1,AVAILABLE
BEN-49PFEH,ACC-7YJPCHM,Rajata Nagarajan,ACC-95IUZ6Y,State Bank of India,INDB0349010,FRIEND,2024-09-10,FALSE,TRUE,NONE,1,AVAILABLE
BEN-6LWRDL,ACC-7YJPCHM,BIGBASKET,EXT-NREK8PK,Punjab National Bank,PUNB0584714,MERCHANT,2024-11-29,FALSE,TRUE,NONE,2,AVAILABLE
BEN-FVU2Z0,ACC-7YJPCHM,Harinakshi Zachariah,ACC-C4XYJLC,Kotak Mahindra Bank,BARB0639636,FRIEND,2024-12-09,FALSE,TRUE,NONE,1,AVAILABLE
BEN-E1UDX2,ACC-7YJPCHM,DMART ONLINE,EXT-VHS1K3A,IndusInd Bank,INDB0857168,MERCHANT,2025-01-08,FALSE,TRUE,NONE,1,AVAILABLE
BEN-W17LO2,ACC-7YJPCHM,ZOMATO,EXT-C38HYF9,Punjab National Bank,PUNB0407419,MERCHANT,2025-04-14,FALSE,TRUE,NONE,1,AVAILABLE
BEN-1W6VF5,ACC-7YJPCHM,BOOKMYSHOW,EXT-1ZXOI65,Yes Bank,YESB0195325,MERCHANT,2025-06-02,FALSE,TRUE,NONE,1,AVAILABLE
BEN-610EJH,ACC-7YJPCHM,AMAZON PAY,EXT-OGYR3XK,IndusInd Bank,INDB0488162,MERCHANT,2025-06-04,FALSE,TRUE,NONE,1,AVAILABLE
BEN-XOY2O2,ACC-7YVR4NK,INDIAN OIL,EXT-R9OUDOC,Bank of Baroda,BARB0944151,MERCHANT,2024-04-27,FALSE,TRUE,NONE,1,AVAILABLE
BEN-P5TI2E,ACC-7YVR4NK,Hredhaan Sahota,ACC-9ET83Z0,Axis Bank,HDFC0793514,FRIEND,2024-07-30,FALSE,TRUE,NONE,1,AVAILABLE
BEN-E1R3C1,ACC-7YVR4NK,RELIANCE DIGITAL,EXT-Q6L6GT6,Yes Bank,YESB0738551,MERCHANT,2024-08-29,FALSE,TRUE,NONE,1,AVAILABLE
BEN-92ULKB,ACC-7YVR4NK,JIO RECHARGE,EXT-ZRENUN5,Punjab National Bank,PUNB0514850,MERCHANT,2024-10-26,FALSE,TRUE,NONE,2,AVAILABLE
BEN-PJ986W,ACC-7YVR4NK,DMART ONLINE,EXT-VHS1K3A,IndusInd Bank,INDB0857168,MERCHANT,2024-11-24,FALSE,TRUE,NONE,1,AVAILABLE
BEN-L4ZVD8,ACC-7YVR4NK,Frado Sampath,ACC-12310X5,Kotak Mahindra Bank,HDFC0453610,FAMILY,2024-12-11,FALSE,TRUE,NONE,1,AVAILABLE
BEN-SXDCW9,ACC-7YVR4NK,Anvi Oommen,ACC-SSG5XRZ,Axis Bank,INDB0677535,FRIEND,2025-08-06,FALSE,TRUE,NONE,4,AVAILABLE
BEN-8Z10R7,ACC-7YVR4NK,AMAZON PAY,EXT-OGYR3XK,IndusInd Bank,INDB0488162,MERCHANT,2025-08-08,FALSE,TRUE,NONE,2,AVAILABLE
BEN-2Z1XG4,ACC-7YVR4NK,BLINKIT,EXT-3JQIP98,IndusInd Bank,INDB0375504,MERCHANT,2025-09-17,FALSE,TRUE,NONE,1,AVAILABLE
BEN-0KJY2W,ACC-7YVR4NK,BIGBASKET,EXT-NREK8PK,Punjab National Bank,PUNB0584714,MERCHANT,2025-09-24,FALSE,TRUE,NONE,1,AVAILABLE
BEN-OA76MG,ACC-8192CA3,Diya Tara,ACC-D1I4N2E,Kotak Mahindra Bank,SBIN0645654,FRIEND,2024-08-18,FALSE,TRUE,NONE,1,AVAILABLE
BEN-CPZR5Z,ACC-8192CA3,IRCTC,EXT-HJK1EYY,HDFC Bank,HDFC0724834,MERCHANT,2024-11-06,FALSE,TRUE,NONE,1,AVAILABLE
BEN-B45ZC5,ACC-8192CA3,BOOKMYSHOW,EXT-1ZXOI65,Yes Bank,YESB0195325,MERCHANT,2024-12-17,FALSE,TRUE,NONE,2,AVAILABLE
BEN-X67L0Z,ACC-8192CA3,Gaurav Sastry,ACC-43VVT0V,IDFC FIRST Bank,HDFC0357408,FAMILY,2025-06-01,FALSE,TRUE,NONE,3,AVAILABLE
BEN-WAOB8H,ACC-8192CA3,DMART ONLINE,EXT-VHS1K3A,IndusInd Bank,INDB0857168,MERCHANT,2025-06-29,FALSE,TRUE,NONE,1,AVAILABLE
BEN-WRVJ4T,ACC-8192CA3,Isaiah Char,ACC-PQ9YTXH,Bank of Baroda,UTIB0792854,FRIEND,2025-07-21,FALSE,TRUE,NONE,3,AVAILABLE
BEN-PVFW28,ACC-8192CA3,JIO RECHARGE,EXT-ZRENUN5,Punjab National Bank,PUNB0514850,MERCHANT,2025-09-28,FALSE,TRUE,NONE,1,AVAILABLE
BEN-UNAPR8,ACC-8L3178T,RAPIDO,EXT-7Q9AH8R,Canara Bank,CNRB0905934,MERCHANT,2024-08-24,FALSE,TRUE,NONE,1,AVAILABLE
BEN-7MOB9M,ACC-8L3178T,Tejas Hans,ACC-3AEYV7C,ICICI Bank,INDB0424933,FRIEND,2024-12-12,FALSE,TRUE,NONE,3,AVAILABLE
BEN-3K8ADG,ACC-8L3178T,BIGBASKET,EXT-NREK8PK,Punjab National Bank,PUNB0584714,MERCHANT,2025-01-07,FALSE,TRUE,NONE,1,AVAILABLE
BEN-OW4LFG,ACC-8L3178T,JIO RECHARGE,EXT-ZRENUN5,Punjab National Bank,PUNB0514850,MERCHANT,2025-01-25,FALSE,TRUE,NONE,1,AVAILABLE
BEN-NZQ959,ACC-8L3178T,INDIAN OIL,EXT-R9OUDOC,Bank of Baroda,BARB0944151,MERCHANT,2025-03-21,FALSE,TRUE,NONE,1,AVAILABLE
BEN-48IMUS,ACC-8L3178T,Abha Narasimhan,ACC-IITA5WV,Union Bank of India,SBIN0844391,FRIEND,2025-06-09,FALSE,TRUE,NONE,3,AVAILABLE
BEN-U52N54,ACC-8L3178T,ZOMATO,EXT-C38HYF9,Punjab National Bank,PUNB0407419,MERCHANT,2025-07-11,FALSE,TRUE,NONE,1,AVAILABLE
BEN-3MF9L6,ACC-8L3178T,AIRTEL POSTPAID,EXT-8F1CBFN,IndusInd Bank,INDB0343962,MERCHANT,2025-08-08,FALSE,TRUE,NONE,1,AVAILABLE
BEN-24HDTL,ACC-8MFT3J4,RAPIDO,EXT-7Q9AH8R,Canara Bank,CNRB0905934,MERCHANT,2024-08-25,FALSE,TRUE,NONE,1,AVAILABLE
BEN-1RFMJH,ACC-8MFT3J4,MEDPLUS,EXT-JXK87AU,Axis Bank,UTIB0612340,MERCHANT,2024-11-15,FALSE,TRUE,NONE,1,AVAILABLE
BEN-10X9K4,ACC-8MFT3J4,IRCTC,EXT-HJK1EYY,HDFC Bank,HDFC0724834,MERCHANT,2025-01-13,FALSE,TRUE,NONE,1,AVAILABLE
BEN-VNFKB8,ACC-8MFT3J4,Ikshita Mangat,ACC-ZSDP5YH,State Bank of India,BARB0742903,FRIEND,2025-01-13,FALSE,TRUE,NONE,1,AVAILABLE
BEN-GW3ZD8,ACC-8MFT3J4,Pratyush Sehgal,ACC-52SOMK1,IndusInd Bank,KOTAK0919918,FRIEND,2025-04-19,FALSE,TRUE,NONE,3,AVAILABLE
BEN-M4AJYG,ACC-8MFT3J4,BLINKIT,EXT-3JQIP98,IndusInd Bank,INDB0375504,MERCHANT,2025-05-19,FALSE,TRUE,NONE,1,AVAILABLE
BEN-VQ4WU3,ACC-8MFT3J4,RELIANCE DIGITAL,EXT-Q6L6GT6,Yes Bank,YESB0738551,MERCHANT,2025-08-19,FALSE,TRUE,NONE,1,AVAILABLE
BEN-HK4HPM,ACC-8MFT3J4,AMAZON PAY,EXT-OGYR3XK,IndusInd Bank,INDB0488162,MERCHANT,2025-10-02,FALSE,TRUE,NONE,2,AVAILABLE
BEN-U737QS,ACC-8R8KUSS,RAPIDO,EXT-7Q9AH8R,Canara Bank,CNRB0905934,MERCHANT,2024-04-19,FALSE,TRUE,NONE,1,AVAILABLE
BEN-KLLH2N,ACC-8R8KUSS,JIO RECHARGE,EXT-ZRENUN5,Punjab National Bank,PUNB0514850,MERCHANT,2024-05-22,FALSE,TRUE,NONE,1,AVAILABLE
BEN-SC8RBI,ACC-8R8KUSS,BLINKIT,EXT-3JQIP98,IndusInd Bank,INDB0375504,MERCHANT,2025-01-01,FALSE,TRUE,NONE,1,AVAILABLE
BEN-I3QVPM,ACC-8R8KUSS,Barkha Tailor,ACC-QHDK3Z4,Punjab National Bank,HDFC0350299,FAMILY,2025-02-10,FALSE,TRUE,NONE,2,AVAILABLE
BEN-YM6T4F,ACC-8R8KUSS,Vasatika Sharaf,ACC-RDEZX6K,Axis Bank,BARB0794747,FAMILY,2025-08-15,FALSE,TRUE,NONE,1,AVAILABLE
BEN-XU8EM6,ACC-8R8KUSS,BOOKMYSHOW,EXT-1ZXOI65,Yes Bank,YESB0195325,MERCHANT,2025-09-21,FALSE,TRUE,NONE,2,AVAILABLE
BEN-MBA4R8,ACC-8R8KUSS,SWIGGY,EXT-AK1VRJN,Kotak Mahindra Bank,KOTAK0900581,MERCHANT,2025-09-27,FALSE,TRUE,NONE,2,AVAILABLE
BEN-NLWZ1C,ACC-8R8KUSS,MEDPLUS,EXT-JXK87AU,Axis Bank,UTIB0612340,MERCHANT,2025-10-19,FALSE,TRUE,NONE,1,AVAILABLE
BEN-2AE7OU,ACC-8R8KUSS,DMART ONLINE,EXT-VHS1K3A,IndusInd Bank,INDB0857168,MERCHANT,2025-10-29,FALSE,TRUE,NONE,1,AVAILABLE
BEN-KGW7VP,ACC-90ZASH1,INDIAN OIL,EXT-R9OUDOC,Bank of Baroda,BARB0944151,MERCHANT,2024-04-10,FALSE,TRUE,NONE,2,AVAILABLE
BEN-2CK1MI,ACC-90ZASH1,JIO RECHARGE,EXT-ZRENUN5,Punjab National Bank,PUNB0514850,MERCHANT,2024-04-25,FALSE,TRUE,NONE,2,AVAILABLE
BEN-4WAJH5,ACC-90ZASH1,RELIANCE DIGITAL,EXT-Q6L6GT6,Yes Bank,YESB0738551,MERCHANT,2024-05-10,FALSE,TRUE,NONE,1,AVAILABLE
BEN-ZXHA1T,ACC-90ZASH1,Tanvi Bajwa,ACC-QG18BAZ,IDFC FIRST Bank,ICIC0207332,FRIEND,2024-07-02,FALSE,TRUE,NONE,2,AVAILABLE
BEN-LU4E3I,ACC-90ZASH1,Aarush Pai,ACC-7YJPCHM,Union Bank of India,KOTAK0502516,FRIEND,2024-08-30,FALSE,TRUE,NONE,2,AVAILABLE
BEN-4DNJPB,ACC-90ZASH1,AMAZON PAY,EXT-OGYR3XK,IndusInd Bank,INDB0488162,MERCHANT,2024-12-11,FALSE,TRUE,NONE,1,AVAILABLE
BEN-VVAB26,ACC-90ZASH1,BLINKIT,EXT-3JQIP98,IndusInd Bank,INDB0375504,MERCHANT,2025-01-19,FALSE,TRUE,NONE,1,AVAILABLE
BEN-3MSDB3,ACC-90ZASH1,BIGBASKET,EXT-NREK8PK,Punjab National Bank,PUNB0584714,MERCHANT,2025-03-15,FALSE,TRUE,NONE,1,AVAILABLE
BEN-KN4V7D,ACC-90ZASH1,RAPIDO,EXT-7Q9AH8R,Canara Bank,CNRB0905934,MERCHANT,2025-08-29,FALSE,TRUE,NONE,1,AVAILABLE
BEN-MQHWP6,ACC-90ZASH1,Januja Sahota,ACC-FW9S351,Canara Bank,YESB0891425,FRIEND,2025-09-11,FALSE,TRUE,NONE,1,AVAILABLE
BEN-Z3AQ97,ACC-90ZASH1,Jyoti Bhagat (Landlord),EXT-KY6XE9Z,Bank of Baroda,INDB0828177,UNKNOWN,2025-10-16,FALSE,TRUE,NONE,5,AVAILABLE
BEN-E2YFRF,ACC-9535HJH,TATA POWER BILLING,EXT-B9M80O2,Union Bank of India,UBIN0717889,MERCHANT,2024-06-28,FALSE,TRUE,NONE,1,AVAILABLE
BEN-9HA1BJ,ACC-9535HJH,JIO RECHARGE,EXT-ZRENUN5,Punjab National Bank,PUNB0514850,MERCHANT,2024-07-14,FALSE,TRUE,NONE,2,AVAILABLE
BEN-GPGL6B,ACC-9535HJH,ZOMATO,EXT-C38HYF9,Punjab National Bank,PUNB0407419,MERCHANT,2024-08-06,FALSE,TRUE,NONE,2,AVAILABLE
BEN-P7BXBF,ACC-9535HJH,MEDPLUS,EXT-JXK87AU,Axis Bank,UTIB0612340,MERCHANT,2024-08-28,FALSE,TRUE,NONE,2,AVAILABLE
BEN-ZLCQJ2,ACC-9535HJH,AIRTEL POSTPAID,EXT-8F1CBFN,IndusInd Bank,INDB0343962,MERCHANT,2025-03-07,FALSE,TRUE,NONE,1,AVAILABLE
BEN-SZH1V4,ACC-9535HJH,SWIGGY,EXT-AK1VRJN,Kotak Mahindra Bank,KOTAK0900581,MERCHANT,2025-10-26,FALSE,TRUE,NONE,2,AVAILABLE
BEN-GELC8G,ACC-95IUZ6Y,SWIGGY,EXT-AK1VRJN,Kotak Mahindra Bank,KOTAK0900581,MERCHANT,2024-03-15,FALSE,TRUE,NONE,1,AVAILABLE
BEN-PU7LV5,ACC-95IUZ6Y,Chaitanya Trivedi,ACC-ZT3EDK2,ICICI Bank,SBIN0665234,FRIEND,2024-05-24,FALSE,TRUE,NONE,2,AVAILABLE
BEN-3TY4LO,ACC-95IUZ6Y,IRCTC,EXT-HJK1EYY,HDFC Bank,HDFC0724834,MERCHANT,2024-09-14,FALSE,TRUE,NONE,1,AVAILABLE
BEN-0ORT3N,ACC-95IUZ6Y,BOOKMYSHOW,EXT-1ZXOI65,Yes Bank,YESB0195325,MERCHANT,2024-11-16,FALSE,TRUE,NONE,1,AVAILABLE
BEN-J9EFSQ,ACC-95IUZ6Y,RELIANCE DIGITAL,EXT-Q6L6GT6,Yes Bank,YESB0738551,MERCHANT,2024-12-22,FALSE,TRUE,NONE,1,AVAILABLE
BEN-M7NHP7,ACC-95IUZ6Y,ZOMATO,EXT-C38HYF9,Punjab National Bank,PUNB0407419,MERCHANT,2025-01-09,FALSE,TRUE,NONE,1,AVAILABLE
BEN-6YXIAG,ACC-95IUZ6Y,Chakradev Dave,ACC-TUIK15U,IDFC FIRST Bank,UTIB0393920,FRIEND,2025-07-05,FALSE,TRUE,NONE,1,AVAILABLE
BEN-N40T8B,ACC-9EC6G61,Girish Mangat,ACC-QHDK3Z4,Canara Bank,INDB0626155,FAMILY,2024-05-21,FALSE,TRUE,NONE,2,AVAILABLE
BEN-CSHY9E,ACC-9EC6G61,BOOKMYSHOW,EXT-1ZXOI65,Yes Bank,YESB0195325,MERCHANT,2024-10-28,FALSE,TRUE,NONE,2,AVAILABLE
BEN-SW83ME,ACC-9EC6G61,AMAZON PAY,EXT-OGYR3XK,IndusInd Bank,INDB0488162,MERCHANT,2025-07-02,FALSE,TRUE,NONE,1,AVAILABLE
BEN-DXKA7R,ACC-9EC6G61,JIO RECHARGE,EXT-ZRENUN5,Punjab National Bank,PUNB0514850,MERCHANT,2025-07-10,FALSE,TRUE,NONE,1,AVAILABLE
BEN-17ZB3U,ACC-9EC6G61,IRCTC,EXT-HJK1EYY,HDFC Bank,HDFC0724834,MERCHANT,2025-09-23,FALSE,TRUE,NONE,1,AVAILABLE
BEN-0PV2TV,ACC-9EC6G61,TATA POWER BILLING,EXT-B9M80O2,Union Bank of India,UBIN0717889,MERCHANT,2025-10-06,FALSE,TRUE,NONE,1,AVAILABLE
BEN-D63W5C,ACC-9ET83Z0,JIO RECHARGE,EXT-ZRENUN5,Punjab National Bank,PUNB0514850,MERCHANT,2024-05-22,FALSE,TRUE,NONE,2,AVAILABLE
BEN-0BG3AX,ACC-9ET83Z0,INDIAN OIL,EXT-R9OUDOC,Bank of Baroda,BARB0944151,MERCHANT,2024-10-08,FALSE,TRUE,NONE,1,AVAILABLE
BEN-L3BADY,ACC-9ET83Z0,DMART ONLINE,EXT-VHS1K3A,IndusInd Bank,INDB0857168,MERCHANT,2024-10-13,FALSE,TRUE,NONE,1,AVAILABLE
BEN-B2Q1AF,ACC-9ET83Z0,MEDPLUS,EXT-JXK87AU,Axis Bank,UTIB0612340,MERCHANT,2024-12-15,FALSE,TRUE,NONE,2,AVAILABLE
BEN-3VA13P,ACC-9ET83Z0,Ekaraj Bail,ACC-772URMS,ICICI Bank,UBIN0666023,FRIEND,2025-04-01,FALSE,TRUE,NONE,4,AVAILABLE
BEN-7VOGZG,ACC-9ET83Z0,BLINKIT,EXT-3JQIP98,IndusInd Bank,INDB0375504,MERCHANT,2025-10-09,FALSE,TRUE,NONE,1,AVAILABLE
BEN-4M15K7,ACC-9ET83Z0,ZOMATO,EXT-C38HYF9,Punjab National Bank,PUNB0407419,MERCHANT,2025-10-19,FALSE,TRUE,NONE,1,AVAILABLE
BEN-0ZQBUG,ACC-9ET83Z0,TATA POWER BILLING,EXT-B9M80O2,Union Bank of India,UBIN0717889,MERCHANT,2025-11-03,FALSE,TRUE,NONE,1,AVAILABLE
BEN-G2DFK0,ACC-9F5G3UK,MEDPLUS,EXT-JXK87AU,Axis Bank,UTIB0612340,MERCHANT,2024-05-10,FALSE,TRUE,NONE,1,AVAILABLE
BEN-ICK4SV,ACC-9F5G3UK,RELIANCE DIGITAL,EXT-Q6L6GT6,Yes Bank,YESB0738551,MERCHANT,2024-06-21,FALSE,TRUE,NONE,1,AVAILABLE
BEN-AXKCV7,ACC-9F5G3UK,JIO RECHARGE,EXT-ZRENUN5,Punjab National Bank,PUNB0514850,MERCHANT,2024-06-24,FALSE,TRUE,NONE,1,AVAILABLE
BEN-ST8BYG,ACC-9F5G3UK,SWIGGY,EXT-AK1VRJN,Kotak Mahindra Bank,KOTAK0900581,MERCHANT,2024-07-22,FALSE,TRUE,NONE,1,AVAILABLE
BEN-P9KHEV,ACC-9F5G3UK,BIGBASKET,EXT-NREK8PK,Punjab National Bank,PUNB0584714,MERCHANT,2024-07-22,FALSE,TRUE,NONE,1,AVAILABLE
BEN-CHY5O0,ACC-9F5G3UK,Charita Tata,ACC-MC67OKC,State Bank of India,KOTAK0590611,FAMILY,2024-09-13,FALSE,TRUE,NONE,3,AVAILABLE
BEN-R3AWJ3,ACC-9F5G3UK,AIRTEL POSTPAID,EXT-8F1CBFN,IndusInd Bank,INDB0343962,MERCHANT,2025-08-29,FALSE,TRUE,NONE,1,AVAILABLE
BEN-28VQF2,ACC-9FM8D7M,RELIANCE DIGITAL,EXT-Q6L6GT6,Yes Bank,YESB0738551,MERCHANT,2024-03-21,FALSE,TRUE,NONE,1,AVAILABLE
BEN-6K2J4W,ACC-9FM8D7M,Warda Barman,EXT-D5R1927,Punjab National Bank,UBIN0274232,UNKNOWN,2024-07-19,FALSE,TRUE,NONE,1,AVAILABLE
BEN-W9AHSJ,ACC-9FM8D7M,BOOKMYSHOW,EXT-1ZXOI65,Yes Bank,YESB0195325,MERCHANT,2024-09-18,FALSE,TRUE,NONE,1,AVAILABLE
BEN-QI81R3,ACC-9FM8D7M,Arin Sunder,ACC-RNKK5FI,IndusInd Bank,HDFC0209360,FAMILY,2024-12-04,FALSE,TRUE,NONE,3,AVAILABLE
BEN-VKJD2I,ACC-9FM8D7M,DMART ONLINE,EXT-VHS1K3A,IndusInd Bank,INDB0857168,MERCHANT,2025-01-08,FALSE,TRUE,NONE,1,AVAILABLE
BEN-VE7BYX,ACC-9FM8D7M,JIO RECHARGE,EXT-ZRENUN5,Punjab National Bank,PUNB0514850,MERCHANT,2025-02-18,FALSE,TRUE,NONE,1,AVAILABLE
BEN-RCKC9W,ACC-9FM8D7M,Maya Wali,ACC-OJW5BP1,Punjab National Bank,PUNB0611186,FAMILY,2025-03-06,FALSE,TRUE,NONE,3,AVAILABLE
BEN-AZ4RLJ,ACC-9FM8D7M,TATA POWER BILLING,EXT-B9M80O2,Union Bank of India,UBIN0717889,MERCHANT,2025-07-19,FALSE,TRUE,NONE,3,AVAILABLE
BEN-5EYYMM,ACC-9FM8D7M,MEDPLUS,EXT-JXK87AU,Axis Bank,UTIB0612340,MERCHANT,2025-08-25,FALSE,TRUE,NONE,1,AVAILABLE
BEN-2B93QV,ACC-9FM8D7M,Triveni Kohli (Landlord),EXT-5IR0F2W,Axis Bank,UBIN0183883,UNKNOWN,2025-09-07,FALSE,TRUE,NONE,4,AVAILABLE
BEN-WGB9XB,ACC-9FN202S,DMART ONLINE,EXT-VHS1K3A,IndusInd Bank,INDB0857168,MERCHANT,2024-06-02,FALSE,TRUE,NONE,1,AVAILABLE
BEN-F4I01G,ACC-9FN202S,Ayushman Contractor (Landlord),EXT-3EIA1NA,Bank of Baroda,UBIN0370445,UNKNOWN,2024-09-05,FALSE,TRUE,NONE,4,AVAILABLE
BEN-HIH6EW,ACC-9FN202S,JIO RECHARGE,EXT-ZRENUN5,Punjab National Bank,PUNB0514850,MERCHANT,2024-09-21,FALSE,TRUE,NONE,2,AVAILABLE
BEN-EG927R,ACC-9FN202S,Ikbal Sethi,EXT-8TAUYR0,Yes Bank,HDFC0764581,UNKNOWN,2024-10-10,FALSE,TRUE,NONE,1,AVAILABLE
BEN-R65W41,ACC-9FN202S,RELIANCE DIGITAL,EXT-Q6L6GT6,Yes Bank,YESB0738551,MERCHANT,2024-12-25,FALSE,TRUE,NONE,1,AVAILABLE
BEN-OQ9IWB,ACC-9FN202S,BIGBASKET,EXT-NREK8PK,Punjab National Bank,PUNB0584714,MERCHANT,2025-04-26,FALSE,TRUE,NONE,1,AVAILABLE
BEN-O7GF6C,ACC-9FN202S,SWIGGY,EXT-AK1VRJN,Kotak Mahindra Bank,KOTAK0900581,MERCHANT,2025-06-09,FALSE,TRUE,NONE,1,AVAILABLE
BEN-YLHA1H,ACC-9FN202S,MEDPLUS,EXT-JXK87AU,Axis Bank,UTIB0612340,MERCHANT,2025-07-09,FALSE,TRUE,NONE,1,AVAILABLE
BEN-TSEFH2,ACC-9FN202S,BOOKMYSHOW,EXT-1ZXOI65,Yes Bank,YESB0195325,MERCHANT,2025-09-21,FALSE,TRUE,NONE,1,AVAILABLE
BEN-32AYNJ,ACC-9JHCAZ8,JIO RECHARGE,EXT-ZRENUN5,Punjab National Bank,PUNB0514850,MERCHANT,2024-06-29,FALSE,TRUE,NONE,1,AVAILABLE
BEN-R5SXDM,ACC-9JHCAZ8,Yochana Sathe (Landlord),EXT-N14ZLRG,Canara Bank,SBIN0220350,UNKNOWN,2024-10-31,FALSE,TRUE,NONE,5,AVAILABLE
BEN-0RNH7G,ACC-9JHCAZ8,INDIAN OIL,EXT-R9OUDOC,Bank of Baroda,BARB0944151,MERCHANT,2025-01-31,FALSE,TRUE,NONE,1,AVAILABLE
BEN-7V7TRQ,ACC-9JHCAZ8,BOOKMYSHOW,EXT-1ZXOI65,Yes Bank,YESB0195325,MERCHANT,2025-05-22,FALSE,TRUE,NONE,1,AVAILABLE
BEN-WEBT86,ACC-9JHCAZ8,IRCTC,EXT-HJK1EYY,HDFC Bank,HDFC0724834,MERCHANT,2025-07-14,FALSE,TRUE,NONE,1,AVAILABLE
BEN-L14TB0,ACC-9JHCAZ8,SWIGGY,EXT-AK1VRJN,Kotak Mahindra Bank,KOTAK0900581,MERCHANT,2025-07-28,FALSE,TRUE,NONE,1,AVAILABLE
BEN-BPLCI6,ACC-9JHCAZ8,AIRTEL POSTPAID,EXT-8F1CBFN,IndusInd Bank,INDB0343962,MERCHANT,2025-10-08,FALSE,TRUE,NONE,1,AVAILABLE
BEN-4XRYSD,ACC-9K6DZQ5,BIGBASKET,EXT-NREK8PK,Punjab National Bank,PUNB0584714,MERCHANT,2024-09-16,FALSE,TRUE,NONE,2,AVAILABLE
BEN-T7D16R,ACC-9K6DZQ5,INDIAN OIL,EXT-R9OUDOC,Bank of Baroda,BARB0944151,MERCHANT,2025-01-05,FALSE,TRUE,NONE,1,AVAILABLE
BEN-N6UXLJ,ACC-9K6DZQ5,DMART ONLINE,EXT-VHS1K3A,IndusInd Bank,INDB0857168,MERCHANT,2025-03-17,FALSE,TRUE,NONE,1,AVAILABLE
BEN-IC1252,ACC-9K6DZQ5,MEDPLUS,EXT-JXK87AU,Axis Bank,UTIB0612340,MERCHANT,2025-05-12,FALSE,TRUE,NONE,1,AVAILABLE
BEN-F4YIWX,ACC-9K6DZQ5,BOOKMYSHOW,EXT-1ZXOI65,Yes Bank,YESB0195325,MERCHANT,2025-05-22,FALSE,TRUE,NONE,1,AVAILABLE
BEN-C4KIZE,ACC-9K6DZQ5,IRCTC,EXT-HJK1EYY,HDFC Bank,HDFC0724834,MERCHANT,2025-07-02,FALSE,TRUE,NONE,1,AVAILABLE
BEN-NIQFG1,ACC-9K6DZQ5,SWIGGY,EXT-AK1VRJN,Kotak Mahindra Bank,KOTAK0900581,MERCHANT,2025-07-14,FALSE,TRUE,NONE,1,AVAILABLE
BEN-2P3GGB,ACC-9LQY3T3,INDIAN OIL,EXT-R9OUDOC,Bank of Baroda,BARB0944151,MERCHANT,2024-06-18,FALSE,TRUE,NONE,1,AVAILABLE
BEN-NKR7AB,ACC-9LQY3T3,IRCTC,EXT-HJK1EYY,HDFC Bank,HDFC0724834,MERCHANT,2024-06-29,FALSE,TRUE,NONE,2,AVAILABLE
BEN-8GNRCM,ACC-9LQY3T3,MEDPLUS,EXT-JXK87AU,Axis Bank,UTIB0612340,MERCHANT,2024-07-12,FALSE,TRUE,NONE,2,AVAILABLE
BEN-NE3TM8,ACC-9LQY3T3,SWIGGY,EXT-AK1VRJN,Kotak Mahindra Bank,KOTAK0900581,MERCHANT,2024-09-10,FALSE,TRUE,NONE,1,AVAILABLE
BEN-TE3MV3,ACC-9LQY3T3,Yoshita Suri,ACC-N4YTUKC,IDFC FIRST Bank,BARB0850133,FRIEND,2024-12-25,FALSE,TRUE,NONE,2,AVAILABLE
BEN-M3HRHC,ACC-9LQY3T3,RELIANCE DIGITAL,EXT-Q6L6GT6,Yes Bank,YESB0738551,MERCHANT,2025-02-02,FALSE,TRUE,NONE,1,AVAILABLE
BEN-IGELZ9,ACC-9LQY3T3,JIO RECHARGE,EXT-ZRENUN5,Punjab National Bank,PUNB0514850,MERCHANT,2025-06-28,FALSE,TRUE,NONE,1,AVAILABLE
BEN-94JVFR,ACC-9LQY3T3,ZOMATO,EXT-C38HYF9,Punjab National Bank,PUNB0407419,MERCHANT,2025-07-12,FALSE,TRUE,NONE,1,AVAILABLE
BEN-7MMK0E,ACC-9PH3I37,BIGBASKET,EXT-NREK8PK,Punjab National Bank,PUNB0584714,MERCHANT,2024-03-20,FALSE,TRUE,NONE,2,AVAILABLE
BEN-29QCFC,ACC-9PH3I37,TATA POWER BILLING,EXT-B9M80O2,Union Bank of India,UBIN0717889,MERCHANT,2024-06-23,FALSE,TRUE,NONE,2,AVAILABLE
BEN-6EENN4,ACC-9PH3I37,INDIAN OIL,EXT-R9OUDOC,Bank of Baroda,BARB0944151,MERCHANT,2024-09-19,FALSE,TRUE,NONE,1,AVAILABLE
BEN-G8TKJA,ACC-9PH3I37,RELIANCE DIGITAL,EXT-Q6L6GT6,Yes Bank,YESB0738551,MERCHANT,2024-12-17,FALSE,TRUE,NONE,1,AVAILABLE
BEN-8CL7OV,ACC-9PH3I37,DMART ONLINE,EXT-VHS1K3A,IndusInd Bank,INDB0857168,MERCHANT,2024-12-21,FALSE,TRUE,NONE,1,AVAILABLE
BEN-5HZMDM,ACC-9PH3I37,ZOMATO,EXT-C38HYF9,Punjab National Bank,PUNB0407419,MERCHANT,2025-06-10,FALSE,TRUE,NONE,1,AVAILABLE
BEN-D3MRLM,ACC-9PH3I37,SWIGGY,EXT-AK1VRJN,Kotak Mahindra Bank,KOTAK0900581,MERCHANT,2025-10-26,FALSE,TRUE,NONE,1,AVAILABLE
BEN-BGJH00,ACC-9RGDKUY,SWIGGY,EXT-AK1VRJN,Kotak Mahindra Bank,KOTAK0900581,MERCHANT,2024-07-09,FALSE,TRUE,NONE,1,AVAILABLE
BEN-RTFJQ3,ACC-9RGDKUY,BLINKIT,EXT-3JQIP98,IndusInd Bank,INDB0375504,MERCHANT,2024-07-26,FALSE,TRUE,NONE,1,AVAILABLE
BEN-4PX1QR,ACC-9RGDKUY,IRCTC,EXT-HJK1EYY,HDFC Bank,HDFC0724834,MERCHANT,2024-09-19,FALSE,TRUE,NONE,1,AVAILABLE
BEN-0RY28E,ACC-9RGDKUY,INDIAN OIL,EXT-R9OUDOC,Bank of Baroda,BARB0944151,MERCHANT,2025-03-07,FALSE,TRUE,NONE,1,AVAILABLE
BEN-JS9F00,ACC-9RGDKUY,ZOMATO,EXT-C38HYF9,Punjab National Bank,PUNB0407419,MERCHANT,2025-03-14,FALSE,TRUE,NONE,1,AVAILABLE
BEN-AAYY91,ACC-9RGDKUY,AMAZON PAY,EXT-OGYR3XK,IndusInd Bank,INDB0488162,MERCHANT,2025-05-23,FALSE,TRUE,NONE,2,AVAILABLE
BEN-3OKNSZ,ACC-9RGDKUY,BOOKMYSHOW,EXT-1ZXOI65,Yes Bank,YESB0195325,MERCHANT,2025-06-26,FALSE,TRUE,NONE,1,AVAILABLE
BEN-T2R4XQ,ACC-9RGDKUY,Bhanumati Bhargava (Landlord),EXT-R5M6GQI,Punjab National Bank,UTIB0718589,UNKNOWN,2025-10-15,FALSE,TRUE,NONE,4,AVAILABLE
BEN-Q4RSRE,ACC-9WHSBP1,TATA POWER BILLING,EXT-B9M80O2,Union Bank of India,UBIN0717889,MERCHANT,2024-05-30,FALSE,TRUE,NONE,2,AVAILABLE
BEN-N6S922,ACC-9WHSBP1,BIGBASKET,EXT-NREK8PK,Punjab National Bank,PUNB0584714,MERCHANT,2024-10-27,FALSE,TRUE,NONE,3,AVAILABLE
BEN-4KV9AN,ACC-9WHSBP1,SWIGGY,EXT-AK1VRJN,Kotak Mahindra Bank,KOTAK0900581,MERCHANT,2024-12-11,FALSE,TRUE,NONE,1,AVAILABLE
BEN-R4I0AL,ACC-9WHSBP1,RAPIDO,EXT-7Q9AH8R,Canara Bank,CNRB0905934,MERCHANT,2025-04-30,FALSE,TRUE,NONE,1,AVAILABLE
BEN-RF94RN,ACC-9WHSBP1,INDIAN OIL,EXT-R9OUDOC,Bank of Baroda,BARB0944151,MERCHANT,2025-10-20,FALSE,TRUE,NONE,1,AVAILABLE
BEN-CV6BNV,ACC-9XA4KWG,RELIANCE DIGITAL,EXT-Q6L6GT6,Yes Bank,YESB0738551,MERCHANT,2024-03-18,FALSE,TRUE,NONE,1,AVAILABLE
BEN-Q0Q1JR,ACC-9XA4KWG,Amara Kara,ACC-ONMRS5Y,Yes Bank,YESB0419059,FAMILY,2024-06-17,FALSE,TRUE,NONE,1,AVAILABLE
BEN-0OHY3O,ACC-9XA4KWG,DMART ONLINE,EXT-VHS1K3A,IndusInd Bank,INDB0857168,MERCHANT,2024-07-13,FALSE,TRUE,NONE,1,AVAILABLE
BEN-58M9E3,ACC-9XA4KWG,ZOMATO,EXT-C38HYF9,Punjab National Bank,PUNB0407419,MERCHANT,2024-11-30,FALSE,TRUE,NONE,1,AVAILABLE
BEN-GLB59R,ACC-9XA4KWG,AIRTEL POSTPAID,EXT-8F1CBFN,IndusInd Bank,INDB0343962,MERCHANT,2025-02-07,FALSE,TRUE,NONE,1,AVAILABLE
BEN-68QYDK,ACC-9XA4KWG,IRCTC,EXT-HJK1EYY,HDFC Bank,HDFC0724834,MERCHANT,2025-04-25,FALSE,TRUE,NONE,2,AVAILABLE
BEN-Y905H6,ACC-9XA4KWG,INDIAN OIL,EXT-R9OUDOC,Bank of Baroda,BARB0944151,MERCHANT,2025-06-22,FALSE,TRUE,NONE,2,AVAILABLE
BEN-VS3YV8,ACC-9XA4KWG,Isaiah Mani,ACC-IITA5WV,Kotak Mahindra Bank,UBIN0500565,FRIEND,2025-10-13,FALSE,TRUE,NONE,3,AVAILABLE
BEN-792KSJ,ACC-9XM091Z,AIRTEL POSTPAID,EXT-8F1CBFN,IndusInd Bank,INDB0343962,MERCHANT,2024-04-02,FALSE,TRUE,NONE,1,AVAILABLE
BEN-N0FR4D,ACC-9XM091Z,MEDPLUS,EXT-JXK87AU,Axis Bank,UTIB0612340,MERCHANT,2024-05-19,FALSE,TRUE,NONE,2,AVAILABLE
BEN-8S1RTZ,ACC-9XM091Z,TATA POWER BILLING,EXT-B9M80O2,Union Bank of India,UBIN0717889,MERCHANT,2024-11-09,FALSE,TRUE,NONE,1,AVAILABLE
BEN-MXB5E3,ACC-9XM091Z,DMART ONLINE,EXT-VHS1K3A,IndusInd Bank,INDB0857168,MERCHANT,2025-03-19,FALSE,TRUE,NONE,1,AVAILABLE
BEN-QJ0DK0,ACC-9XM091Z,Xalak Mand,ACC-W77QKXI,Bank of Baroda,HDFC0580128,FAMILY,2025-03-21,FALSE,TRUE,NONE,2,AVAILABLE
BEN-AFMLD2,ACC-9XM091Z,BOOKMYSHOW,EXT-1ZXOI65,Yes Bank,YESB0195325,MERCHANT,2025-05-20,FALSE,TRUE,NONE,1,AVAILABLE
BEN-O1AU55,ACC-9XM091Z,BLINKIT,EXT-3JQIP98,IndusInd Bank,INDB0375504,MERCHANT,2025-06-19,FALSE,TRUE,NONE,1,AVAILABLE
BEN-4WFRB8,ACC-9XM091Z,ZOMATO,EXT-C38HYF9,Punjab National Bank,PUNB0407419,MERCHANT,2025-10-25,FALSE,TRUE,NONE,1,AVAILABLE
BEN-WJSL8R,ACC-A170XC7,TATA POWER BILLING,EXT-B9M80O2,Union Bank of India,UBIN0717889,MERCHANT,2024-09-26,FALSE,TRUE,NONE,1,AVAILABLE
BEN-1ASTG4,ACC-A170XC7,AIRTEL POSTPAID,EXT-8F1CBFN,IndusInd Bank,INDB0343962,MERCHANT,2024-12-29,FALSE,TRUE,NONE,1,AVAILABLE
BEN-Q7VX98,ACC-A170XC7,Chameli Varma,ACC-CER8CLU,Union Bank of India,IDFB0703689,FRIEND,2025-05-24,FALSE,TRUE,NONE,1,AVAILABLE
BEN-1X7ZW1,ACC-A170XC7,AMAZON PAY,EXT-OGYR3XK,IndusInd Bank,INDB0488162,MERCHANT,2025-06-28,FALSE,TRUE,NONE,1,AVAILABLE
BEN-A0L37M,ACC-A170XC7,BLINKIT,EXT-3JQIP98,IndusInd Bank,INDB0375504,MERCHANT,2025-07-08,FALSE,TRUE,NONE,2,AVAILABLE
BEN-CXU44L,ACC-A170XC7,INDIAN OIL,EXT-R9OUDOC,Bank of Baroda,BARB0944151,MERCHANT,2025-07-14,FALSE,TRUE,NONE,1,AVAILABLE
BEN-VRR9SE,ACC-A170XC7,Alexander Atwal (Landlord),EXT-9G5S1TB,ICICI Bank,IDFB0558669,UNKNOWN,2025-07-30,FALSE,TRUE,NONE,5,AVAILABLE
BEN-1LCBVO,ACC-A170XC7,RELIANCE DIGITAL,EXT-Q6L6GT6,Yes Bank,YESB0738551,MERCHANT,2025-08-01,FALSE,TRUE,NONE,1,AVAILABLE
BEN-66C5WS,ACC-A170XC7,JIO RECHARGE,EXT-ZRENUN5,Punjab National Bank,PUNB0514850,MERCHANT,2025-08-02,FALSE,TRUE,NONE,1,AVAILABLE
BEN-RFE08A,ACC-A78MX1E,IRCTC,EXT-HJK1EYY,HDFC Bank,HDFC0724834,MERCHANT,2024-07-13,FALSE,TRUE,NONE,1,AVAILABLE
BEN-EOG4XO,ACC-A78MX1E,INDIAN OIL,EXT-R9OUDOC,Bank of Baroda,BARB0944151,MERCHANT,2024-08-03,FALSE,TRUE,NONE,1,AVAILABLE
BEN-1VM6YQ,ACC-A78MX1E,AMAZON PAY,EXT-OGYR3XK,IndusInd Bank,INDB0488162,MERCHANT,2024-11-15,FALSE,TRUE,NONE,2,AVAILABLE
BEN-I102ZV,ACC-A78MX1E,Samaksh Dalal,ACC-EYNINT1,IDFC FIRST Bank,BARB0162389,FAMILY,2025-01-02,FALSE,TRUE,NONE,3,AVAILABLE
BEN-VN9Z40,ACC-A78MX1E,TATA POWER BILLING,EXT-B9M80O2,Union Bank of India,UBIN0717889,MERCHANT,2025-04-06,FALSE,TRUE,NONE,1,AVAILABLE
BEN-0FU21Q,ACC-A78MX1E,JIO RECHARGE,EXT-ZRENUN5,Punjab National Bank,PUNB0514850,MERCHANT,2025-04-13,FALSE,TRUE,NONE,2,AVAILABLE
BEN-O0FLCJ,ACC-A78MX1E,BIGBASKET,EXT-NREK8PK,Punjab National Bank,PUNB0584714,MERCHANT,2025-09-01,FALSE,TRUE,NONE,1,AVAILABLE
BEN-HF8SOF,ACC-A78MX1E,Lila Singh,ACC-9XM091Z,IDFC FIRST Bank,SBIN0143019,FRIEND,2025-09-21,FALSE,TRUE,NONE,1,AVAILABLE
BEN-AA0ZK2,ACC-A78MX1E,Rohan Mangat,ACC-IRTR5JE,ICICI Bank,SBIN0931435,FAMILY,2025-10-21,FALSE,TRUE,NONE,1,AVAILABLE
BEN-2QA85C,ACC-A7NMSK8,Gagan Sanghvi,ACC-366FZX6,IndusInd Bank,IDFB0144849,FAMILY,2024-05-16,FALSE,TRUE,NONE,2,AVAILABLE
BEN-4P5IAL,ACC-A7NMSK8,SWIGGY,EXT-AK1VRJN,Kotak Mahindra Bank,KOTAK0900581,MERCHANT,2024-08-11,FALSE,TRUE,NONE,1,AVAILABLE
BEN-L9L57Q,ACC-A7NMSK8,AMAZON PAY,EXT-OGYR3XK,IndusInd Bank,INDB0488162,MERCHANT,2024-10-12,FALSE,TRUE,NONE,1,AVAILABLE
BEN-RSM22I,ACC-A7NMSK8,BOOKMYSHOW,EXT-1ZXOI65,Yes Bank,YESB0195325,MERCHANT,2025-02-20,FALSE,TRUE,NONE,1,AVAILABLE
BEN-5BFJ8N,ACC-A7NMSK8,ZOMATO,EXT-C38HYF9,Punjab National Bank,PUNB0407419,MERCHANT,2025-04-26,FALSE,TRUE,NONE,2,AVAILABLE
BEN-LC2S93,ACC-A7NMSK8,AIRTEL POSTPAID,EXT-8F1CBFN,IndusInd Bank,INDB0343962,MERCHANT,2025-05-22,FALSE,TRUE,NONE,1,AVAILABLE
BEN-C4Z5R0,ACC-A7NMSK8,Nikita Mangal,ACC-9LQY3T3,Yes Bank,UTIB0444854,FRIEND,2025-06-06,FALSE,TRUE,NONE,2,AVAILABLE
BEN-G4RZDG,ACC-A7NMSK8,Abhiram Desai,ACC-CFU5HYS,Axis Bank,BARB0674654,FAMILY,2025-10-03,FALSE,TRUE,NONE,2,AVAILABLE
BEN-SQIO3C,ACC-ACB7G6Z,Chakradhar Sankar,ACC-AWXUF9Q,Punjab National Bank,SBIN0523215,FAMILY,2024-03-26,FALSE,TRUE,NONE,2,AVAILABLE
BEN-IBZTS1,ACC-ACB7G6Z,TATA POWER BILLING,EXT-B9M80O2,Union Bank of India,UBIN0717889,MERCHANT,2024-04-28,FALSE,TRUE,NONE,1,AVAILABLE
BEN-JX6B7C,ACC-ACB7G6Z,AMAZON PAY,EXT-OGYR3XK,IndusInd Bank,INDB0488162,MERCHANT,2024-06-09,FALSE,TRUE,NONE,1,AVAILABLE
BEN-9NL6NM,ACC-ACB7G6Z,Chandran Jayaraman,EXT-2I485C0,Axis Bank,ICIC0505343,UNKNOWN,2024-07-25,FALSE,TRUE,NONE,1,AVAILABLE
BEN-X2JDO4,ACC-ACB7G6Z,Ekaraj Kumar (Landlord),EXT-GZU9QG6,HDFC Bank,ICIC0282222,UNKNOWN,2025-03-15,FALSE,TRUE,NONE,5,AVAILABLE
BEN-J4FQLX,ACC-ACB7G6Z,RAPIDO,EXT-7Q9AH8R,Canara Bank,CNRB0905934,MERCHANT,2025-03-31,FALSE,TRUE,NONE,2,AVAILABLE
BEN-WYINK0,ACC-ACB7G6Z,MEDPLUS,EXT-JXK87AU,Axis Bank,UTIB0612340,MERCHANT,2025-03-31,FALSE,TRUE,NONE,1,AVAILABLE
BEN-ZQKOG6,ACC-ACB7G6Z,DMART ONLINE,EXT-VHS1K3A,IndusInd Bank,INDB0857168,MERCHANT,2025-08-14,FALSE,TRUE,NONE,2,AVAILABLE
BEN-XXE39E,ACC-AG8VFMI,BIGBASKET,EXT-NREK8PK,Punjab National Bank,PUNB0584714,MERCHANT,2024-07-05,FALSE,TRUE,NONE,1,AVAILABLE
BEN-9M1PV1,ACC-AG8VFMI,Vasana Karan (Landlord),EXT-I6FOTE5,Canara Bank,UBIN0843947,UNKNOWN,2024-07-28,FALSE,TRUE,NONE,4,AVAILABLE
BEN-WH7ISQ,ACC-AG8VFMI,BOOKMYSHOW,EXT-1ZXOI65,Yes Bank,YESB0195325,MERCHANT,2024-09-08,FALSE,TRUE,NONE,1,AVAILABLE
BEN-6H56K9,ACC-AG8VFMI,SWIGGY,EXT-AK1VRJN,Kotak Mahindra Bank,KOTAK0900581,MERCHANT,2024-10-04,FALSE,TRUE,NONE,1,AVAILABLE
BEN-6DGHZH,ACC-AG8VFMI,AMAZON PAY,EXT-OGYR3XK,IndusInd Bank,INDB0488162,MERCHANT,2025-02-18,FALSE,TRUE,NONE,1,AVAILABLE
BEN-3US1H2,ACC-AG8VFMI,TATA POWER BILLING,EXT-B9M80O2,Union Bank of India,UBIN0717889,MERCHANT,2025-02-27,FALSE,TRUE,NONE,1,AVAILABLE
BEN-T3PZ1D,ACC-AG8VFMI,AIRTEL POSTPAID,EXT-8F1CBFN,IndusInd Bank,INDB0343962,MERCHANT,2025-03-04,FALSE,TRUE,NONE,2,AVAILABLE
BEN-67APDS,ACC-AG8VFMI,BLINKIT,EXT-3JQIP98,IndusInd Bank,INDB0375504,MERCHANT,2025-04-22,FALSE,TRUE,NONE,2,AVAILABLE
BEN-UB6OOP,ACC-AG8VFMI,Madhav Setty,ACC-KO0JL6Q,Union Bank of India,INDB0261024,FRIEND,2025-08-09,FALSE,TRUE,NONE,2,AVAILABLE
BEN-1XGTUK,ACC-AH3XM2A,Mekhala Bahl,ACC-NLC0QYP,Bank of Baroda,UTIB0176236,FAMILY,2024-05-28,FALSE,TRUE,NONE,1,AVAILABLE
BEN-PZIH8W,ACC-AH3XM2A,BIGBASKET,EXT-NREK8PK,Punjab National Bank,PUNB0584714,MERCHANT,2024-05-31,FALSE,TRUE,NONE,1,AVAILABLE
BEN-QNG5CF,ACC-AH3XM2A,RAPIDO,EXT-7Q9AH8R,Canara Bank,CNRB0905934,MERCHANT,2024-07-07,FALSE,TRUE,NONE,2,AVAILABLE
BEN-7EU36V,ACC-AH3XM2A,TATA POWER BILLING,EXT-B9M80O2,Union Bank of India,UBIN0717889,MERCHANT,2024-07-23,FALSE,TRUE,NONE,1,AVAILABLE
BEN-S08TSJ,ACC-AH3XM2A,IRCTC,EXT-HJK1EYY,HDFC Bank,HDFC0724834,MERCHANT,2024-07-29,FALSE,TRUE,NONE,1,AVAILABLE
BEN-BSYPN0,ACC-AH3XM2A,Ijaya Chander,ACC-SP7RU86,HDFC Bank,UBIN0504238,FAMILY,2024-08-05,FALSE,TRUE,NONE,1,AVAILABLE
BEN-Q0WQCP,ACC-AH3XM2A,AMAZON PAY,EXT-OGYR3XK,IndusInd Bank,INDB0488162,MERCHANT,2024-10-24,FALSE,TRUE,NONE,1,AVAILABLE
BEN-BAYN12,ACC-AH3XM2A,SWIGGY,EXT-AK1VRJN,Kotak Mahindra Bank,KOTAK0900581,MERCHANT,2024-11-16,FALSE,TRUE,NONE,1,AVAILABLE
BEN-BCY6B7,ACC-AH3XM2A,Jagvi Dutt,ACC-BDH02YH,IDFC FIRST Bank,INDB0996997,FRIEND,2025-09-06,FALSE,TRUE,NONE,2,AVAILABLE
BEN-3G3B3G,ACC-AK04VVG,Bhanumati Ramesh,ACC-73J6IUU,ICICI Bank,PUNB0240772,FAMILY,2024-04-01,FALSE,TRUE,NONE,3,AVAILABLE
BEN-9ZJUEJ,ACC-AK04VVG,Eshana Sarin,ACC-52SOMK1,Kotak Mahindra Bank,SBIN0453922,FRIEND,2024-06-13,FALSE,TRUE,NONE,1,AVAILABLE
BEN-8JSK99,ACC-AK04VVG,MEDPLUS,EXT-JXK87AU,Axis Bank,UTIB0612340,MERCHANT,2024-08-22,FALSE,TRUE,NONE,2,AVAILABLE
BEN-8Y39VS,ACC-AK04VVG,RAPIDO,EXT-7Q9AH8R,Canara Bank,CNRB0905934,MERCHANT,2025-03-02,FALSE,TRUE,NONE,2,AVAILABLE
BEN-2HPV9V,ACC-AK04VVG,JIO RECHARGE,EXT-ZRENUN5,Punjab National Bank,PUNB0514850,MERCHANT,2025-03-10,FALSE,TRUE,NONE,1,AVAILABLE
BEN-WR16C0,ACC-AK04VVG,Alexander Nayar,ACC-FV4B1K1,Yes Bank,YESB0901670,FAMILY,2025-04-22,FALSE,TRUE,NONE,1,AVAILABLE
BEN-W4X2CP,ACC-AK04VVG,INDIAN OIL,EXT-R9OUDOC,Bank of Baroda,BARB0944151,MERCHANT,2025-06-06,FALSE,TRUE,NONE,2,AVAILABLE
BEN-CS9KLF,ACC-AMA18WP,Faris Gera,ACC-QHDK3Z4,Punjab National Bank,BARB0589013,FAMILY,2024-06-22,FALSE,TRUE,NONE,3,AVAILABLE
BEN-QAM64P,ACC-AMA18WP,SWIGGY,EXT-AK1VRJN,Kotak Mahindra Bank,KOTAK0900581,MERCHANT,2024-08-07,FALSE,TRUE,NONE,1,AVAILABLE
BEN-O7O6VK,ACC-AMA18WP,RELIANCE DIGITAL,EXT-Q6L6GT6,Yes Bank,YESB0738551,MERCHANT,2024-10-21,FALSE,TRUE,NONE,1,AVAILABLE
BEN-QU7X37,ACC-AMA18WP,ZOMATO,EXT-C38HYF9,Punjab National Bank,PUNB0407419,MERCHANT,2024-10-27,FALSE,TRUE,NONE,1,AVAILABLE
BEN-25ZUYL,ACC-AMA18WP,BIGBASKET,EXT-NREK8PK,Punjab National Bank,PUNB0584714,MERCHANT,2024-11-27,FALSE,TRUE,NONE,1,AVAILABLE
BEN-5ZFVPV,ACC-AMA18WP,BOOKMYSHOW,EXT-1ZXOI65,Yes Bank,YESB0195325,MERCHANT,2025-02-10,FALSE,TRUE,NONE,1,AVAILABLE
BEN-67BEES,ACC-AMA18WP,JIO RECHARGE,EXT-ZRENUN5,Punjab National Bank,PUNB0514850,MERCHANT,2025-03-22,FALSE,TRUE,NONE,1,AVAILABLE
BEN-D2VWKG,ACC-AMA18WP,Upadhriti Sankaran,ACC-9FN202S,Kotak Mahindra Bank,BARB0833625,FAMILY,2025-09-11,FALSE,TRUE,NONE,1,AVAILABLE
BEN-EET84A,ACC-AO08CAP,Christopher Hari,ACC-RMJ1BMF,HDFC Bank,HDFC0192433,FRIEND,2024-03-29,FALSE,TRUE,NONE,2,AVAILABLE
BEN-J6C84Z,ACC-AO08CAP,BOOKMYSHOW,EXT-1ZXOI65,Yes Bank,YESB0195325,MERCHANT,2024-04-18,FALSE,TRUE,NONE,1,AVAILABLE
BEN-ZL5Q4X,ACC-AO08CAP,TATA POWER BILLING,EXT-B9M80O2,Union Bank of India,UBIN0717889,MERCHANT,2024-05-11,FALSE,TRUE,NONE,1,AVAILABLE
BEN-ZI1QSA,ACC-AO08CAP,Vyanjana Pau,ACC-CFU5HYS,Yes Bank,BARB0123714,FAMILY,2024-05-19,FALSE,TRUE,NONE,2,AVAILABLE
BEN-O303CD,ACC-AO08CAP,AIRTEL POSTPAID,EXT-8F1CBFN,IndusInd Bank,INDB0343962,MERCHANT,2024-08-07,FALSE,TRUE,NONE,3,AVAILABLE
BEN-K1U6A1,ACC-AO08CAP,BLINKIT,EXT-3JQIP98,IndusInd Bank,INDB0375504,MERCHANT,2024-09-02,FALSE,TRUE,NONE,1,AVAILABLE
BEN-W9KRTJ,ACC-AO08CAP,BIGBASKET,EXT-NREK8PK,Punjab National Bank,PUNB0584714,MERCHANT,2024-09-25,FALSE,TRUE,NONE,1,AVAILABLE
BEN-3X0QKC,ACC-AO08CAP,IRCTC,EXT-HJK1EYY,HDFC Bank,HDFC0724834,MERCHANT,2024-11-30,FALSE,TRUE,NONE,1,AVAILABLE
BEN-T40P63,ACC-ARN9585,RAPIDO,EXT-7Q9AH8R,Canara Bank,CNRB0905934,MERCHANT,2024-07-24,FALSE,TRUE,NONE,1,AVAILABLE
BEN-1R2Z3L,ACC-ARN9585,INDIAN OIL,EXT-R9OUDOC,Bank of Baroda,BARB0944151,MERCHANT,2024-08-19,FALSE,TRUE,NONE,1,AVAILABLE
BEN-WO97B8,ACC-ARN9585,BOOKMYSHOW,EXT-1ZXOI65,Yes Bank,YESB0195325,MERCHANT,2024-12-23,FALSE,TRUE,NONE,1,AVAILABLE
BEN-6YO2CZ,ACC-ARN9585,MEDPLUS,EXT-JXK87AU,Axis Bank,UTIB0612340,MERCHANT,2025-01-08,FALSE,TRUE,NONE,1,AVAILABLE
BEN-QD9JB6,ACC-ARN9585,BLINKIT,EXT-3JQIP98,IndusInd Bank,INDB0375504,MERCHANT,2025-02-18,FALSE,TRUE,NONE,2,AVAILABLE
BEN-5PE5JN,ACC-ARN9585,SWIGGY,EXT-AK1VRJN,Kotak Mahindra Bank,KOTAK0900581,MERCHANT,2025-02-18,FALSE,TRUE,NONE,1,AVAILABLE
BEN-RO83B1,ACC-ARN9585,RELIANCE DIGITAL,EXT-Q6L6GT6,Yes Bank,YESB0738551,MERCHANT,2025-05-27,FALSE,TRUE,NONE,1,AVAILABLE
BEN-FTQ941,ACC-ARN9585,BIGBASKET,EXT-NREK8PK,Punjab National Bank,PUNB0584714,MERCHANT,2025-07-18,FALSE,TRUE,NONE,1,AVAILABLE
BEN-IXRT4O,ACC-AWXUF9Q,INDIAN OIL,EXT-R9OUDOC,Bank of Baroda,BARB0944151,MERCHANT,2024-07-03,FALSE,TRUE,NONE,1,AVAILABLE
BEN-MXX499,ACC-AWXUF9Q,SWIGGY,EXT-AK1VRJN,Kotak Mahindra Bank,KOTAK0900581,MERCHANT,2024-07-15,FALSE,TRUE,NONE,1,AVAILABLE
BEN-V838TI,ACC-AWXUF9Q,Siya Brar (Landlord),EXT-42YNERE,ICICI Bank,SBIN0109262,UNKNOWN,2024-08-15,FALSE,TRUE,NONE,5,AVAILABLE
BEN-J8MBGU,ACC-AWXUF9Q,Devansh Bedi,EXT-E3ZPCBE,IndusInd Bank,PUNB0440146,UNKNOWN,2025-02-05,FALSE,TRUE,NONE,1,AVAILABLE
BEN-5Q33JH,ACC-AWXUF9Q,AIRTEL POSTPAID,EXT-8F1CBFN,IndusInd Bank,INDB0343962,MERCHANT,2025-06-21,FALSE,TRUE,NONE,2,AVAILABLE
BEN-HWC6K4,ACC-AWXUF9Q,RAPIDO,EXT-7Q9AH8R,Canara Bank,CNRB0905934,MERCHANT,2025-07-18,FALSE,TRUE,NONE,2,AVAILABLE
BEN-E72LOS,ACC-AWXUF9Q,TATA POWER BILLING,EXT-B9M80O2,Union Bank of India,UBIN0717889,MERCHANT,2025-10-09,FALSE,TRUE,NONE,1,AVAILABLE
BEN-KL4SFQ,ACC-B2JA7EF,AIRTEL POSTPAID,EXT-8F1CBFN,IndusInd Bank,INDB0343962,MERCHANT,2024-04-28,FALSE,TRUE,NONE,2,AVAILABLE
BEN-UQI4CG,ACC-B2JA7EF,IRCTC,EXT-HJK1EYY,HDFC Bank,HDFC0724834,MERCHANT,2024-06-23,FALSE,TRUE,NONE,1,AVAILABLE
BEN-YS56UI,ACC-B2JA7EF,JIO RECHARGE,EXT-ZRENUN5,Punjab National Bank,PUNB0514850,MERCHANT,2024-07-25,FALSE,TRUE,NONE,1,AVAILABLE
BEN-NDS4H8,ACC-B2JA7EF,INDIAN OIL,EXT-R9OUDOC,Bank of Baroda,BARB0944151,MERCHANT,2025-05-21,FALSE,TRUE,NONE,1,AVAILABLE
BEN-6VT6DF,ACC-B2JA7EF,RAPIDO,EXT-7Q9AH8R,Canara Bank,CNRB0905934,MERCHANT,2025-06-13,FALSE,TRUE,NONE,1,AVAILABLE
BEN-L3M3DZ,ACC-B2JA7EF,Zarna Kale,ACC-K9XH0HH,Canara Bank,HDFC0851713,FAMILY,2025-09-16,FALSE,TRUE,NONE,1,AVAILABLE
BEN-R34MYB,ACC-B2JA7EF,SWIGGY,EXT-AK1VRJN,Kotak Mahindra Bank,KOTAK0900581,MERCHANT,2025-10-21,FALSE,TRUE,NONE,1,AVAILABLE
BEN-9JEHXR,ACC-B56HEP2,IRCTC,EXT-HJK1EYY,HDFC Bank,HDFC0724834,MERCHANT,2024-03-14,FALSE,TRUE,NONE,1,AVAILABLE
BEN-A8LFHL,ACC-B56HEP2,AIRTEL POSTPAID,EXT-8F1CBFN,IndusInd Bank,INDB0343962,MERCHANT,2024-05-06,FALSE,TRUE,NONE,1,AVAILABLE
BEN-IB8EA1,ACC-B56HEP2,Hardik Shah,ACC-5ZTKB9Z,Yes Bank,ICIC0278755,FRIEND,2024-10-22,FALSE,TRUE,NONE,1,AVAILABLE
BEN-AQX4GY,ACC-B56HEP2,BIGBASKET,EXT-NREK8PK,Punjab National Bank,PUNB0584714,MERCHANT,2024-11-13,FALSE,TRUE,NONE,1,AVAILABLE
BEN-UWL87T,ACC-B56HEP2,BLINKIT,EXT-3JQIP98,IndusInd Bank,INDB0375504,MERCHANT,2024-12-14,FALSE,TRUE,NONE,2,AVAILABLE
BEN-GAT7I2,ACC-B56HEP2,INDIAN OIL,EXT-R9OUDOC,Bank of Baroda,BARB0944151,MERCHANT,2025-03-16,FALSE,TRUE,NONE,1,AVAILABLE
BEN-HMT0C6,ACC-B56HEP2,ZOMATO,EXT-C38HYF9,Punjab National Bank,PUNB0407419,MERCHANT,2025-03-24,FALSE,TRUE,NONE,1,AVAILABLE
BEN-8DQKWO,ACC-B56HEP2,SWIGGY,EXT-AK1VRJN,Kotak Mahindra Bank,KOTAK0900581,MERCHANT,2025-03-29,FALSE,TRUE,NONE,1,AVAILABLE
BEN-6J31TS,ACC-B56HEP2,Chandani Pandya,ACC-TKMP1LP,Canara Bank,KOTAK0322905,FAMILY,2025-04-04,FALSE,TRUE,NONE,1,AVAILABLE
BEN-V98WI1,ACC-B5SQ0ZY,TATA POWER BILLING,EXT-B9M80O2,Union Bank of India,UBIN0717889,MERCHANT,2024-05-15,FALSE,TRUE,NONE,1,AVAILABLE
BEN-8T7YM8,ACC-B5SQ0ZY,SWIGGY,EXT-AK1VRJN,Kotak Mahindra Bank,KOTAK0900581,MERCHANT,2024-06-07,FALSE,TRUE,NONE,1,AVAILABLE
BEN-8VT2VF,ACC-B5SQ0ZY,ZOMATO,EXT-C38HYF9,Punjab National Bank,PUNB0407419,MERCHANT,2024-06-13,FALSE,TRUE,NONE,2,AVAILABLE
BEN-2WC3DR,ACC-B5SQ0ZY,Varsha Chandran,ACC-J1YE24Z,Yes Bank,HDFC0521316,FRIEND,2024-07-14,FALSE,TRUE,NONE,3,AVAILABLE
BEN-7BHF31,ACC-B5SQ0ZY,BOOKMYSHOW,EXT-1ZXOI65,Yes Bank,YESB0195325,MERCHANT,2024-08-18,FALSE,TRUE,NONE,1,AVAILABLE
BEN-RP5CLQ,ACC-B5SQ0ZY,AMAZON PAY,EXT-OGYR3XK,IndusInd Bank,INDB0488162,MERCHANT,2024-10-18,FALSE,TRUE,NONE,1,AVAILABLE
BEN-JVVFR6,ACC-B5SQ0ZY,JIO RECHARGE,EXT-ZRENUN5,Punjab National Bank,PUNB0514850,MERCHANT,2025-01-26,FALSE,TRUE,NONE,1,AVAILABLE
BEN-O9QSMT,ACC-B5SQ0ZY,Timothy Anne,ACC-XQS3H4D,Yes Bank,IDFB0146969,FRIEND,2025-04-02,FALSE,TRUE,NONE,1,AVAILABLE
BEN-W6KXXK,ACC-B5SQ0ZY,Teerth Kadakia,ACC-2WFUDM7,Canara Bank,SBIN0388103,FRIEND,2025-07-29,FALSE,TRUE,NONE,1,AVAILABLE
BEN-TI0HR0,ACC-B5SQ0ZY,Oscar Konda (Landlord),EXT-DEP1KXL,HDFC Bank,CNRB0258157,UNKNOWN,2025-09-21,FALSE,TRUE,NONE,4,AVAILABLE
BEN-Z117ZC,ACC-B5UL5NW,Shravya Patla,ACC-Z565OD7,IndusInd Bank,BARB0462225,FRIEND,2024-03-18,FALSE,TRUE,NONE,2,AVAILABLE
BEN-5NL0A1,ACC-B5UL5NW,RELIANCE DIGITAL,EXT-Q6L6GT6,Yes Bank,YESB0738551,MERCHANT,2024-07-14,FALSE,TRUE,NONE,2,AVAILABLE
BEN-GX58O3,ACC-B5UL5NW,Sneha Mukherjee,ACC-KRJ1925,Yes Bank,YESB0251078,FRIEND,2024-12-29,FALSE,TRUE,NONE,2,AVAILABLE
BEN-ULOUH0,ACC-B5UL5NW,BOOKMYSHOW,EXT-1ZXOI65,Yes Bank,YESB0195325,MERCHANT,2025-01-16,FALSE,TRUE,NONE,1,AVAILABLE
BEN-01TQ5N,ACC-B5UL5NW,RAPIDO,EXT-7Q9AH8R,Canara Bank,CNRB0905934,MERCHANT,2025-01-29,FALSE,TRUE,NONE,2,AVAILABLE
BEN-UWJ8MN,ACC-B5UL5NW,IRCTC,EXT-HJK1EYY,HDFC Bank,HDFC0724834,MERCHANT,2025-02-25,FALSE,TRUE,NONE,1,AVAILABLE
BEN-YCA7U7,ACC-B5UL5NW,BIGBASKET,EXT-NREK8PK,Punjab National Bank,PUNB0584714,MERCHANT,2025-06-05,FALSE,TRUE,NONE,1,AVAILABLE
BEN-2ARMMO,ACC-B5UL5NW,Urmi Prasad,ACC-6SR17OT,HDFC Bank,UBIN0826585,FRIEND,2025-09-10,FALSE,TRUE,NONE,2,AVAILABLE
BEN-7WQ4Q7,ACC-BDH02YH,BIGBASKET,EXT-NREK8PK,Punjab National Bank,PUNB0584714,MERCHANT,2024-08-01,FALSE,TRUE,NONE,1,AVAILABLE
BEN-YNH3E0,ACC-BDH02YH,AMAZON PAY,EXT-OGYR3XK,IndusInd Bank,INDB0488162,MERCHANT,2024-12-05,FALSE,TRUE,NONE,2,AVAILABLE
BEN-MEL460,ACC-BDH02YH,Vincent Mutti,ACC-73J6IUU,Bank of Baroda,BARB0863118,FAMILY,2025-01-17,FALSE,TRUE,NONE,1,AVAILABLE
BEN-ILC9BJ,ACC-BDH02YH,IRCTC,EXT-HJK1EYY,HDFC Bank,HDFC0724834,MERCHANT,2025-01-25,FALSE,TRUE,NONE,1,AVAILABLE
BEN-GIG7GV,ACC-BDH02YH,JIO RECHARGE,EXT-ZRENUN5,Punjab National Bank,PUNB0514850,MERCHANT,2025-04-29,FALSE,TRUE,NONE,1,AVAILABLE
BEN-1YJLSI,ACC-BDH02YH,BOOKMYSHOW,EXT-1ZXOI65,Yes Bank,YESB0195325,MERCHANT,2025-05-21,FALSE,TRUE,NONE,1,AVAILABLE
BEN-1L0YM2,ACC-BDH02YH,BLINKIT,EXT-3JQIP98,IndusInd Bank,INDB0375504,MERCHANT,2025-06-27,FALSE,TRUE,NONE,1,AVAILABLE
BEN-JKMQT7,ACC-BDH02YH,RELIANCE DIGITAL,EXT-Q6L6GT6,Yes Bank,YESB0738551,MERCHANT,2025-08-12,FALSE,TRUE,NONE,1,AVAILABLE
BEN-CGLS62,ACC-BDH02YH,AIRTEL POSTPAID,EXT-8F1CBFN,IndusInd Bank,INDB0343962,MERCHANT,2025-10-31,FALSE,TRUE,NONE,2,AVAILABLE
BEN-UM9IWC,ACC-BQR9LC5,SWIGGY,EXT-AK1VRJN,Kotak Mahindra Bank,KOTAK0900581,MERCHANT,2024-03-16,FALSE,TRUE,NONE,1,AVAILABLE
BEN-XX7C2K,ACC-BQR9LC5,BIGBASKET,EXT-NREK8PK,Punjab National Bank,PUNB0584714,MERCHANT,2024-04-19,FALSE,TRUE,NONE,1,AVAILABLE
BEN-ZT464R,ACC-BQR9LC5,DMART ONLINE,EXT-VHS1K3A,IndusInd Bank,INDB0857168,MERCHANT,2024-07-08,FALSE,TRUE,NONE,2,AVAILABLE
BEN-7AEFNS,ACC-BQR9LC5,INDIAN OIL,EXT-R9OUDOC,Bank of Baroda,BARB0944151,MERCHANT,2024-11-17,FALSE,TRUE,NONE,1,AVAILABLE
BEN-7MXBD2,ACC-BQR9LC5,Bachittar Butala,ACC-KC6Q0S7,Punjab National Bank,INDB0606154,FAMILY,2024-12-20,FALSE,TRUE,NONE,2,AVAILABLE
BEN-SYGS9O,ACC-BQR9LC5,IRCTC,EXT-HJK1EYY,HDFC Bank,HDFC0724834,MERCHANT,2025-01-09,FALSE,TRUE,NONE,3,AVAILABLE
BEN-S8E6WK,ACC-BRCL472,AIRTEL POSTPAID,EXT-8F1CBFN,IndusInd Bank,INDB0343962,MERCHANT,2024-07-24,FALSE,TRUE,NONE,1,AVAILABLE
BEN-6RVAMM,ACC-BRCL472,RELIANCE DIGITAL,EXT-Q6L6GT6,Yes Bank,YESB0738551,MERCHANT,2024-12-04,FALSE,TRUE,NONE,1,AVAILABLE
BEN-A5IFYR,ACC-BRCL472,ZOMATO,EXT-C38HYF9,Punjab National Bank,PUNB0407419,MERCHANT,2025-01-02,FALSE,TRUE,NONE,1,AVAILABLE
BEN-E645WC,ACC-BRCL472,JIO RECHARGE,EXT-ZRENUN5,Punjab National Bank,PUNB0514850,MERCHANT,2025-10-25,FALSE,TRUE,NONE,1,AVAILABLE
BEN-WAISV4,ACC-BS5FI6E,BOOKMYSHOW,EXT-1ZXOI65,Yes Bank,YESB0195325,MERCHANT,2024-06-02,FALSE,TRUE,NONE,1,AVAILABLE
BEN-MDJ874,ACC-BS5FI6E,JIO RECHARGE,EXT-ZRENUN5,Punjab National Bank,PUNB0514850,MERCHANT,2024-07-31,FALSE,TRUE,NONE,1,AVAILABLE
BEN-4C2O7C,ACC-BS5FI6E,BLINKIT,EXT-3JQIP98,IndusInd Bank,INDB0375504,MERCHANT,2024-10-17,FALSE,TRUE,NONE,1,AVAILABLE
BEN-B0UASQ,ACC-BS5FI6E,INDIAN OIL,EXT-R9OUDOC,Bank of Baroda,BARB0944151,MERCHANT,2025-06-10,FALSE,TRUE,NONE,1,AVAILABLE
BEN-4DWODS,ACC-BS5FI6E,BIGBASKET,EXT-NREK8PK,Punjab National Bank,PUNB0584714,MERCHANT,2025-09-19,FALSE,TRUE,NONE,1,AVAILABLE
BEN-1MEQ0U,ACC-BS5FI6E,SWIGGY,EXT-AK1VRJN,Kotak Mahindra Bank,KOTAK0900581,MERCHANT,2025-10-02,FALSE,TRUE,NONE,1,AVAILABLE
BEN-TVXVX1,ACC-BS5FI6E,Watika Dalal,ACC-FV4B1K1,HDFC Bank,IDFB0200662,FAMILY,2025-10-05,FALSE,TRUE,NONE,2,AVAILABLE
BEN-0ZG5QZ,ACC-BS5FI6E,MEDPLUS,EXT-JXK87AU,Axis Bank,UTIB0612340,MERCHANT,2025-10-28,FALSE,TRUE,NONE,1,AVAILABLE
BEN-U1WB74,ACC-BVN8NN8,DMART ONLINE,EXT-VHS1K3A,IndusInd Bank,INDB0857168,MERCHANT,2024-04-19,FALSE,TRUE,NONE,1,AVAILABLE
BEN-3BPJRR,ACC-BVN8NN8,Balvan Badami,ACC-NHLLA92,ICICI Bank,BARB0242238,FAMILY,2024-06-11,FALSE,TRUE,NONE,3,AVAILABLE
BEN-REB9A8,ACC-BVN8NN8,BIGBASKET,EXT-NREK8PK,Punjab National Bank,PUNB0584714,MERCHANT,2024-09-24,FALSE,TRUE,NONE,1,AVAILABLE
BEN-ZUXD56,ACC-BVN8NN8,ZOMATO,EXT-C38HYF9,Punjab National Bank,PUNB0407419,MERCHANT,2025-07-13,FALSE,TRUE,NONE,1,AVAILABLE
BEN-GE40CY,ACC-BVN8NN8,IRCTC,EXT-HJK1EYY,HDFC Bank,HDFC0724834,MERCHANT,2025-08-01,FALSE,TRUE,NONE,1,AVAILABLE
BEN-4FDTHA,ACC-BVN8NN8,RAPIDO,EXT-7Q9AH8R,Canara Bank,CNRB0905934,MERCHANT,2025-09-17,FALSE,TRUE,NONE,1,AVAILABLE
BEN-3THKFG,ACC-BVN8NN8,TATA POWER BILLING,EXT-B9M80O2,Union Bank of India,UBIN0717889,MERCHANT,2025-10-23,FALSE,TRUE,NONE,1,AVAILABLE
BEN-LDBV9K,ACC-BX9X39I,MEDPLUS,EXT-JXK87AU,Axis Bank,UTIB0612340,MERCHANT,2024-05-26,FALSE,TRUE,NONE,1,AVAILABLE
BEN-FSKK4Z,ACC-BX9X39I,ZOMATO,EXT-C38HYF9,Punjab National Bank,PUNB0407419,MERCHANT,2024-06-27,FALSE,TRUE,NONE,1,AVAILABLE
BEN-V1BDGD,ACC-BX9X39I,BIGBASKET,EXT-NREK8PK,Punjab National Bank,PUNB0584714,MERCHANT,2024-12-26,FALSE,TRUE,NONE,1,AVAILABLE
BEN-PFFNL2,ACC-BX9X39I,Watika Saha,ACC-9F5G3UK,Kotak Mahindra Bank,SBIN0316268,FAMILY,2025-01-13,FALSE,TRUE,NONE,2,AVAILABLE
BEN-N98RU7,ACC-BX9X39I,Hardik Hayre,ACC-Q6WHDH2,Axis Bank,CNRB0884739,FRIEND,2025-07-10,FALSE,TRUE,NONE,2,AVAILABLE
BEN-XG9N4N,ACC-BX9X39I,RELIANCE DIGITAL,EXT-Q6L6GT6,Yes Bank,YESB0738551,MERCHANT,2025-07-11,FALSE,TRUE,NONE,1,AVAILABLE
BEN-92J68Q,ACC-BX9X39I,TATA POWER BILLING,EXT-B9M80O2,Union Bank of India,UBIN0717889,MERCHANT,2025-07-27,FALSE,TRUE,NONE,2,AVAILABLE
BEN-YXKY45,ACC-BX9X39I,IRCTC,EXT-HJK1EYY,HDFC Bank,HDFC0724834,MERCHANT,2025-10-10,FALSE,TRUE,NONE,1,AVAILABLE
BEN-DNSJR7,ACC-C04T2VY,BLINKIT,EXT-3JQIP98,IndusInd Bank,INDB0375504,MERCHANT,2024-06-10,FALSE,TRUE,NONE,1,AVAILABLE
BEN-IU7OCQ,ACC-C04T2VY,AMAZON PAY,EXT-OGYR3XK,IndusInd Bank,INDB0488162,MERCHANT,2024-08-08,FALSE,TRUE,NONE,1,AVAILABLE
BEN-698JQW,ACC-C04T2VY,RAPIDO,EXT-7Q9AH8R,Canara Bank,CNRB0905934,MERCHANT,2025-01-28,FALSE,TRUE,NONE,2,AVAILABLE
BEN-OP2WSF,ACC-C04T2VY,Ayush Kibe (Landlord),EXT-A40EVV5,State Bank of India,YESB0430015,UNKNOWN,2025-05-20,FALSE,TRUE,NONE,5,AVAILABLE
BEN-ML2RQ7,ACC-C04T2VY,Nilima Krishna,ACC-XMSTP3X,Punjab National Bank,PUNB0904885,FRIEND,2025-07-25,FALSE,TRUE,NONE,1,AVAILABLE
BEN-5SU5OQ,ACC-C04T2VY,BOOKMYSHOW,EXT-1ZXOI65,Yes Bank,YESB0195325,MERCHANT,2025-08-11,FALSE,TRUE,NONE,1,AVAILABLE
BEN-R79YS9,ACC-C04T2VY,ZOMATO,EXT-C38HYF9,Punjab National Bank,PUNB0407419,MERCHANT,2025-08-18,FALSE,TRUE,NONE,1,AVAILABLE
BEN-6SEMKC,ACC-C04T2VY,RELIANCE DIGITAL,EXT-Q6L6GT6,Yes Bank,YESB0738551,MERCHANT,2025-10-09,FALSE,TRUE,NONE,2,AVAILABLE
BEN-RMB5X3,ACC-C3DXMRX,Vyanjana Sunder,ACC-AH3XM2A,Axis Bank,HDFC0955168,FAMILY,2024-05-25,FALSE,TRUE,NONE,3,AVAILABLE
BEN-GY6T0S,ACC-C3DXMRX,Lucky Dhillon,ACC-U652FYS,IndusInd Bank,BARB0689881,FAMILY,2024-06-01,FALSE,TRUE,NONE,2,AVAILABLE
BEN-6LL5MG,ACC-C3DXMRX,INDIAN OIL,EXT-R9OUDOC,Bank of Baroda,BARB0944151,MERCHANT,2024-07-04,FALSE,TRUE,NONE,2,AVAILABLE
BEN-BDALR4,ACC-C3DXMRX,RAPIDO,EXT-7Q9AH8R,Canara Bank,CNRB0905934,MERCHANT,2024-08-18,FALSE,TRUE,NONE,1,AVAILABLE
BEN-50QVF1,ACC-C3DXMRX,Ridhi Kadakia,EXT-2BX80VJ,Union Bank of India,SBIN0172476,UNKNOWN,2025-03-17,FALSE,TRUE,NONE,1,AVAILABLE
BEN-2G1NJE,ACC-C3DXMRX,JIO RECHARGE,EXT-ZRENUN5,Punjab National Bank,PUNB0514850,MERCHANT,2025-07-13,FALSE,TRUE,NONE,1,AVAILABLE
BEN-6OGYWF,ACC-C3DXMRX,DMART ONLINE,EXT-VHS1K3A,IndusInd Bank,INDB0857168,MERCHANT,2025-08-05,FALSE,TRUE,NONE,1,AVAILABLE
BEN-K4LO3D,ACC-C3DXMRX,AIRTEL POSTPAID,EXT-8F1CBFN,IndusInd Bank,INDB0343962,MERCHANT,2025-09-03,FALSE,TRUE,NONE,1,AVAILABLE
BEN-NEG9BO,ACC-C3DXMRX,BIGBASKET,EXT-NREK8PK,Punjab National Bank,PUNB0584714,MERCHANT,2025-10-25,FALSE,TRUE,NONE,1,AVAILABLE
BEN-F4D120,ACC-C3Y7HAT,INDIAN OIL,EXT-R9OUDOC,Bank of Baroda,BARB0944151,MERCHANT,2024-03-29,FALSE,TRUE,NONE,1,AVAILABLE
BEN-FCKOE1,ACC-C3Y7HAT,ZOMATO,EXT-C38HYF9,Punjab National Bank,PUNB0407419,MERCHANT,2024-04-03,FALSE,TRUE,NONE,1,AVAILABLE
BEN-INK0GP,ACC-C3Y7HAT,TATA POWER BILLING,EXT-B9M80O2,Union Bank of India,UBIN0717889,MERCHANT,2024-05-06,FALSE,TRUE,NONE,1,AVAILABLE
BEN-N5263V,ACC-C3Y7HAT,JIO RECHARGE,EXT-ZRENUN5,Punjab National Bank,PUNB0514850,MERCHANT,2024-05-28,FALSE,TRUE,NONE,1,AVAILABLE
BEN-XA7S67,ACC-C3Y7HAT,BIGBASKET,EXT-NREK8PK,Punjab National Bank,PUNB0584714,MERCHANT,2024-08-22,FALSE,TRUE,NONE,1,AVAILABLE
BEN-F8UWCZ,ACC-C3Y7HAT,Karan Hayre,ACC-I9NWRI1,Axis Bank,CNRB0167042,FRIEND,2024-08-24,FALSE,TRUE,NONE,2,AVAILABLE
BEN-X77WSM,ACC-C3Y7HAT,Sachi Karan (Landlord),EXT-R2VCN5R,Axis Bank,UTIB0111055,UNKNOWN,2024-12-26,FALSE,TRUE,NONE,5,AVAILABLE
BEN-DL2ZXE,ACC-C3Y7HAT,RAPIDO,EXT-7Q9AH8R,Canara Bank,CNRB0905934,MERCHANT,2025-03-29,FALSE,TRUE,NONE,2,AVAILABLE
BEN-XJEY9C,ACC-C3Y7HAT,SWIGGY,EXT-AK1VRJN,Kotak Mahindra Bank,KOTAK0900581,MERCHANT,2025-10-21,FALSE,TRUE,NONE,1,AVAILABLE
BEN-6R4TNB,ACC-C3Y7HAT,AMAZON PAY,EXT-OGYR3XK,IndusInd Bank,INDB0488162,MERCHANT,2025-10-23,FALSE,TRUE,NONE,1,AVAILABLE
BEN-CP2GKL,ACC-C3Y7HAT,Kashvi Sabharwal,ACC-FPEA0JL,Canara Bank,INDB0952598,FRIEND,2025-10-27,FALSE,TRUE,NONE,1,AVAILABLE
BEN-ND5GOX,ACC-C46C17Z,AMAZON PAY,EXT-OGYR3XK,IndusInd Bank,INDB0488162,MERCHANT,2024-04-29,FALSE,TRUE,NONE,1,AVAILABLE
BEN-3ASEHM,ACC-C46C17Z,AIRTEL POSTPAID,EXT-8F1CBFN,IndusInd Bank,INDB0343962,MERCHANT,2024-06-08,FALSE,TRUE,NONE,2,AVAILABLE
BEN-7IR0PM,ACC-C46C17Z,BLINKIT,EXT-3JQIP98,IndusInd Bank,INDB0375504,MERCHANT,2024-06-26,FALSE,TRUE,NONE,1,AVAILABLE
BEN-MF0N0E,ACC-C46C17Z,JIO RECHARGE,EXT-ZRENUN5,Punjab National Bank,PUNB0514850,MERCHANT,2024-08-25,FALSE,TRUE,NONE,1,AVAILABLE
BEN-2MQHUO,ACC-C46C17Z,BOOKMYSHOW,EXT-1ZXOI65,Yes Bank,YESB0195325,MERCHANT,2025-09-25,FALSE,TRUE,NONE,1,AVAILABLE
BEN-YJLV1I,ACC-C46C17Z,TATA POWER BILLING,EXT-B9M80O2,Union Bank of India,UBIN0717889,MERCHANT,2025-09-30,FALSE,TRUE,NONE,1,AVAILABLE
BEN-43LK1A,ACC-C46C17Z,MEDPLUS,EXT-JXK87AU,Axis Bank,UTIB0612340,MERCHANT,2025-10-08,FALSE,TRUE,NONE,1,AVAILABLE
BEN-MJ30LT,ACC-C4XYJLC,ZOMATO,EXT-C38HYF9,Punjab National Bank,PUNB0407419,MERCHANT,2024-04-01,FALSE,TRUE,NONE,1,AVAILABLE
BEN-WUEH1J,ACC-C4XYJLC,BIGBASKET,EXT-NREK8PK,Punjab National Bank,PUNB0584714,MERCHANT,2024-05-01,FALSE,TRUE,NONE,1,AVAILABLE
BEN-4TZ0S7,ACC-C4XYJLC,AMAZON PAY,EXT-OGYR3XK,IndusInd Bank,INDB0488162,MERCHANT,2024-05-18,FALSE,TRUE,NONE,1,AVAILABLE
BEN-CKR1QD,ACC-C4XYJLC,TATA POWER BILLING,EXT-B9M80O2,Union Bank of India,UBIN0717889,MERCHANT,2024-06-30,FALSE,TRUE,NONE,2,AVAILABLE
BEN-VGOW5K,ACC-C4XYJLC,DMART ONLINE,EXT-VHS1K3A,IndusInd Bank,INDB0857168,MERCHANT,2024-09-30,FALSE,TRUE,NONE,2,AVAILABLE
BEN-NTMC0V,ACC-C4XYJLC,AIRTEL POSTPAID,EXT-8F1CBFN,IndusInd Bank,INDB0343962,MERCHANT,2024-11-19,FALSE,TRUE,NONE,1,AVAILABLE
BEN-9GI4HO,ACC-C4XYJLC,Ridhi Yohannan (Landlord),EXT-XH19TG9,Axis Bank,UTIB0679836,UNKNOWN,2025-04-14,FALSE,TRUE,NONE,5,AVAILABLE
BEN-P586N6,ACC-C9ODQQB,AIRTEL POSTPAID,EXT-8F1CBFN,IndusInd Bank,INDB0343962,MERCHANT,2024-05-08,FALSE,TRUE,NONE,1,AVAILABLE
BEN-U84T5P,ACC-C9ODQQB,Fiyaz Roy,ACC-R7CETEN,Union Bank of India,HDFC0347794,FRIEND,2024-06-07,FALSE,TRUE,NONE,3,AVAILABLE
BEN-3JKRDM,ACC-C9ODQQB,Jeet Bhasin,ACC-G8WJAI7,IndusInd Bank,UBIN0193441,FRIEND,2024-09-17,FALSE,TRUE,NONE,3,AVAILABLE
BEN-W8TG90,ACC-C9ODQQB,DMART ONLINE,EXT-VHS1K3A,IndusInd Bank,INDB0857168,MERCHANT,2024-12-17,FALSE,TRUE,NONE,1,AVAILABLE
BEN-I9JFYQ,ACC-C9ODQQB,Gaurika Mane,EXT-YGTKZH0,Punjab National Bank,CNRB0595634,UNKNOWN,2025-03-07,FALSE,TRUE,NONE,1,AVAILABLE
BEN-0W1WU3,ACC-C9ODQQB,RAPIDO,EXT-7Q9AH8R,Canara Bank,CNRB0905934,MERCHANT,2025-03-23,FALSE,TRUE,NONE,2,AVAILABLE
BEN-I7E4TJ,ACC-C9ODQQB,SWIGGY,EXT-AK1VRJN,Kotak Mahindra Bank,KOTAK0900581,MERCHANT,2025-06-19,FALSE,TRUE,NONE,1,AVAILABLE
BEN-6LBA8J,ACC-C9ODQQB,MEDPLUS,EXT-JXK87AU,Axis Bank,UTIB0612340,MERCHANT,2025-08-23,FALSE,TRUE,NONE,1,AVAILABLE
BEN-F0A4QL,ACC-C9ODQQB,AMAZON PAY,EXT-OGYR3XK,IndusInd Bank,INDB0488162,MERCHANT,2025-10-31,FALSE,TRUE,NONE,1,AVAILABLE
BEN-GZNC9Y,ACC-CAIKVW2,TATA POWER BILLING,EXT-B9M80O2,Union Bank of India,UBIN0717889,MERCHANT,2024-08-17,FALSE,TRUE,NONE,2,AVAILABLE
BEN-WZIK5E,ACC-CAIKVW2,Wriddhish Tandon,ACC-5ZTKB9Z,State Bank of India,KOTAK0606492,FRIEND,2024-11-28,FALSE,TRUE,NONE,1,AVAILABLE
BEN-9V81J1,ACC-CAIKVW2,RAPIDO,EXT-7Q9AH8R,Canara Bank,CNRB0905934,MERCHANT,2025-01-11,FALSE,TRUE,NONE,1,AVAILABLE
BEN-XEGI8X,ACC-CAIKVW2,BIGBASKET,EXT-NREK8PK,Punjab National Bank,PUNB0584714,MERCHANT,2025-02-05,FALSE,TRUE,NONE,1,AVAILABLE
BEN-LPM5V2,ACC-CAIKVW2,Ojasvi Natarajan,ACC-9F5G3UK,Kotak Mahindra Bank,PUNB0773157,FRIEND,2025-02-27,FALSE,TRUE,NONE,5,AVAILABLE
BEN-QXOUH2,ACC-CAIKVW2,INDIAN OIL,EXT-R9OUDOC,Bank of Baroda,BARB0944151,MERCHANT,2025-05-03,FALSE,TRUE,NONE,2,AVAILABLE
BEN-SDA1RG,ACC-CAIKVW2,JIO RECHARGE,EXT-ZRENUN5,Punjab National Bank,PUNB0514850,MERCHANT,2025-06-15,FALSE,TRUE,NONE,1,AVAILABLE
BEN-GPH399,ACC-CAIKVW2,IRCTC,EXT-HJK1EYY,HDFC Bank,HDFC0724834,MERCHANT,2025-07-14,FALSE,TRUE,NONE,1,AVAILABLE
BEN-S7Z8JX,ACC-CBKOGG5,SWIGGY,EXT-AK1VRJN,Kotak Mahindra Bank,KOTAK0900581,MERCHANT,2024-08-14,FALSE,TRUE,NONE,1,AVAILABLE
BEN-NIUOV1,ACC-CBKOGG5,AIRTEL POSTPAID,EXT-8F1CBFN,IndusInd Bank,INDB0343962,MERCHANT,2024-09-10,FALSE,TRUE,NONE,1,AVAILABLE
BEN-5QH0DC,ACC-CBKOGG5,BIGBASKET,EXT-NREK8PK,Punjab National Bank,PUNB0584714,MERCHANT,2024-10-18,FALSE,TRUE,NONE,1,AVAILABLE
BEN-4UR8VO,ACC-CBKOGG5,DMART ONLINE,EXT-VHS1K3A,IndusInd Bank,INDB0857168,MERCHANT,2024-10-24,FALSE,TRUE,NONE,1,AVAILABLE
BEN-WU8ULP,ACC-CBKOGG5,ZOMATO,EXT-C38HYF9,Punjab National Bank,PUNB0407419,MERCHANT,2024-11-10,FALSE,TRUE,NONE,1,AVAILABLE
BEN-XF7XVU,ACC-CBKOGG5,INDIAN OIL,EXT-R9OUDOC,Bank of Baroda,BARB0944151,MERCHANT,2024-12-29,FALSE,TRUE,NONE,1,AVAILABLE
BEN-L0EZCP,ACC-CBKOGG5,BLINKIT,EXT-3JQIP98,IndusInd Bank,INDB0375504,MERCHANT,2025-02-18,FALSE,TRUE,NONE,1,AVAILABLE
BEN-QP8E4X,ACC-CDP9AJG,AMAZON PAY,EXT-OGYR3XK,IndusInd Bank,INDB0488162,MERCHANT,2024-05-02,FALSE,TRUE,NONE,1,AVAILABLE
BEN-ACGEI0,ACC-CDP9AJG,BLINKIT,EXT-3JQIP98,IndusInd Bank,INDB0375504,MERCHANT,2024-06-01,FALSE,TRUE,NONE,1,AVAILABLE
BEN-XWAX8C,ACC-CDP9AJG,TATA POWER BILLING,EXT-B9M80O2,Union Bank of India,UBIN0717889,MERCHANT,2024-07-02,FALSE,TRUE,NONE,2,AVAILABLE
BEN-6HSEYR,ACC-CDP9AJG,Kamala Sathe,ACC-70SBOVV,State Bank of India,HDFC0524569,FRIEND,2024-12-11,FALSE,TRUE,NONE,2,AVAILABLE
BEN-ECJFF4,ACC-CDP9AJG,RELIANCE DIGITAL,EXT-Q6L6GT6,Yes Bank,YESB0738551,MERCHANT,2025-04-23,FALSE,TRUE,NONE,1,AVAILABLE
BEN-SRRY27,ACC-CDP9AJG,BIGBASKET,EXT-NREK8PK,Punjab National Bank,PUNB0584714,MERCHANT,2025-04-28,FALSE,TRUE,NONE,2,AVAILABLE
BEN-1F59L3,ACC-CDP9AJG,Nirja Chaudhary,ACC-RMJ1BMF,IndusInd Bank,INDB0359565,FRIEND,2025-07-21,FALSE,TRUE,NONE,2,AVAILABLE
BEN-H0VKMV,ACC-CDP9AJG,SWIGGY,EXT-AK1VRJN,Kotak Mahindra Bank,KOTAK0900581,MERCHANT,2025-07-30,FALSE,TRUE,NONE,1,AVAILABLE
BEN-0GCQ60,ACC-CEM9N4N,AIRTEL POSTPAID,EXT-8F1CBFN,IndusInd Bank,INDB0343962,MERCHANT,2024-04-07,FALSE,TRUE,NONE,1,AVAILABLE
BEN-00G4RT,ACC-CEM9N4N,RELIANCE DIGITAL,EXT-Q6L6GT6,Yes Bank,YESB0738551,MERCHANT,2024-04-27,FALSE,TRUE,NONE,1,AVAILABLE
BEN-BE7QPI,ACC-CEM9N4N,IRCTC,EXT-HJK1EYY,HDFC Bank,HDFC0724834,MERCHANT,2024-07-06,FALSE,TRUE,NONE,1,AVAILABLE
BEN-U88IK7,ACC-CEM9N4N,MEDPLUS,EXT-JXK87AU,Axis Bank,UTIB0612340,MERCHANT,2024-12-10,FALSE,TRUE,NONE,1,AVAILABLE
BEN-K43PIL,ACC-CEM9N4N,Chandani Srinivasan,ACC-GG7JPM7,Yes Bank,YESB0809607,FRIEND,2025-04-26,FALSE,TRUE,NONE,2,AVAILABLE
BEN-3Z8I2S,ACC-CEM9N4N,Tanvi Rana,ACC-ARN9585,HDFC Bank,IDFB0381360,FAMILY,2025-06-07,FALSE,TRUE,NONE,1,AVAILABLE
BEN-2I4LU8,ACC-CEM9N4N,TATA POWER BILLING,EXT-B9M80O2,Union Bank of India,UBIN0717889,MERCHANT,2025-06-11,FALSE,TRUE,NONE,1,AVAILABLE
BEN-T4YNN6,ACC-CEM9N4N,RAPIDO,EXT-7Q9AH8R,Canara Bank,CNRB0905934,MERCHANT,2025-06-28,FALSE,TRUE,NONE,1,AVAILABLE
BEN-F1A6XH,ACC-CEM9N4N,SWIGGY,EXT-AK1VRJN,Kotak Mahindra Bank,KOTAK0900581,MERCHANT,2025-11-01,FALSE,TRUE,NONE,1,AVAILABLE
BEN-JR2S3J,ACC-CEQUA7O,IRCTC,EXT-HJK1EYY,HDFC Bank,HDFC0724834,MERCHANT,2024-04-21,FALSE,TRUE,NONE,2,AVAILABLE
BEN-F3PI13,ACC-CEQUA7O,DMART ONLINE,EXT-VHS1K3A,IndusInd Bank,INDB0857168,MERCHANT,2024-05-19,FALSE,TRUE,NONE,1,AVAILABLE
BEN-GF9ULX,ACC-CEQUA7O,Aryan Kant,ACC-XMSTP3X,State Bank of India,SBIN0674639,FRIEND,2024-06-22,FALSE,TRUE,NONE,3,AVAILABLE
BEN-B5DDCF,ACC-CEQUA7O,TATA POWER BILLING,EXT-B9M80O2,Union Bank of India,UBIN0717889,MERCHANT,2024-10-18,FALSE,TRUE,NONE,1,AVAILABLE
BEN-ZZEH4E,ACC-CEQUA7O,AMAZON PAY,EXT-OGYR3XK,IndusInd Bank,INDB0488162,MERCHANT,2025-01-21,FALSE,TRUE,NONE,1,AVAILABLE
BEN-MAG9SD,ACC-CEQUA7O,AIRTEL POSTPAID,EXT-8F1CBFN,IndusInd Bank,INDB0343962,MERCHANT,2025-05-01,FALSE,TRUE,NONE,1,AVAILABLE
BEN-A2AF9H,ACC-CEQUA7O,BOOKMYSHOW,EXT-1ZXOI65,Yes Bank,YESB0195325,MERCHANT,2025-09-23,FALSE,TRUE,NONE,1,AVAILABLE
BEN-MQIA96,ACC-CER8CLU,BOOKMYSHOW,EXT-1ZXOI65,Yes Bank,YESB0195325,MERCHANT,2024-04-03,FALSE,TRUE,NONE,2,AVAILABLE
BEN-SK0F63,ACC-CER8CLU,BLINKIT,EXT-3JQIP98,IndusInd Bank,INDB0375504,MERCHANT,2024-06-08,FALSE,TRUE,NONE,2,AVAILABLE
BEN-61H7NR,ACC-CER8CLU,AIRTEL POSTPAID,EXT-8F1CBFN,IndusInd Bank,INDB0343962,MERCHANT,2024-12-24,FALSE,TRUE,NONE,1,AVAILABLE
BEN-R11NHO,ACC-CER8CLU,IRCTC,EXT-HJK1EYY,HDFC Bank,HDFC0724834,MERCHANT,2025-04-25,FALSE,TRUE,NONE,1,AVAILABLE
BEN-62WHAL,ACC-CER8CLU,MEDPLUS,EXT-JXK87AU,Axis Bank,UTIB0612340,MERCHANT,2025-07-26,FALSE,TRUE,NONE,1,AVAILABLE
BEN-SS422A,ACC-CER8CLU,TATA POWER BILLING,EXT-B9M80O2,Union Bank of India,UBIN0717889,MERCHANT,2025-08-21,FALSE,TRUE,NONE,2,AVAILABLE
BEN-0WMYVO,ACC-CFU5HYS,BLINKIT,EXT-3JQIP98,IndusInd Bank,INDB0375504,MERCHANT,2024-04-05,FALSE,TRUE,NONE,1,AVAILABLE
BEN-TZT1MG,ACC-CFU5HYS,MEDPLUS,EXT-JXK87AU,Axis Bank,UTIB0612340,MERCHANT,2024-06-25,FALSE,TRUE,NONE,1,AVAILABLE
BEN-T9B6JL,ACC-CFU5HYS,Maanas Ganesan,ACC-C4XYJLC,Axis Bank,SBIN0417892,FAMILY,2024-09-26,FALSE,TRUE,NONE,2,AVAILABLE
BEN-O3R3Y5,ACC-CFU5HYS,IRCTC,EXT-HJK1EYY,HDFC Bank,HDFC0724834,MERCHANT,2024-11-15,FALSE,TRUE,NONE,1,AVAILABLE
BEN-MN53O6,ACC-CFU5HYS,BOOKMYSHOW,EXT-1ZXOI65,Yes Bank,YESB0195325,MERCHANT,2024-11-21,FALSE,TRUE,NONE,1,AVAILABLE
BEN-CMPGB3,ACC-CFU5HYS,Chakrika Singh,ACC-SRI2AOF,HDFC Bank,INDB0485035,FRIEND,2024-12-03,FALSE,TRUE,NONE,3,AVAILABLE
BEN-HJ3OY6,ACC-CFU5HYS,DMART ONLINE,EXT-VHS1K3A,IndusInd Bank,INDB0857168,MERCHANT,2025-06-02,FALSE,TRUE,NONE,1,AVAILABLE
BEN-OE265I,ACC-CFU5HYS,RAPIDO,EXT-7Q9AH8R,Canara Bank,CNRB0905934,MERCHANT,2025-08-06,FALSE,TRUE,NONE,1,AVAILABLE
BEN-7N3K1L,ACC-CFU5HYS,AMAZON PAY,EXT-OGYR3XK,IndusInd Bank,INDB0488162,MERCHANT,2025-10-07,FALSE,TRUE,NONE,1,AVAILABLE
BEN-8HF0JP,ACC-CR0F5PX,JIO RECHARGE,EXT-ZRENUN5,Punjab National Bank,PUNB0514850,MERCHANT,2024-04-06,FALSE,TRUE,NONE,1,AVAILABLE
BEN-WU6EQU,ACC-CR0F5PX,Dalaja De,ACC-Q2NS5MH,Bank of Baroda,INDB0871276,FAMILY,2024-06-03,FALSE,TRUE,NONE,4,AVAILABLE
BEN-W9DTXL,ACC-CR0F5PX,RELIANCE DIGITAL,EXT-Q6L6GT6,Yes Bank,YESB0738551,MERCHANT,2024-07-31,FALSE,TRUE,NONE,1,AVAILABLE
BEN-XW3G9I,ACC-CR0F5PX,ZOMATO,EXT-C38HYF9,Punjab National Bank,PUNB0407419,MERCHANT,2024-11-05,FALSE,TRUE,NONE,1,AVAILABLE
BEN-P0JXXW,ACC-CR0F5PX,BIGBASKET,EXT-NREK8PK,Punjab National Bank,PUNB0584714,MERCHANT,2024-11-25,FALSE,TRUE,NONE,1,AVAILABLE
BEN-XD7QCT,ACC-CR0F5PX,SWIGGY,EXT-AK1VRJN,Kotak Mahindra Bank,KOTAK0900581,MERCHANT,2025-03-28,FALSE,TRUE,NONE,1,AVAILABLE
BEN-B2MBOA,ACC-CR0F5PX,BOOKMYSHOW,EXT-1ZXOI65,Yes Bank,YESB0195325,MERCHANT,2025-05-22,FALSE,TRUE,NONE,1,AVAILABLE
BEN-4FTGUW,ACC-CR0F5PX,INDIAN OIL,EXT-R9OUDOC,Bank of Baroda,BARB0944151,MERCHANT,2025-10-10,FALSE,TRUE,NONE,2,AVAILABLE
BEN-R4EB5O,ACC-CT2CXIF,IRCTC,EXT-HJK1EYY,HDFC Bank,HDFC0724834,MERCHANT,2024-08-30,FALSE,TRUE,NONE,2,AVAILABLE
BEN-60MI5D,ACC-CT2CXIF,Bhavika Ganesan,ACC-DY7084P,State Bank of India,YESB0587828,FAMILY,2024-10-07,FALSE,TRUE,NONE,2,AVAILABLE
BEN-V7GI93,ACC-CT2CXIF,TATA POWER BILLING,EXT-B9M80O2,Union Bank of India,UBIN0717889,MERCHANT,2025-04-26,FALSE,TRUE,NONE,1,AVAILABLE
BEN-MI27K8,ACC-CT2CXIF,AIRTEL POSTPAID,EXT-8F1CBFN,IndusInd Bank,INDB0343962,MERCHANT,2025-06-22,FALSE,TRUE,NONE,2,AVAILABLE
BEN-Z2ITR1,ACC-CT2CXIF,BOOKMYSHOW,EXT-1ZXOI65,Yes Bank,YESB0195325,MERCHANT,2025-09-24,FALSE,TRUE,NONE,2,AVAILABLE
BEN-ZU8Z5I,ACC-CT2CXIF,BLINKIT,EXT-3JQIP98,IndusInd Bank,INDB0375504,MERCHANT,2025-09-25,FALSE,TRUE,NONE,1,AVAILABLE
BEN-SJ9PGZ,ACC-CT2CXIF,INDIAN OIL,EXT-R9OUDOC,Bank of Baroda,BARB0944151,MERCHANT,2025-10-10,FALSE,TRUE,NONE,1,AVAILABLE
BEN-20ZCIH,ACC-CTT593O,RELIANCE DIGITAL,EXT-Q6L6GT6,Yes Bank,YESB0738551,MERCHANT,2024-04-15,FALSE,TRUE,NONE,1,AVAILABLE
BEN-KODO8G,ACC-CTT593O,BIGBASKET,EXT-NREK8PK,Punjab National Bank,PUNB0584714,MERCHANT,2024-09-23,FALSE,TRUE,NONE,1,AVAILABLE
BEN-CC7EHI,ACC-CTT593O,Onkar Dhillon,EXT-25LHWTD,State Bank of India,KOTAK0398339,UNKNOWN,2024-11-29,FALSE,TRUE,NONE,1,AVAILABLE
BEN-U7EGOZ,ACC-CTT593O,Agastya Mody (Landlord),EXT-THEOJ34,Union Bank of India,ICIC0107413,UNKNOWN,2024-11-30,FALSE,TRUE,NONE,5,AVAILABLE
BEN-17JUGU,ACC-CTT593O,TATA POWER BILLING,EXT-B9M80O2,Union Bank of India,UBIN0717889,MERCHANT,2025-03-08,FALSE,TRUE,NONE,1,AVAILABLE
BEN-0MQ06U,ACC-CTT593O,AMAZON PAY,EXT-OGYR3XK,IndusInd Bank,INDB0488162,MERCHANT,2025-03-29,FALSE,TRUE,NONE,1,AVAILABLE
BEN-X8HFR0,ACC-CTT593O,IRCTC,EXT-HJK1EYY,HDFC Bank,HDFC0724834,MERCHANT,2025-04-14,FALSE,TRUE,NONE,2,AVAILABLE
BEN-T14W5C,ACC-CTT593O,AIRTEL POSTPAID,EXT-8F1CBFN,IndusInd Bank,INDB0343962,MERCHANT,2025-10-17,FALSE,TRUE,NONE,1,AVAILABLE
BEN-HBL64Q,ACC-CUG7RQ8,Tripti Bawa,ACC-2WT59GL,Punjab National Bank,IDFB0596636,FAMILY,2024-06-27,FALSE,TRUE,NONE,2,AVAILABLE
BEN-JNHN8C,ACC-CUG7RQ8,BLINKIT,EXT-3JQIP98,IndusInd Bank,INDB0375504,MERCHANT,2024-10-24,FALSE,TRUE,NONE,1,AVAILABLE
BEN-N0ET12,ACC-CUG7RQ8,ZOMATO,EXT-C38HYF9,Punjab National Bank,PUNB0407419,MERCHANT,2024-11-08,FALSE,TRUE,NONE,1,AVAILABLE
BEN-O3MMRL,ACC-CUG7RQ8,MEDPLUS,EXT-JXK87AU,Axis Bank,UTIB0612340,MERCHANT,2025-02-08,FALSE,TRUE,NONE,1,AVAILABLE
BEN-X2H9FV,ACC-CUG7RQ8,Samaksh Ravi,ACC-9XA4KWG,Axis Bank,UBIN0248829,FRIEND,2025-03-03,FALSE,TRUE,NONE,3,AVAILABLE
BEN-6PJZCE,ACC-CUG7RQ8,BOOKMYSHOW,EXT-1ZXOI65,Yes Bank,YESB0195325,MERCHANT,2025-04-18,FALSE,TRUE,NONE,2,AVAILABLE
BEN-2PA12D,ACC-CUG7RQ8,BIGBASKET,EXT-NREK8PK,Punjab National Bank,PUNB0584714,MERCHANT,2025-04-26,FALSE,TRUE,NONE,1,AVAILABLE
BEN-RCN3TV,ACC-CUG7RQ8,RELIANCE DIGITAL,EXT-Q6L6GT6,Yes Bank,YESB0738551,MERCHANT,2025-08-08,FALSE,TRUE,NONE,2,AVAILABLE
BEN-06DF8L,ACC-D1I4N2E,ZOMATO,EXT-C38HYF9,Punjab National Bank,PUNB0407419,MERCHANT,2024-07-26,FALSE,TRUE,NONE,3,AVAILABLE
BEN-R6SJ7J,ACC-D1I4N2E,Baljiwan Zachariah,EXT-KBYY80Z,ICICI Bank,UBIN0528154,UNKNOWN,2024-07-27,FALSE,TRUE,NONE,1,AVAILABLE
BEN-0SZLBM,ACC-D1I4N2E,JIO RECHARGE,EXT-ZRENUN5,Punjab National Bank,PUNB0514850,MERCHANT,2024-09-07,FALSE,TRUE,NONE,1,AVAILABLE
BEN-A48HKW,ACC-D1I4N2E,Ronith Pathak,ACC-MU6FGK8,Yes Bank,IDFB0343757,FAMILY,2025-03-09,FALSE,TRUE,NONE,2,AVAILABLE
BEN-2DPKO2,ACC-D1I4N2E,IRCTC,EXT-HJK1EYY,HDFC Bank,HDFC0724834,MERCHANT,2025-06-30,FALSE,TRUE,NONE,1,AVAILABLE
BEN-OEF0IB,ACC-D1I4N2E,AIRTEL POSTPAID,EXT-8F1CBFN,IndusInd Bank,INDB0343962,MERCHANT,2025-07-27,FALSE,TRUE,NONE,1,AVAILABLE
BEN-Q4AA84,ACC-D1I4N2E,RAPIDO,EXT-7Q9AH8R,Canara Bank,CNRB0905934,MERCHANT,2025-09-20,FALSE,TRUE,NONE,1,AVAILABLE
BEN-A7O819,ACC-D6FLEEP,BOOKMYSHOW,EXT-1ZXOI65,Yes Bank,YESB0195325,MERCHANT,2024-07-21,FALSE,TRUE,NONE,1,AVAILABLE
BEN-IL0VSD,ACC-D6FLEEP,MEDPLUS,EXT-JXK87AU,Axis Bank,UTIB0612340,MERCHANT,2024-10-09,FALSE,TRUE,NONE,2,AVAILABLE
BEN-XS1LPQ,ACC-D6FLEEP,JIO RECHARGE,EXT-ZRENUN5,Punjab National Bank,PUNB0514850,MERCHANT,2024-11-12,FALSE,TRUE,NONE,1,AVAILABLE
BEN-K65RK1,ACC-D6FLEEP,RELIANCE DIGITAL,EXT-Q6L6GT6,Yes Bank,YESB0738551,MERCHANT,2025-04-24,FALSE,TRUE,NONE,1,AVAILABLE
BEN-GIXZD9,ACC-D6FLEEP,Rishi Kala,ACC-9535HJH,HDFC Bank,INDB0889314,FAMILY,2025-06-04,FALSE,TRUE,NONE,1,AVAILABLE
BEN-STS77Y,ACC-D6FLEEP,IRCTC,EXT-HJK1EYY,HDFC Bank,HDFC0724834,MERCHANT,2025-07-24,FALSE,TRUE,NONE,1,AVAILABLE
BEN-5K17C8,ACC-D6FLEEP,AMAZON PAY,EXT-OGYR3XK,IndusInd Bank,INDB0488162,MERCHANT,2025-08-03,FALSE,TRUE,NONE,2,AVAILABLE
BEN-4R6MDM,ACC-D6FLEEP,Sara Ben,ACC-CFU5HYS,State Bank of India,INDB0705225,FAMILY,2025-10-11,FALSE,TRUE,NONE,3,AVAILABLE
BEN-0B1S0W,ACC-D7761SU,IRCTC,EXT-HJK1EYY,HDFC Bank,HDFC0724834,MERCHANT,2024-04-25,FALSE,TRUE,NONE,1,AVAILABLE
BEN-0Z4ME9,ACC-D7761SU,BLINKIT,EXT-3JQIP98,IndusInd Bank,INDB0375504,MERCHANT,2025-03-07,FALSE,TRUE,NONE,2,AVAILABLE
BEN-HND6T9,ACC-D7761SU,AIRTEL POSTPAID,EXT-8F1CBFN,IndusInd Bank,INDB0343962,MERCHANT,2025-04-06,FALSE,TRUE,NONE,1,AVAILABLE
BEN-FMJI62,ACC-D7761SU,Hamsini Sarna,ACC-UXI7OGZ,Yes Bank,BARB0716806,FRIEND,2025-05-07,FALSE,TRUE,NONE,2,AVAILABLE
BEN-160GWU,ACC-D7761SU,JIO RECHARGE,EXT-ZRENUN5,Punjab National Bank,PUNB0514850,MERCHANT,2025-05-16,FALSE,TRUE,NONE,1,AVAILABLE
BEN-0FRJAX,ACC-D7761SU,BIGBASKET,EXT-NREK8PK,Punjab National Bank,PUNB0584714,MERCHANT,2025-05-26,FALSE,TRUE,NONE,1,AVAILABLE
BEN-D8XOU4,ACC-D7761SU,MEDPLUS,EXT-JXK87AU,Axis Bank,UTIB0612340,MERCHANT,2025-06-05,FALSE,TRUE,NONE,2,AVAILABLE
BEN-HBZDL6,ACC-D7CEDA0,AIRTEL POSTPAID,EXT-8F1CBFN,IndusInd Bank,INDB0343962,MERCHANT,2024-03-24,FALSE,TRUE,NONE,1,AVAILABLE
BEN-KLN5NI,ACC-D7CEDA0,BIGBASKET,EXT-NREK8PK,Punjab National Bank,PUNB0584714,MERCHANT,2024-05-26,FALSE,TRUE,NONE,1,AVAILABLE
BEN-M151ZB,ACC-D7CEDA0,BLINKIT,EXT-3JQIP98,IndusInd Bank,INDB0375504,MERCHANT,2024-06-22,FALSE,TRUE,NONE,1,AVAILABLE
BEN-997FQF,ACC-D7CEDA0,IRCTC,EXT-HJK1EYY,HDFC Bank,HDFC0724834,MERCHANT,2024-09-07,FALSE,TRUE,NONE,1,AVAILABLE
BEN-0OVILP,ACC-D7CEDA0,TATA POWER BILLING,EXT-B9M80O2,Union Bank of India,UBIN0717889,MERCHANT,2025-03-11,FALSE,TRUE,NONE,1,AVAILABLE
BEN-8LUYQ7,ACC-D7CEDA0,Naksh Bhattacharyya,ACC-43VVT0V,Yes Bank,KOTAK0286159,FAMILY,2025-04-01,FALSE,TRUE,NONE,2,AVAILABLE
BEN-PTNB57,ACC-D7CEDA0,DMART ONLINE,EXT-VHS1K3A,IndusInd Bank,INDB0857168,MERCHANT,2025-07-15,FALSE,TRUE,NONE,1,AVAILABLE
BEN-HFTM2F,ACC-D7CEDA0,SWIGGY,EXT-AK1VRJN,Kotak Mahindra Bank,KOTAK0900581,MERCHANT,2025-08-20,FALSE,TRUE,NONE,1,AVAILABLE
BEN-EL913U,ACC-DG0LKS9,BOOKMYSHOW,EXT-1ZXOI65,Yes Bank,YESB0195325,MERCHANT,2024-06-26,FALSE,TRUE,NONE,1,AVAILABLE
BEN-85FWL9,ACC-DG0LKS9,TATA POWER BILLING,EXT-B9M80O2,Union Bank of India,UBIN0717889,MERCHANT,2024-08-19,FALSE,TRUE,NONE,2,AVAILABLE
BEN-M1IAZN,ACC-DG0LKS9,AMAZON PAY,EXT-OGYR3XK,IndusInd Bank,INDB0488162,MERCHANT,2024-08-27,FALSE,TRUE,NONE,3,AVAILABLE
BEN-0QGR26,ACC-DG0LKS9,RAPIDO,EXT-7Q9AH8R,Canara Bank,CNRB0905934,MERCHANT,2024-10-26,FALSE,TRUE,NONE,1,AVAILABLE
BEN-TF9SLZ,ACC-DG0LKS9,IRCTC,EXT-HJK1EYY,HDFC Bank,HDFC0724834,MERCHANT,2025-06-21,FALSE,TRUE,NONE,1,AVAILABLE
BEN-GELM4V,ACC-DG0LKS9,SWIGGY,EXT-AK1VRJN,Kotak Mahindra Bank,KOTAK0900581,MERCHANT,2025-10-07,FALSE,TRUE,NONE,1,AVAILABLE
BEN-YRYB5G,ACC-DJKDFR2,Avni Dubey,ACC-6K088ZF,Kotak Mahindra Bank,ICIC0920782,FRIEND,2024-11-03,FALSE,TRUE,NONE,2,AVAILABLE
BEN-5MB74W,ACC-DJKDFR2,INDIAN OIL,EXT-R9OUDOC,Bank of Baroda,BARB0944151,MERCHANT,2025-01-04,FALSE,TRUE,NONE,1,AVAILABLE
BEN-UFBZY0,ACC-DJKDFR2,AIRTEL POSTPAID,EXT-8F1CBFN,IndusInd Bank,INDB0343962,MERCHANT,2025-01-23,FALSE,TRUE,NONE,1,AVAILABLE
BEN-04K36P,ACC-DJKDFR2,Ekani Sankar,ACC-E3YVZMZ,Bank of Baroda,IDFB0535489,FRIEND,2025-05-01,FALSE,TRUE,NONE,2,AVAILABLE
BEN-PLXAH4,ACC-DJKDFR2,ZOMATO,EXT-C38HYF9,Punjab National Bank,PUNB0407419,MERCHANT,2025-05-13,FALSE,TRUE,NONE,1,AVAILABLE
BEN-I0DH7X,ACC-DM7X52D,SWIGGY,EXT-AK1VRJN,Kotak Mahindra Bank,KOTAK0900581,MERCHANT,2024-12-08,FALSE,TRUE,NONE,1,AVAILABLE
BEN-VM6GYI,ACC-DM7X52D,JIO RECHARGE,EXT-ZRENUN5,Punjab National Bank,PUNB0514850,MERCHANT,2025-02-08,FALSE,TRUE,NONE,1,AVAILABLE
BEN-W6LPAN,ACC-DM7X52D,AMAZON PAY,EXT-OGYR3XK,IndusInd Bank,INDB0488162,MERCHANT,2025-09-30,FALSE,TRUE,NONE,1,AVAILABLE
BEN-44WMZ2,ACC-DPFF5E8,Jason Hegde,ACC-9XA4KWG,Yes Bank,HDFC0884267,FAMILY,2024-03-20,FALSE,TRUE,NONE,2,AVAILABLE
BEN-F59WFN,ACC-DPFF5E8,IRCTC,EXT-HJK1EYY,HDFC Bank,HDFC0724834,MERCHANT,2024-03-28,FALSE,TRUE,NONE,2,AVAILABLE
BEN-0Y4IVL,ACC-DPFF5E8,AIRTEL POSTPAID,EXT-8F1CBFN,IndusInd Bank,INDB0343962,MERCHANT,2024-06-15,FALSE,TRUE,NONE,1,AVAILABLE
BEN-ONMTK1,ACC-DPFF5E8,BIGBASKET,EXT-NREK8PK,Punjab National Bank,PUNB0584714,MERCHANT,2024-12-16,FALSE,TRUE,NONE,1,AVAILABLE
BEN-CYQH31,ACC-DPFF5E8,MEDPLUS,EXT-JXK87AU,Axis Bank,UTIB0612340,MERCHANT,2025-01-29,FALSE,TRUE,NONE,1,AVAILABLE
BEN-V371BZ,ACC-DPFF5E8,TATA POWER BILLING,EXT-B9M80O2,Union Bank of India,UBIN0717889,MERCHANT,2025-05-01,FALSE,TRUE,NONE,1,AVAILABLE
BEN-27PPQL,ACC-DPFF5E8,DMART ONLINE,EXT-VHS1K3A,IndusInd Bank,INDB0857168,MERCHANT,2025-09-07,FALSE,TRUE,NONE,1,AVAILABLE
BEN-S3NVL1,ACC-DW6ET32,Upasna Buch,ACC-3B2A3CW,Kotak Mahindra Bank,INDB0311267,FRIEND,2024-03-25,FALSE,TRUE,NONE,1,AVAILABLE
BEN-ORZ2CB,ACC-DW6ET32,Odika Bath,EXT-6LR0SHE,Union Bank of India,HDFC0981888,UNKNOWN,2024-05-11,FALSE,TRUE,NONE,1,AVAILABLE
BEN-P7JIW7,ACC-DW6ET32,Zaitra Ben,ACC-9F5G3UK,ICICI Bank,KOTAK0671829,FRIEND,2024-05-23,FALSE,TRUE,NONE,1,AVAILABLE
BEN-C09YZ0,ACC-DW6ET32,Ojas Dar,ACC-1ZF88JR,Yes Bank,BARB0480331,FAMILY,2024-06-09,FALSE,TRUE,NONE,1,AVAILABLE
BEN-9230J4,ACC-DW6ET32,RAPIDO,EXT-7Q9AH8R,Canara Bank,CNRB0905934,MERCHANT,2024-07-23,FALSE,TRUE,NONE,1,AVAILABLE
BEN-GDEC2R,ACC-DW6ET32,Zayan Sani,ACC-M8YXU1P,Punjab National Bank,SBIN0964253,FAMILY,2024-09-04,FALSE,TRUE,NONE,3,AVAILABLE
BEN-50DIC5,ACC-DW6ET32,AIRTEL POSTPAID,EXT-8F1CBFN,IndusInd Bank,INDB0343962,MERCHANT,2025-04-06,FALSE,TRUE,NONE,1,AVAILABLE
BEN-RHK1OW,ACC-DW6ET32,AMAZON PAY,EXT-OGYR3XK,IndusInd Bank,INDB0488162,MERCHANT,2025-06-11,FALSE,TRUE,NONE,1,AVAILABLE
BEN-W1Q641,ACC-DW6ET32,Hredhaan Bali,ACC-JE7AK2W,IDFC FIRST Bank,CNRB0408671,FAMILY,2025-07-07,FALSE,TRUE,NONE,1,AVAILABLE
BEN-2T7GQT,ACC-DW6ET32,BIGBASKET,EXT-NREK8PK,Punjab National Bank,PUNB0584714,MERCHANT,2025-09-02,FALSE,TRUE,NONE,2,AVAILABLE
BEN-XX4WO6,ACC-DW6ET32,TATA POWER BILLING,EXT-B9M80O2,Union Bank of India,UBIN0717889,MERCHANT,2025-09-12,FALSE,TRUE,NONE,2,AVAILABLE
BEN-XOUKE5,ACC-DW6ET32,Veda Krishna,ACC-9RGDKUY,Kotak Mahindra Bank,BARB0884083,FAMILY,2025-09-17,FALSE,TRUE,NONE,2,AVAILABLE
BEN-XO3HMS,ACC-DY1MSMZ,MEDPLUS,EXT-JXK87AU,Axis Bank,UTIB0612340,MERCHANT,2024-08-23,FALSE,TRUE,NONE,1,AVAILABLE
BEN-KR52NP,ACC-DY1MSMZ,TATA POWER BILLING,EXT-B9M80O2,Union Bank of India,UBIN0717889,MERCHANT,2024-08-23,FALSE,TRUE,NONE,1,AVAILABLE
BEN-9G3MF5,ACC-DY1MSMZ,BIGBASKET,EXT-NREK8PK,Punjab National Bank,PUNB0584714,MERCHANT,2024-09-22,FALSE,TRUE,NONE,1,AVAILABLE
BEN-KXMYM8,ACC-DY1MSMZ,Guneet Mann,ACC-XMSTP3X,Punjab National Bank,SBIN0744244,FAMILY,2024-11-19,FALSE,TRUE,NONE,2,AVAILABLE
BEN-C8CGTP,ACC-DY1MSMZ,ZOMATO,EXT-C38HYF9,Punjab National Bank,PUNB0407419,MERCHANT,2025-04-19,FALSE,TRUE,NONE,1,AVAILABLE
BEN-BCMJ4A,ACC-DY1MSMZ,IRCTC,EXT-HJK1EYY,HDFC Bank,HDFC0724834,MERCHANT,2025-05-27,FALSE,TRUE,NONE,1,AVAILABLE
BEN-BD0511,ACC-DY1MSMZ,AMAZON PAY,EXT-OGYR3XK,IndusInd Bank,INDB0488162,MERCHANT,2025-08-03,FALSE,TRUE,NONE,1,AVAILABLE
BEN-OB74PA,ACC-DY1MSMZ,RAPIDO,EXT-7Q9AH8R,Canara Bank,CNRB0905934,MERCHANT,2025-09-04,FALSE,TRUE,NONE,1,AVAILABLE
BEN-025O6H,ACC-DY1MSMZ,Naveen Mangal,ACC-IITA5WV,Canara Bank,YESB0975049,FRIEND,2025-09-24,FALSE,TRUE,NONE,2,AVAILABLE
BEN-O9RSA7,ACC-DY1MSMZ,JIO RECHARGE,EXT-ZRENUN5,Punjab National Bank,PUNB0514850,MERCHANT,2025-09-30,FALSE,TRUE,NONE,2,AVAILABLE
BEN-GB9AVX,ACC-DY7084P,RELIANCE DIGITAL,EXT-Q6L6GT6,Yes Bank,YESB0738551,MERCHANT,2024-07-22,FALSE,TRUE,NONE,1,AVAILABLE
BEN-1S48X9,ACC-DY7084P,INDIAN OIL,EXT-R9OUDOC,Bank of Baroda,BARB0944151,MERCHANT,2024-08-03,FALSE,TRUE,NONE,1,AVAILABLE
BEN-EX3A9G,ACC-DY7084P,Onkar Mittal,ACC-O3V94X2,Canara Bank,IDFB0913057,FAMILY,2024-08-12,FALSE,TRUE,NONE,1,AVAILABLE
BEN-Z8YOBF,ACC-DY7084P,BOOKMYSHOW,EXT-1ZXOI65,Yes Bank,YESB0195325,MERCHANT,2025-01-07,FALSE,TRUE,NONE,3,AVAILABLE
BEN-ZR0MK1,ACC-DY7084P,IRCTC,EXT-HJK1EYY,HDFC Bank,HDFC0724834,MERCHANT,2025-03-30,FALSE,TRUE,NONE,1,AVAILABLE
BEN-QXXX40,ACC-DY7084P,RAPIDO,EXT-7Q9AH8R,Canara Bank,CNRB0905934,MERCHANT,2025-05-23,FALSE,TRUE,NONE,1,AVAILABLE
BEN-EGJ7W0,ACC-E00V830,BOOKMYSHOW,EXT-1ZXOI65,Yes Bank,YESB0195325,MERCHANT,2024-03-26,FALSE,TRUE,NONE,1,AVAILABLE
BEN-OT2I9P,ACC-E00V830,Ekapad Saraf,ACC-RYI0M7P,Yes Bank,HDFC0479256,FRIEND,2024-04-06,FALSE,TRUE,NONE,3,AVAILABLE
BEN-8T1505,ACC-E00V830,Dayita Prasad,ACC-SRQT0PA,Union Bank of India,PUNB0547840,FRIEND,2024-05-30,FALSE,TRUE,NONE,3,AVAILABLE
BEN-Q5XRSP,ACC-E00V830,RELIANCE DIGITAL,EXT-Q6L6GT6,Yes Bank,YESB0738551,MERCHANT,2024-06-14,FALSE,TRUE,NONE,2,AVAILABLE
BEN-ILH1B9,ACC-E00V830,Ishani Sabharwal,ACC-GFAT2XR,HDFC Bank,CNRB0390740,FRIEND,2024-07-16,FALSE,TRUE,NONE,1,AVAILABLE
BEN-KYYJB7,ACC-E00V830,BIGBASKET,EXT-NREK8PK,Punjab National Bank,PUNB0584714,MERCHANT,2024-09-18,FALSE,TRUE,NONE,2,AVAILABLE
BEN-A29B4V,ACC-E00V830,AMAZON PAY,EXT-OGYR3XK,IndusInd Bank,INDB0488162,MERCHANT,2024-09-25,FALSE,TRUE,NONE,1,AVAILABLE
BEN-U4NNDD,ACC-E00V830,TATA POWER BILLING,EXT-B9M80O2,Union Bank of India,UBIN0717889,MERCHANT,2025-08-18,FALSE,TRUE,NONE,1,AVAILABLE
BEN-0TFGB0,ACC-E00V830,SWIGGY,EXT-AK1VRJN,Kotak Mahindra Bank,KOTAK0900581,MERCHANT,2025-09-08,FALSE,TRUE,NONE,1,AVAILABLE
BEN-NA6QY7,ACC-E00V830,IRCTC,EXT-HJK1EYY,HDFC Bank,HDFC0724834,MERCHANT,2025-10-09,FALSE,TRUE,NONE,1,AVAILABLE
BEN-I9750M,ACC-E3YVZMZ,BIGBASKET,EXT-NREK8PK,Punjab National Bank,PUNB0584714,MERCHANT,2024-05-29,FALSE,TRUE,NONE,2,AVAILABLE
BEN-IXZ18V,ACC-E3YVZMZ,AIRTEL POSTPAID,EXT-8F1CBFN,IndusInd Bank,INDB0343962,MERCHANT,2024-06-07,FALSE,TRUE,NONE,1,AVAILABLE
BEN-3MQ404,ACC-E3YVZMZ,Panini Karpe,ACC-9JHCAZ8,HDFC Bank,UBIN0758548,FAMILY,2024-10-31,FALSE,TRUE,NONE,2,AVAILABLE
BEN-JTN91B,ACC-E3YVZMZ,AMAZON PAY,EXT-OGYR3XK,IndusInd Bank,INDB0488162,MERCHANT,2025-02-05,FALSE,TRUE,NONE,1,AVAILABLE
BEN-P6NVSZ,ACC-E3YVZMZ,DMART ONLINE,EXT-VHS1K3A,IndusInd Bank,INDB0857168,MERCHANT,2025-04-18,FALSE,TRUE,NONE,2,AVAILABLE
BEN-T0IIGS,ACC-E3YVZMZ,MEDPLUS,EXT-JXK87AU,Axis Bank,UTIB0612340,MERCHANT,2025-07-25,FALSE,TRUE,NONE,1,AVAILABLE
BEN-YSY2P5,ACC-E6PR5N8,IRCTC,EXT-HJK1EYY,HDFC Bank,HDFC0724834,MERCHANT,2024-07-04,FALSE,TRUE,NONE,1,AVAILABLE
BEN-UZ332J,ACC-E6PR5N8,MEDPLUS,EXT-JXK87AU,Axis Bank,UTIB0612340,MERCHANT,2024-07-19,FALSE,TRUE,NONE,1,AVAILABLE
BEN-WQ9M5S,ACC-E6PR5N8,Oni Nagarajan,ACC-9JHCAZ8,Yes Bank,PUNB0238768,FRIEND,2024-09-13,FALSE,TRUE,NONE,3,AVAILABLE
BEN-MB5ZKT,ACC-E6PR5N8,AMAZON PAY,EXT-OGYR3XK,IndusInd Bank,INDB0488162,MERCHANT,2024-11-23,FALSE,TRUE,NONE,1,AVAILABLE
BEN-SMX89U,ACC-E6PR5N8,DMART ONLINE,EXT-VHS1K3A,IndusInd Bank,INDB0857168,MERCHANT,2025-06-14,FALSE,TRUE,NONE,1,AVAILABLE
BEN-SXFX34,ACC-E6PR5N8,RAPIDO,EXT-7Q9AH8R,Canara Bank,CNRB0905934,MERCHANT,2025-09-16,FALSE,TRUE,NONE,1,AVAILABLE
BEN-5130LA,ACC-E6PR5N8,AIRTEL POSTPAID,EXT-8F1CBFN,IndusInd Bank,INDB0343962,MERCHANT,2025-09-26,FALSE,TRUE,NONE,2,AVAILABLE
BEN-ADN4YB,ACC-E6SVH6Q,Tarak Gopal,ACC-GA3ZIBH,Axis Bank,UBIN0605487,FAMILY,2024-04-18,FALSE,TRUE,NONE,3,AVAILABLE
BEN-NVQUL0,ACC-E6SVH6Q,INDIAN OIL,EXT-R9OUDOC,Bank of Baroda,BARB0944151,MERCHANT,2024-06-15,FALSE,TRUE,NONE,1,AVAILABLE
BEN-9Z676X,ACC-E6SVH6Q,RELIANCE DIGITAL,EXT-Q6L6GT6,Yes Bank,YESB0738551,MERCHANT,2024-09-13,FALSE,TRUE,NONE,1,AVAILABLE
BEN-DL8OFX,ACC-E6SVH6Q,BLINKIT,EXT-3JQIP98,IndusInd Bank,INDB0375504,MERCHANT,2024-11-29,FALSE,TRUE,NONE,3,AVAILABLE
BEN-99HUHJ,ACC-E6SVH6Q,Bhavya Choudhry,EXT-3QUABXA,ICICI Bank,YESB0284490,UNKNOWN,2025-01-16,FALSE,TRUE,NONE,1,AVAILABLE
BEN-4EYI5I,ACC-E6SVH6Q,DMART ONLINE,EXT-VHS1K3A,IndusInd Bank,INDB0857168,MERCHANT,2025-05-15,FALSE,TRUE,NONE,1,AVAILABLE
BEN-LA6EAJ,ACC-E6SVH6Q,BOOKMYSHOW,EXT-1ZXOI65,Yes Bank,YESB0195325,MERCHANT,2025-09-08,FALSE,TRUE,NONE,1,AVAILABLE
BEN-LBE70C,ACC-ECJ5B4C,BIGBASKET,EXT-NREK8PK,Punjab National Bank,PUNB0584714,MERCHANT,2024-07-25,FALSE,TRUE,NONE,1,AVAILABLE
BEN-1ENLP5,ACC-ECJ5B4C,Nathaniel Bose,ACC-DY1MSMZ,Canara Bank,ICIC0402862,FAMILY,2024-10-19,FALSE,TRUE,NONE,2,AVAILABLE
BEN-ZYTW8T,ACC-ECJ5B4C,AMAZON PAY,EXT-OGYR3XK,IndusInd Bank,INDB0488162,MERCHANT,2024-10-27,FALSE,TRUE,NONE,3,AVAILABLE
BEN-W44WUP,ACC-ECJ5B4C,RAPIDO,EXT-7Q9AH8R,Canara Bank,CNRB0905934,MERCHANT,2024-11-13,FALSE,TRUE,NONE,1,AVAILABLE
BEN-4GX7JE,ACC-ECJ5B4C,INDIAN OIL,EXT-R9OUDOC,Bank of Baroda,BARB0944151,MERCHANT,2024-12-10,FALSE,TRUE,NONE,1,AVAILABLE
BEN-VTV77H,ACC-ECJ5B4C,ZOMATO,EXT-C38HYF9,Punjab National Bank,PUNB0407419,MERCHANT,2024-12-14,FALSE,TRUE,NONE,2,AVAILABLE
BEN-HH7SQ5,ACC-ECJ5B4C,DMART ONLINE,EXT-VHS1K3A,IndusInd Bank,INDB0857168,MERCHANT,2025-03-26,FALSE,TRUE,NONE,1,AVAILABLE
BEN-9K3XV4,ACC-ECJ5B4C,BLINKIT,EXT-3JQIP98,IndusInd Bank,INDB0375504,MERCHANT,2025-05-07,FALSE,TRUE,NONE,1,AVAILABLE
BEN-DZ3NBI,ACC-ECJ5B4C,Sanaya Peri,ACC-9JHCAZ8,Punjab National Bank,CNRB0283956,FAMILY,2025-08-03,FALSE,TRUE,NONE,1,AVAILABLE
BEN-RFWA5K,ACC-ECTS377,BOOKMYSHOW,EXT-1ZXOI65,Yes Bank,YESB0195325,MERCHANT,2024-07-28,FALSE,TRUE,NONE,1,AVAILABLE
BEN-JJLP84,ACC-ECTS377,JIO RECHARGE,EXT-ZRENUN5,Punjab National Bank,PUNB0514850,MERCHANT,2024-08-17,FALSE,TRUE,NONE,1,AVAILABLE
BEN-IM3ZEA,ACC-ECTS377,INDIAN OIL,EXT-R9OUDOC,Bank of Baroda,BARB0944151,MERCHANT,2024-08-19,FALSE,TRUE,NONE,1,AVAILABLE
BEN-RPUVY7,ACC-ECTS377,IRCTC,EXT-HJK1EYY,HDFC Bank,HDFC0724834,MERCHANT,2025-01-20,FALSE,TRUE,NONE,1,AVAILABLE
BEN-FK3QZS,ACC-ECTS377,SWIGGY,EXT-AK1VRJN,Kotak Mahindra Bank,KOTAK0900581,MERCHANT,2025-02-14,FALSE,TRUE,NONE,1,AVAILABLE
BEN-189WWL,ACC-ECTS377,BLINKIT,EXT-3JQIP98,IndusInd Bank,INDB0375504,MERCHANT,2025-04-21,FALSE,TRUE,NONE,1,AVAILABLE
BEN-23Y2ZL,ACC-ECTS377,Nathaniel Bhargava (Landlord),EXT-8DL6AF9,Punjab National Bank,IDFB0645544,UNKNOWN,2025-07-01,FALSE,TRUE,NONE,4,AVAILABLE
BEN-R2NEL1,ACC-ECTS377,AMAZON PAY,EXT-OGYR3XK,IndusInd Bank,INDB0488162,MERCHANT,2025-07-25,FALSE,TRUE,NONE,1,AVAILABLE
BEN-1XPXHF,ACC-ECTS377,AIRTEL POSTPAID,EXT-8F1CBFN,IndusInd Bank,INDB0343962,MERCHANT,2025-08-25,FALSE,TRUE,NONE,1,AVAILABLE
BEN-LO883B,ACC-EM2IFVH,BIGBASKET,EXT-NREK8PK,Punjab National Bank,PUNB0584714,MERCHANT,2024-08-24,FALSE,TRUE,NONE,1,AVAILABLE
BEN-TGPS9L,ACC-EM2IFVH,ZOMATO,EXT-C38HYF9,Punjab National Bank,PUNB0407419,MERCHANT,2024-09-06,FALSE,TRUE,NONE,1,AVAILABLE
BEN-6SWINJ,ACC-EM2IFVH,AMAZON PAY,EXT-OGYR3XK,IndusInd Bank,INDB0488162,MERCHANT,2024-12-03,FALSE,TRUE,NONE,2,AVAILABLE
BEN-UOE2SF,ACC-EM2IFVH,AIRTEL POSTPAID,EXT-8F1CBFN,IndusInd Bank,INDB0343962,MERCHANT,2025-01-01,FALSE,TRUE,NONE,1,AVAILABLE
BEN-6VJNKT,ACC-EM2IFVH,RELIANCE DIGITAL,EXT-Q6L6GT6,Yes Bank,YESB0738551,MERCHANT,2025-01-07,FALSE,TRUE,NONE,1,AVAILABLE
BEN-WOHOF3,ACC-EM2IFVH,RAPIDO,EXT-7Q9AH8R,Canara Bank,CNRB0905934,MERCHANT,2025-01-23,FALSE,TRUE,NONE,1,AVAILABLE
BEN-Q61C99,ACC-EM2IFVH,BOOKMYSHOW,EXT-1ZXOI65,Yes Bank,YESB0195325,MERCHANT,2025-02-11,FALSE,TRUE,NONE,1,AVAILABLE
BEN-S58IKA,ACC-EM2IFVH,MEDPLUS,EXT-JXK87AU,Axis Bank,UTIB0612340,MERCHANT,2025-03-02,FALSE,TRUE,NONE,1,AVAILABLE
BEN-T24N8K,ACC-EM2IFVH,Hardik Kata,ACC-RYI0M7P,HDFC Bank,IDFB0364632,FRIEND,2025-07-14,FALSE,TRUE,NONE,3,AVAILABLE
BEN-E0EHWG,ACC-EOGKKC0,BIGBASKET,EXT-NREK8PK,Punjab National Bank,PUNB0584714,MERCHANT,2024-03-31,FALSE,TRUE,NONE,1,AVAILABLE
BEN-Q8PLV6,ACC-EOGKKC0,BLINKIT,EXT-3JQIP98,IndusInd Bank,INDB0375504,MERCHANT,2024-05-12,FALSE,TRUE,NONE,1,AVAILABLE
BEN-V0W3AD,ACC-EOGKKC0,ZOMATO,EXT-C38HYF9,Punjab National Bank,PUNB0407419,MERCHANT,2024-05-14,FALSE,TRUE,NONE,1,AVAILABLE
BEN-5WTQPJ,ACC-EOGKKC0,Chatura Raj,ACC-C4XYJLC,State Bank of India,ICIC0975823,FRIEND,2024-07-28,FALSE,TRUE,NONE,2,AVAILABLE
BEN-UPQ8YU,ACC-EOGKKC0,RAPIDO,EXT-7Q9AH8R,Canara Bank,CNRB0905934,MERCHANT,2025-04-18,FALSE,TRUE,NONE,2,AVAILABLE
BEN-O5RPEO,ACC-EOGKKC0,MEDPLUS,EXT-JXK87AU,Axis Bank,UTIB0612340,MERCHANT,2025-06-01,FALSE,TRUE,NONE,2,AVAILABLE
BEN-JB1W3F,ACC-EOGKKC0,Raghav Purohit,ACC-1RZBK6K,Punjab National Bank,IDFB0430235,FRIEND,2025-09-08,FALSE,TRUE,NONE,3,AVAILABLE
BEN-H2MAZL,ACC-EOGKKC0,JIO RECHARGE,EXT-ZRENUN5,Punjab National Bank,PUNB0514850,MERCHANT,2025-10-03,FALSE,TRUE,NONE,1,AVAILABLE
BEN-YKAH8B,ACC-ER1KTGJ,IRCTC,EXT-HJK1EYY,HDFC Bank,HDFC0724834,MERCHANT,2024-09-06,FALSE,TRUE,NONE,2,AVAILABLE
BEN-E6J5KC,ACC-ER1KTGJ,Manthan Anne (Landlord),EXT-RO5RFXH,Kotak Mahindra Bank,YESB0617639,UNKNOWN,2024-12-05,FALSE,TRUE,NONE,4,AVAILABLE
BEN-KJ06CP,ACC-ER1KTGJ,BLINKIT,EXT-3JQIP98,IndusInd Bank,INDB0375504,MERCHANT,2024-12-15,FALSE,TRUE,NONE,1,AVAILABLE
BEN-V58AB5,ACC-ER1KTGJ,Kashvi Chhabra,ACC-DG0LKS9,HDFC Bank,SBIN0717878,FAMILY,2025-02-11,FALSE,TRUE,NONE,1,AVAILABLE
BEN-S5ANJA,ACC-ER1KTGJ,RAPIDO,EXT-7Q9AH8R,Canara Bank,CNRB0905934,MERCHANT,2025-04-21,FALSE,TRUE,NONE,2,AVAILABLE
BEN-ZUMGW8,ACC-ER1KTGJ,Anika Sethi,ACC-4CSKJ3F,HDFC Bank,CNRB0975952,FRIEND,2025-07-23,FALSE,TRUE,NONE,3,AVAILABLE
BEN-Q3UFQ3,ACC-EYNINT1,TATA POWER BILLING,EXT-B9M80O2,Union Bank of India,UBIN0717889,MERCHANT,2024-03-14,FALSE,TRUE,NONE,2,AVAILABLE
BEN-TMGGH9,ACC-EYNINT1,George Nagi (Landlord),EXT-6N95K8P,ICICI Bank,PUNB0364152,UNKNOWN,2024-05-05,FALSE,TRUE,NONE,3,AVAILABLE
BEN-74D201,ACC-EYNINT1,IRCTC,EXT-HJK1EYY,HDFC Bank,HDFC0724834,MERCHANT,2024-08-11,FALSE,TRUE,NONE,1,AVAILABLE
BEN-EH7ZC7,ACC-EYNINT1,DMART ONLINE,EXT-VHS1K3A,IndusInd Bank,INDB0857168,MERCHANT,2025-01-01,FALSE,TRUE,NONE,1,AVAILABLE
BEN-EASVB6,ACC-EYNINT1,ZOMATO,EXT-C38HYF9,Punjab National Bank,PUNB0407419,MERCHANT,2025-03-04,FALSE,TRUE,NONE,1,AVAILABLE
BEN-01HGXE,ACC-EYNINT1,RELIANCE DIGITAL,EXT-Q6L6GT6,Yes Bank,YESB0738551,MERCHANT,2025-04-07,FALSE,TRUE,NONE,1,AVAILABLE
BEN-C0ERDI,ACC-EYNINT1,BLINKIT,EXT-3JQIP98,IndusInd Bank,INDB0375504,MERCHANT,2025-07-30,FALSE,TRUE,NONE,1,AVAILABLE
BEN-X3Q9XX,ACC-EYNINT1,AIRTEL POSTPAID,EXT-8F1CBFN,IndusInd Bank,INDB0343962,MERCHANT,2025-09-26,FALSE,TRUE,NONE,1,AVAILABLE
BEN-LR3I5N,ACC-EZC1B3E,RAPIDO,EXT-7Q9AH8R,Canara Bank,CNRB0905934,MERCHANT,2024-06-18,FALSE,TRUE,NONE,1,AVAILABLE
BEN-3BYR8F,ACC-EZC1B3E,AMAZON PAY,EXT-OGYR3XK,IndusInd Bank,INDB0488162,MERCHANT,2024-07-20,FALSE,TRUE,NONE,1,AVAILABLE
BEN-FG4ANI,ACC-EZC1B3E,Pranav Parekh,ACC-I85FVOE,HDFC Bank,ICIC0672399,FAMILY,2024-10-11,FALSE,TRUE,NONE,3,AVAILABLE
BEN-H2OMAE,ACC-EZC1B3E,RELIANCE DIGITAL,EXT-Q6L6GT6,Yes Bank,YESB0738551,MERCHANT,2024-10-16,FALSE,TRUE,NONE,1,AVAILABLE
BEN-BPM1PY,ACC-EZC1B3E,MEDPLUS,EXT-JXK87AU,Axis Bank,UTIB0612340,MERCHANT,2024-11-21,FALSE,TRUE,NONE,2,AVAILABLE
BEN-WA3PNM,ACC-EZC1B3E,Adweta Kumar,ACC-K5SILU2,Punjab National Bank,INDB0927813,FAMILY,2024-12-25,FALSE,TRUE,NONE,1,AVAILABLE
BEN-1DH4FT,ACC-EZC1B3E,TATA POWER BILLING,EXT-B9M80O2,Union Bank of India,UBIN0717889,MERCHANT,2025-03-27,FALSE,TRUE,NONE,1,AVAILABLE
BEN-4P8N06,ACC-EZC1B3E,IRCTC,EXT-HJK1EYY,HDFC Bank,HDFC0724834,MERCHANT,2025-05-09,FALSE,TRUE,NONE,1,AVAILABLE
BEN-8QWCNX,ACC-EZC1B3E,Utkarsh Iyengar,ACC-SO76KJG,ICICI Bank,PUNB0319130,FAMILY,2025-05-10,FALSE,TRUE,NONE,1,AVAILABLE
BEN-1M8JOH,ACC-EZC1B3E,INDIAN OIL,EXT-R9OUDOC,Bank of Baroda,BARB0944151,MERCHANT,2025-06-08,FALSE,TRUE,NONE,1,AVAILABLE
BEN-W3BZVK,ACC-FH01XWM,BOOKMYSHOW,EXT-1ZXOI65,Yes Bank,YESB0195325,MERCHANT,2024-05-10,FALSE,TRUE,NONE,1,AVAILABLE
BEN-1DIR5E,ACC-FH01XWM,RELIANCE DIGITAL,EXT-Q6L6GT6,Yes Bank,YESB0738551,MERCHANT,2024-08-25,FALSE,TRUE,NONE,3,AVAILABLE
BEN-3HVHUT,ACC-FH01XWM,Manthan Murty,ACC-PCZ2O8N,Kotak Mahindra Bank,ICIC0440409,FRIEND,2024-12-13,FALSE,TRUE,NONE,2,AVAILABLE
BEN-IMUPS5,ACC-FH01XWM,TATA POWER BILLING,EXT-B9M80O2,Union Bank of India,UBIN0717889,MERCHANT,2024-12-21,FALSE,TRUE,NONE,1,AVAILABLE
BEN-TL4J1O,ACC-FH01XWM,BLINKIT,EXT-3JQIP98,IndusInd Bank,INDB0375504,MERCHANT,2025-01-17,FALSE,TRUE,NONE,1,AVAILABLE
BEN-U4A6UO,ACC-FH01XWM,Widisha Sibal,ACC-9JHCAZ8,HDFC Bank,SBIN0524869,FRIEND,2025-02-15,FALSE,TRUE,NONE,2,AVAILABLE
BEN-LT99BB,ACC-FH01XWM,Ishwar Wason,ACC-RYI0M7P,Kotak Mahindra Bank,IDFB0788131,FAMILY,2025-04-18,FALSE,TRUE,NONE,1,AVAILABLE
BEN-R34YTH,ACC-FH01XWM,DMART ONLINE,EXT-VHS1K3A,IndusInd Bank,INDB0857168,MERCHANT,2025-04-25,FALSE,TRUE,NONE,1,AVAILABLE
BEN-VD3BCG,ACC-FH01XWM,AMAZON PAY,EXT-OGYR3XK,IndusInd Bank,INDB0488162,MERCHANT,2025-06-24,FALSE,TRUE,NONE,1,AVAILABLE
BEN-13ICXG,ACC-FH01XWM,Arin Roy (Landlord),EXT-VFAX6KW,Bank of Baroda,UBIN0783337,UNKNOWN,2025-10-11,FALSE,TRUE,NONE,5,AVAILABLE
BEN-8BQ6D7,ACC-FPEA0JL,Victor Memon,ACC-Q2NS5MH,Yes Bank,PUNB0911305,FRIEND,2024-04-13,FALSE,TRUE,NONE,2,AVAILABLE
BEN-ZUOKH1,ACC-FPEA0JL,AIRTEL POSTPAID,EXT-8F1CBFN,IndusInd Bank,INDB0343962,MERCHANT,2024-05-13,FALSE,TRUE,NONE,2,AVAILABLE
BEN-OACO9Q,ACC-FPEA0JL,Neelima Nadig,EXT-QA3QYEC,IndusInd Bank,HDFC0244025,UNKNOWN,2024-07-20,FALSE,TRUE,NONE,1,AVAILABLE
BEN-S8Q4XF,ACC-FPEA0JL,Chakradev Sinha,ACC-RIH330K,IDFC FIRST Bank,PUNB0487884,FAMILY,2024-07-25,FALSE,TRUE,NONE,2,AVAILABLE
BEN-CLGKA0,ACC-FPEA0JL,ZOMATO,EXT-C38HYF9,Punjab National Bank,PUNB0407419,MERCHANT,2025-01-28,FALSE,TRUE,NONE,1,AVAILABLE
BEN-HY6H0I,ACC-FPEA0JL,RELIANCE DIGITAL,EXT-Q6L6GT6,Yes Bank,YESB0738551,MERCHANT,2025-05-07,FALSE,TRUE,NONE,1,AVAILABLE
BEN-FRBQH6,ACC-FPEA0JL,BIGBASKET,EXT-NREK8PK,Punjab National Bank,PUNB0584714,MERCHANT,2025-05-21,FALSE,TRUE,NONE,1,AVAILABLE
BEN-5PORQ8,ACC-FPEA0JL,IRCTC,EXT-HJK1EYY,HDFC Bank,HDFC0724834,MERCHANT,2025-05-28,FALSE,TRUE,NONE,1,AVAILABLE
BEN-7W7T0W,ACC-FPEA0JL,BLINKIT,EXT-3JQIP98,IndusInd Bank,INDB0375504,MERCHANT,2025-10-12,FALSE,TRUE,NONE,1,AVAILABLE
BEN-921YEG,ACC-FV4B1K1,AMAZON PAY,EXT-OGYR3XK,IndusInd Bank,INDB0488162,MERCHANT,2024-04-20,FALSE,TRUE,NONE,1,AVAILABLE
BEN-6S5FA7,ACC-FV4B1K1,AIRTEL POSTPAID,EXT-8F1CBFN,IndusInd Bank,INDB0343962,MERCHANT,2024-07-04,FALSE,TRUE,NONE,1,AVAILABLE
BEN-Z00C6X,ACC-FV4B1K1,BOOKMYSHOW,EXT-1ZXOI65,Yes Bank,YESB0195325,MERCHANT,2024-07-17,FALSE,TRUE,NONE,1,AVAILABLE
BEN-9E5QNT,ACC-FV4B1K1,DMART ONLINE,EXT-VHS1K3A,IndusInd Bank,INDB0857168,MERCHANT,2024-08-10,FALSE,TRUE,NONE,1,AVAILABLE
BEN-EUNYG3,ACC-FV4B1K1,SWIGGY,EXT-AK1VRJN,Kotak Mahindra Bank,KOTAK0900581,MERCHANT,2024-10-05,FALSE,TRUE,NONE,1,AVAILABLE
BEN-6YP2FK,ACC-FV4B1K1,JIO RECHARGE,EXT-ZRENUN5,Punjab National Bank,PUNB0514850,MERCHANT,2024-10-18,FALSE,TRUE,NONE,2,AVAILABLE
BEN-B8XNSU,ACC-FV4B1K1,MEDPLUS,EXT-JXK87AU,Axis Bank,UTIB0612340,MERCHANT,2025-05-20,FALSE,TRUE,NONE,1,AVAILABLE
BEN-OS3F89,ACC-FV4B1K1,David Natt (Landlord),EXT-ZJ817W4,IndusInd Bank,IDFB0726747,UNKNOWN,2025-06-04,FALSE,TRUE,NONE,5,AVAILABLE
BEN-JXAGC0,ACC-FV4B1K1,IRCTC,EXT-HJK1EYY,HDFC Bank,HDFC0724834,MERCHANT,2025-07-09,FALSE,TRUE,NONE,1,AVAILABLE
BEN-Z6W8D8,ACC-FW9S351,BIGBASKET,EXT-NREK8PK,Punjab National Bank,PUNB0584714,MERCHANT,2024-08-01,FALSE,TRUE,NONE,1,AVAILABLE
BEN-SU9M56,ACC-FW9S351,SWIGGY,EXT-AK1VRJN,Kotak Mahindra Bank,KOTAK0900581,MERCHANT,2024-09-19,FALSE,TRUE,NONE,1,AVAILABLE
BEN-EQD6FX,ACC-FW9S351,AIRTEL POSTPAID,EXT-8F1CBFN,IndusInd Bank,INDB0343962,MERCHANT,2025-01-26,FALSE,TRUE,NONE,2,AVAILABLE
BEN-OYK7ZF,ACC-FW9S351,RELIANCE DIGITAL,EXT-Q6L6GT6,Yes Bank,YESB0738551,MERCHANT,2025-02-03,FALSE,TRUE,NONE,1,AVAILABLE
BEN-O4ZJ70,ACC-FW9S351,DMART ONLINE,EXT-VHS1K3A,IndusInd Bank,INDB0857168,MERCHANT,2025-02-22,FALSE,TRUE,NONE,1,AVAILABLE
BEN-RLLZB2,ACC-FW9S351,BLINKIT,EXT-3JQIP98,IndusInd Bank,INDB0375504,MERCHANT,2025-04-04,FALSE,TRUE,NONE,1,AVAILABLE
BEN-LOQU7E,ACC-FW9S351,TATA POWER BILLING,EXT-B9M80O2,Union Bank of India,UBIN0717889,MERCHANT,2025-04-09,FALSE,TRUE,NONE,2,AVAILABLE
BEN-K84Y2Z,ACC-FW9S351,Geetika Kadakia,ACC-EM2IFVH,Union Bank of India,UTIB0253493,FRIEND,2025-08-08,FALSE,TRUE,NONE,1,AVAILABLE
BEN-1FQAYT,ACC-FZGLI4U,MEDPLUS,EXT-JXK87AU,Axis Bank,UTIB0612340,MERCHANT,2024-06-03,FALSE,TRUE,NONE,1,AVAILABLE
BEN-MWZUR5,ACC-FZGLI4U,BLINKIT,EXT-3JQIP98,IndusInd Bank,INDB0375504,MERCHANT,2024-06-08,FALSE,TRUE,NONE,1,AVAILABLE
BEN-GEK46V,ACC-FZGLI4U,AMAZON PAY,EXT-OGYR3XK,IndusInd Bank,INDB0488162,MERCHANT,2024-09-05,FALSE,TRUE,NONE,1,AVAILABLE
BEN-LK0LZF,ACC-FZGLI4U,DMART ONLINE,EXT-VHS1K3A,IndusInd Bank,INDB0857168,MERCHANT,2024-10-16,FALSE,TRUE,NONE,2,AVAILABLE
BEN-JIW33O,ACC-FZGLI4U,BIGBASKET,EXT-NREK8PK,Punjab National Bank,PUNB0584714,MERCHANT,2025-02-05,FALSE,TRUE,NONE,2,AVAILABLE
BEN-4T8F2D,ACC-FZGLI4U,INDIAN OIL,EXT-R9OUDOC,Bank of Baroda,BARB0944151,MERCHANT,2025-02-10,FALSE,TRUE,NONE,1,AVAILABLE
BEN-XZT1HS,ACC-FZGLI4U,Isha Dutta,ACC-9JHCAZ8,Canara Bank,SBIN0624160,FAMILY,2025-03-17,FALSE,TRUE,NONE,1,AVAILABLE
BEN-EIBX4M,ACC-FZGLI4U,RAPIDO,EXT-7Q9AH8R,Canara Bank,CNRB0905934,MERCHANT,2025-06-01,FALSE,TRUE,NONE,1,AVAILABLE
BEN-O6PEEF,ACC-FZGLI4U,Dalaja Sankaran,ACC-DY1MSMZ,Union Bank of India,YESB0676582,FRIEND,2025-10-25,FALSE,TRUE,NONE,1,AVAILABLE
BEN-JGXD0W,ACC-FZVE9L4,BOOKMYSHOW,EXT-1ZXOI65,Yes Bank,YESB0195325,MERCHANT,2024-06-20,FALSE,TRUE,NONE,2,AVAILABLE
BEN-B20TQI,ACC-FZVE9L4,RAPIDO,EXT-7Q9AH8R,Canara Bank,CNRB0905934,MERCHANT,2024-08-27,FALSE,TRUE,NONE,1,AVAILABLE
BEN-Z439B7,ACC-FZVE9L4,BIGBASKET,EXT-NREK8PK,Punjab National Bank,PUNB0584714,MERCHANT,2024-09-25,FALSE,TRUE,NONE,1,AVAILABLE
BEN-IHP28Q,ACC-FZVE9L4,TATA POWER BILLING,EXT-B9M80O2,Union Bank of India,UBIN0717889,MERCHANT,2024-12-25,FALSE,TRUE,NONE,1,AVAILABLE
BEN-L39SFA,ACC-FZVE9L4,Matthew Char,EXT-X90DKFJ,HDFC Bank,IDFB0408322,UNKNOWN,2025-02-22,FALSE,TRUE,NONE,1,AVAILABLE
BEN-5GAYXU,ACC-FZVE9L4,SWIGGY,EXT-AK1VRJN,Kotak Mahindra Bank,KOTAK0900581,MERCHANT,2025-04-03,FALSE,TRUE,NONE,1,AVAILABLE
BEN-S625ZJ,ACC-FZVE9L4,AMAZON PAY,EXT-OGYR3XK,IndusInd Bank,INDB0488162,MERCHANT,2025-08-06,FALSE,TRUE,NONE,1,AVAILABLE
BEN-TKC6TB,ACC-FZVE9L4,RELIANCE DIGITAL,EXT-Q6L6GT6,Yes Bank,YESB0738551,MERCHANT,2025-09-01,FALSE,TRUE,NONE,1,AVAILABLE
BEN-78Z327,ACC-FZVE9L4,ZOMATO,EXT-C38HYF9,Punjab National Bank,PUNB0407419,MERCHANT,2025-10-18,FALSE,TRUE,NONE,2,AVAILABLE
BEN-48PJW0,ACC-G7ECILC,DMART ONLINE,EXT-VHS1K3A,IndusInd Bank,INDB0857168,MERCHANT,2024-10-20,FALSE,TRUE,NONE,1,AVAILABLE
BEN-UYIC27,ACC-G7ECILC,JIO RECHARGE,EXT-ZRENUN5,Punjab National Bank,PUNB0514850,MERCHANT,2024-10-31,FALSE,TRUE,NONE,2,AVAILABLE
BEN-YWE1AH,ACC-G7ECILC,BOOKMYSHOW,EXT-1ZXOI65,Yes Bank,YESB0195325,MERCHANT,2025-01-12,FALSE,TRUE,NONE,2,AVAILABLE
BEN-N6EFC1,ACC-G7ECILC,ZOMATO,EXT-C38HYF9,Punjab National Bank,PUNB0407419,MERCHANT,2025-03-13,FALSE,TRUE,NONE,1,AVAILABLE
BEN-YKIF6X,ACC-G7ECILC,IRCTC,EXT-HJK1EYY,HDFC Bank,HDFC0724834,MERCHANT,2025-06-28,FALSE,TRUE,NONE,1,AVAILABLE
BEN-3TBEVA,ACC-G7ECILC,AIRTEL POSTPAID,EXT-8F1CBFN,IndusInd Bank,INDB0343962,MERCHANT,2025-09-27,FALSE,TRUE,NONE,1,AVAILABLE
BEN-T230D3,ACC-G8WJAI7,JIO RECHARGE,EXT-ZRENUN5,Punjab National Bank,PUNB0514850,MERCHANT,2024-03-30,FALSE,TRUE,NONE,1,AVAILABLE
BEN-TSSL9G,ACC-G8WJAI7,Yadavi Lad,ACC-SO76KJG,IndusInd Bank,HDFC0289715,FRIEND,2024-05-18,FALSE,TRUE,NONE,4,AVAILABLE
BEN-QJL0BY,ACC-G8WJAI7,ZOMATO,EXT-C38HYF9,Punjab National Bank,PUNB0407419,MERCHANT,2024-12-13,FALSE,TRUE,NONE,2,AVAILABLE
BEN-4BQ54Z,ACC-G8WJAI7,IRCTC,EXT-HJK1EYY,HDFC Bank,HDFC0724834,MERCHANT,2025-02-05,FALSE,TRUE,NONE,2,AVAILABLE
BEN-112AKZ,ACC-G8WJAI7,RELIANCE DIGITAL,EXT-Q6L6GT6,Yes Bank,YESB0738551,MERCHANT,2025-04-20,FALSE,TRUE,NONE,1,AVAILABLE
BEN-WK30K9,ACC-G8WJAI7,AMAZON PAY,EXT-OGYR3XK,IndusInd Bank,INDB0488162,MERCHANT,2025-09-14,FALSE,TRUE,NONE,1,AVAILABLE
BEN-A78N32,ACC-G8WJAI7,MEDPLUS,EXT-JXK87AU,Axis Bank,UTIB0612340,MERCHANT,2025-09-23,FALSE,TRUE,NONE,1,AVAILABLE
BEN-PVM0PV,ACC-G9O9YP6,IRCTC,EXT-HJK1EYY,HDFC Bank,HDFC0724834,MERCHANT,2025-01-28,FALSE,TRUE,NONE,1,AVAILABLE
BEN-Z4TN8H,ACC-G9O9YP6,Balendra Chawla,ACC-2DUG8RM,Axis Bank,CNRB0283521,FAMILY,2025-04-16,FALSE,TRUE,NONE,2,AVAILABLE
BEN-29KG3P,ACC-G9O9YP6,Libni Lad,ACC-H7GX86O,Kotak Mahindra Bank,CNRB0876816,FAMILY,2025-05-16,FALSE,TRUE,NONE,2,AVAILABLE
BEN-CKSO8X,ACC-G9O9YP6,TATA POWER BILLING,EXT-B9M80O2,Union Bank of India,UBIN0717889,MERCHANT,2025-05-24,FALSE,TRUE,NONE,1,AVAILABLE
BEN-BV3W5C,ACC-G9O9YP6,BLINKIT,EXT-3JQIP98,IndusInd Bank,INDB0375504,MERCHANT,2025-06-15,FALSE,TRUE,NONE,1,AVAILABLE
BEN-DGKZ9T,ACC-G9O9YP6,RAPIDO,EXT-7Q9AH8R,Canara Bank,CNRB0905934,MERCHANT,2025-08-01,FALSE,TRUE,NONE,3,AVAILABLE
BEN-1H8X02,ACC-G9O9YP6,ZOMATO,EXT-C38HYF9,Punjab National Bank,PUNB0407419,MERCHANT,2025-08-28,FALSE,TRUE,NONE,1,AVAILABLE
BEN-PL1S0I,ACC-G9O9YP6,Kabir Kothari,ACC-GG7JPM7,ICICI Bank,UTIB0449899,FAMILY,2025-09-29,FALSE,TRUE,NONE,2,AVAILABLE
BEN-7L2DJN,ACC-G9YS831,BOOKMYSHOW,EXT-1ZXOI65,Yes Bank,YESB0195325,MERCHANT,2024-10-18,FALSE,TRUE,NONE,1,AVAILABLE
BEN-R0YLUA,ACC-G9YS831,JIO RECHARGE,EXT-ZRENUN5,Punjab National Bank,PUNB0514850,MERCHANT,2025-01-19,FALSE,TRUE,NONE,1,AVAILABLE
BEN-M14AM1,ACC-G9YS831,AIRTEL POSTPAID,EXT-8F1CBFN,IndusInd Bank,INDB0343962,MERCHANT,2025-04-30,FALSE,TRUE,NONE,1,AVAILABLE
BEN-TKAJ2M,ACC-G9YS831,SWIGGY,EXT-AK1VRJN,Kotak Mahindra Bank,KOTAK0900581,MERCHANT,2025-05-05,FALSE,TRUE,NONE,1,AVAILABLE
BEN-IN04RF,ACC-G9YS831,RELIANCE DIGITAL,EXT-Q6L6GT6,Yes Bank,YESB0738551,MERCHANT,2025-06-04,FALSE,TRUE,NONE,1,AVAILABLE
BEN-JC3XME,ACC-G9YS831,DMART ONLINE,EXT-VHS1K3A,IndusInd Bank,INDB0857168,MERCHANT,2025-06-19,FALSE,TRUE,NONE,2,AVAILABLE
BEN-EWCM9A,ACC-GA3ZIBH,AMAZON PAY,EXT-OGYR3XK,IndusInd Bank,INDB0488162,MERCHANT,2024-07-28,FALSE,TRUE,NONE,1,AVAILABLE
BEN-TE3A62,ACC-GA3ZIBH,IRCTC,EXT-HJK1EYY,HDFC Bank,HDFC0724834,MERCHANT,2024-09-13,FALSE,TRUE,NONE,1,AVAILABLE
BEN-X2IWDA,ACC-GA3ZIBH,SWIGGY,EXT-AK1VRJN,Kotak Mahindra Bank,KOTAK0900581,MERCHANT,2024-09-18,FALSE,TRUE,NONE,1,AVAILABLE
BEN-G4929R,ACC-GA3ZIBH,DMART ONLINE,EXT-VHS1K3A,IndusInd Bank,INDB0857168,MERCHANT,2024-10-12,FALSE,TRUE,NONE,1,AVAILABLE
BEN-G6YGRO,ACC-GA3ZIBH,MEDPLUS,EXT-JXK87AU,Axis Bank,UTIB0612340,MERCHANT,2025-01-11,FALSE,TRUE,NONE,2,AVAILABLE
BEN-TF3XOD,ACC-GA3ZIBH,BIGBASKET,EXT-NREK8PK,Punjab National Bank,PUNB0584714,MERCHANT,2025-03-29,FALSE,TRUE,NONE,1,AVAILABLE
BEN-LAF1GO,ACC-GA3ZIBH,JIO RECHARGE,EXT-ZRENUN5,Punjab National Bank,PUNB0514850,MERCHANT,2025-04-22,FALSE,TRUE,NONE,1,AVAILABLE
BEN-FYW2I2,ACC-GCNM08K,Lakshit Raj,ACC-VYP1NJG,State Bank of India,UTIB0654241,FAMILY,2024-03-20,FALSE,TRUE,NONE,3,AVAILABLE
BEN-D90O02,ACC-GCNM08K,INDIAN OIL,EXT-R9OUDOC,Bank of Baroda,BARB0944151,MERCHANT,2024-06-16,FALSE,TRUE,NONE,1,AVAILABLE
BEN-RBE6Z0,ACC-GCNM08K,SWIGGY,EXT-AK1VRJN,Kotak Mahindra Bank,KOTAK0900581,MERCHANT,2024-07-07,FALSE,TRUE,NONE,1,AVAILABLE
BEN-PT28YM,ACC-GCNM08K,IRCTC,EXT-HJK1EYY,HDFC Bank,HDFC0724834,MERCHANT,2024-10-27,FALSE,TRUE,NONE,1,AVAILABLE
BEN-RAYAH4,ACC-GCNM08K,RAPIDO,EXT-7Q9AH8R,Canara Bank,CNRB0905934,MERCHANT,2024-12-02,FALSE,TRUE,NONE,1,AVAILABLE
BEN-4TMZNN,ACC-GCNM08K,ZOMATO,EXT-C38HYF9,Punjab National Bank,PUNB0407419,MERCHANT,2025-06-26,FALSE,TRUE,NONE,1,AVAILABLE
BEN-8D3HQ5,ACC-GCNM08K,AIRTEL POSTPAID,EXT-8F1CBFN,IndusInd Bank,INDB0343962,MERCHANT,2025-06-30,FALSE,TRUE,NONE,1,AVAILABLE
BEN-2K0T1H,ACC-GCNM08K,Nikita Bahri,ACC-73J6IUU,Axis Bank,SBIN0996538,FAMILY,2025-07-10,FALSE,TRUE,NONE,3,AVAILABLE
BEN-TIARU5,ACC-GCNM08K,BIGBASKET,EXT-NREK8PK,Punjab National Bank,PUNB0584714,MERCHANT,2025-09-28,FALSE,TRUE,NONE,2,AVAILABLE
BEN-L1SNI1,ACC-GCNM08K,JIO RECHARGE,EXT-ZRENUN5,Punjab National Bank,PUNB0514850,MERCHANT,2025-09-30,FALSE,TRUE,NONE,1,AVAILABLE
BEN-QMN3H6,ACC-GCNM08K,Brijesh Raja,EXT-X5OTCDD,IndusInd Bank,CNRB0711274,UNKNOWN,2025-10-05,FALSE,TRUE,NONE,1,AVAILABLE
BEN-J025K8,ACC-GE49DBZ,BOOKMYSHOW,EXT-1ZXOI65,Yes Bank,YESB0195325,MERCHANT,2024-09-26,FALSE,TRUE,NONE,2,AVAILABLE
BEN-UF06BL,ACC-GE49DBZ,IRCTC,EXT-HJK1EYY,HDFC Bank,HDFC0724834,MERCHANT,2024-11-20,FALSE,TRUE,NONE,1,AVAILABLE
BEN-RYT32X,ACC-GE49DBZ,Amara Iyer,ACC-IFY7O0P,Punjab National Bank,UBIN0421352,FAMILY,2024-12-15,FALSE,TRUE,NONE,2,AVAILABLE
BEN-0W5JEJ,ACC-GE49DBZ,RELIANCE DIGITAL,EXT-Q6L6GT6,Yes Bank,YESB0738551,MERCHANT,2025-02-17,FALSE,TRUE,NONE,2,AVAILABLE
BEN-TW2I3D,ACC-GE49DBZ,AIRTEL POSTPAID,EXT-8F1CBFN,IndusInd Bank,INDB0343962,MERCHANT,2025-08-21,FALSE,TRUE,NONE,2,AVAILABLE
BEN-HEU6B5,ACC-GE49DBZ,Orinder Parmer,EXT-LXFM6U0,Canara Bank,HDFC0314072,UNKNOWN,2025-10-22,FALSE,TRUE,NONE,1,AVAILABLE
BEN-PCYZ77,ACC-GE49DBZ,TATA POWER BILLING,EXT-B9M80O2,Union Bank of India,UBIN0717889,MERCHANT,2025-10-29,FALSE,TRUE,NONE,1,AVAILABLE
BEN-8J34ZO,ACC-GFAT2XR,Harish Mody,ACC-CEQUA7O,Canara Bank,SBIN0953972,FAMILY,2024-05-09,FALSE,TRUE,NONE,1,AVAILABLE
BEN-K9L1KS,ACC-GFAT2XR,JIO RECHARGE,EXT-ZRENUN5,Punjab National Bank,PUNB0514850,MERCHANT,2024-07-12,FALSE,TRUE,NONE,1,AVAILABLE
BEN-7I4WB0,ACC-GFAT2XR,Madhavi Khanna,ACC-IFY7O0P,Kotak Mahindra Bank,IDFB0956709,FRIEND,2025-05-17,FALSE,TRUE,NONE,1,AVAILABLE
BEN-UI4QJS,ACC-GFAT2XR,AIRTEL POSTPAID,EXT-8F1CBFN,IndusInd Bank,INDB0343962,MERCHANT,2025-06-08,FALSE,TRUE,NONE,1,AVAILABLE
BEN-8YPD9V,ACC-GFAT2XR,MEDPLUS,EXT-JXK87AU,Axis Bank,UTIB0612340,MERCHANT,2025-07-04,FALSE,TRUE,NONE,1,AVAILABLE
BEN-OXB4SK,ACC-GFAT2XR,RELIANCE DIGITAL,EXT-Q6L6GT6,Yes Bank,YESB0738551,MERCHANT,2025-07-07,FALSE,TRUE,NONE,1,AVAILABLE
BEN-36XJY1,ACC-GFAT2XR,TATA POWER BILLING,EXT-B9M80O2,Union Bank of India,UBIN0717889,MERCHANT,2025-07-30,FALSE,TRUE,NONE,2,AVAILABLE
BEN-8234CI,ACC-GFAT2XR,DMART ONLINE,EXT-VHS1K3A,IndusInd Bank,INDB0857168,MERCHANT,2025-10-28,FALSE,TRUE,NONE,1,AVAILABLE
BEN-DR7N0L,ACC-GFAT2XR,Zaid Cherian,ACC-EYNINT1,Canara Bank,BARB0882517,FRIEND,2025-10-29,FALSE,TRUE,NONE,1,AVAILABLE
BEN-HHLT0Q,ACC-GG2KTBC,Lila Agarwal,ACC-JWSOYH5,IndusInd Bank,PUNB0740468,FRIEND,2024-03-22,FALSE,TRUE,NONE,3,AVAILABLE
BEN-ZEH5FN,ACC-GG2KTBC,IRCTC,EXT-HJK1EYY,HDFC Bank,HDFC0724834,MERCHANT,2024-05-08,FALSE,TRUE,NONE,1,AVAILABLE
BEN-LD3KI0,ACC-GG2KTBC,Raghav Yadav,ACC-IFY7O0P,Canara Bank,SBIN0739770,FRIEND,2024-09-18,FALSE,TRUE,NONE,1,AVAILABLE
BEN-FO4DCE,ACC-GG2KTBC,RELIANCE DIGITAL,EXT-Q6L6GT6,Yes Bank,YESB0738551,MERCHANT,2025-03-18,FALSE,TRUE,NONE,1,AVAILABLE
BEN-NH215A,ACC-GG2KTBC,BOOKMYSHOW,EXT-1ZXOI65,Yes Bank,YESB0195325,MERCHANT,2025-04-23,FALSE,TRUE,NONE,1,AVAILABLE
BEN-XK8RYU,ACC-GG2KTBC,RAPIDO,EXT-7Q9AH8R,Canara Bank,CNRB0905934,MERCHANT,2025-05-20,FALSE,TRUE,NONE,1,AVAILABLE
BEN-QAA0EN,ACC-GG2KTBC,MEDPLUS,EXT-JXK87AU,Axis Bank,UTIB0612340,MERCHANT,2025-05-24,FALSE,TRUE,NONE,1,AVAILABLE
BEN-A60MZ3,ACC-GG2KTBC,SWIGGY,EXT-AK1VRJN,Kotak Mahindra Bank,KOTAK0900581,MERCHANT,2025-07-20,FALSE,TRUE,NONE,1,AVAILABLE
BEN-JG6FUQ,ACC-GG2KTBC,Yauvani Iyengar,ACC-AO08CAP,State Bank of India,BARB0423556,FAMILY,2025-08-22,FALSE,TRUE,NONE,1,AVAILABLE
BEN-HZ2YE1,ACC-GG2KTBC,JIO RECHARGE,EXT-ZRENUN5,Punjab National Bank,PUNB0514850,MERCHANT,2025-09-01,FALSE,TRUE,NONE,1,AVAILABLE
BEN-7EEA1L,ACC-GG7JPM7,INDIAN OIL,EXT-R9OUDOC,Bank of Baroda,BARB0944151,MERCHANT,2024-04-20,FALSE,TRUE,NONE,1,AVAILABLE
BEN-FRCUY2,ACC-GG7JPM7,RAPIDO,EXT-7Q9AH8R,Canara Bank,CNRB0905934,MERCHANT,2024-07-09,FALSE,TRUE,NONE,2,AVAILABLE
BEN-68FM1Y,ACC-GG7JPM7,BOOKMYSHOW,EXT-1ZXOI65,Yes Bank,YESB0195325,MERCHANT,2024-09-03,FALSE,TRUE,NONE,2,AVAILABLE
BEN-3UK6NF,ACC-GG7JPM7,AIRTEL POSTPAID,EXT-8F1CBFN,IndusInd Bank,INDB0343962,MERCHANT,2024-09-17,FALSE,TRUE,NONE,1,AVAILABLE
BEN-QGL9XB,ACC-GG7JPM7,ZOMATO,EXT-C38HYF9,Punjab National Bank,PUNB0407419,MERCHANT,2024-12-14,FALSE,TRUE,NONE,1,AVAILABLE
BEN-RWF0QC,ACC-GG7JPM7,Kashvi Randhawa,ACC-L6HYC1R,Union Bank of India,ICIC0570660,FAMILY,2025-05-22,FALSE,TRUE,NONE,2,AVAILABLE
BEN-0MKTZO,ACC-GG7JPM7,SWIGGY,EXT-AK1VRJN,Kotak Mahindra Bank,KOTAK0900581,MERCHANT,2025-10-10,FALSE,TRUE,NONE,1,AVAILABLE
BEN-QCQ6AV,ACC-GL64TPK,AMAZON PAY,EXT-OGYR3XK,IndusInd Bank,INDB0488162,MERCHANT,2024-05-04,FALSE,TRUE,NONE,1,AVAILABLE
BEN-IR3IEJ,ACC-GL64TPK,DMART ONLINE,EXT-VHS1K3A,IndusInd Bank,INDB0857168,MERCHANT,2024-07-23,FALSE,TRUE,NONE,1,AVAILABLE
BEN-26RSMR,ACC-GL64TPK,MEDPLUS,EXT-JXK87AU,Axis Bank,UTIB0612340,MERCHANT,2024-07-24,FALSE,TRUE,NONE,1,AVAILABLE
BEN-2QO40Q,ACC-GL64TPK,ZOMATO,EXT-C38HYF9,Punjab National Bank,PUNB0407419,MERCHANT,2024-12-30,FALSE,TRUE,NONE,2,AVAILABLE
BEN-KGM748,ACC-GL64TPK,AIRTEL POSTPAID,EXT-8F1CBFN,IndusInd Bank,INDB0343962,MERCHANT,2025-02-07,FALSE,TRUE,NONE,1,AVAILABLE
BEN-FC4FJA,ACC-GL64TPK,INDIAN OIL,EXT-R9OUDOC,Bank of Baroda,BARB0944151,MERCHANT,2025-03-01,FALSE,TRUE,NONE,1,AVAILABLE
BEN-K5PX1Z,ACC-GL64TPK,BOOKMYSHOW,EXT-1ZXOI65,Yes Bank,YESB0195325,MERCHANT,2025-08-19,FALSE,TRUE,NONE,2,AVAILABLE
BEN-78OGQL,ACC-H1RJFUI,BIGBASKET,EXT-NREK8PK,Punjab National Bank,PUNB0584714,MERCHANT,2024-05-03,FALSE,TRUE,NONE,1,AVAILABLE
BEN-5BVBQ7,ACC-H1RJFUI,IRCTC,EXT-HJK1EYY,HDFC Bank,HDFC0724834,MERCHANT,2024-11-22,FALSE,TRUE,NONE,1,AVAILABLE
BEN-MQP6VZ,ACC-H1RJFUI,RAPIDO,EXT-7Q9AH8R,Canara Bank,CNRB0905934,MERCHANT,2025-02-20,FALSE,TRUE,NONE,2,AVAILABLE
BEN-FM27GA,ACC-H1RJFUI,JIO RECHARGE,EXT-ZRENUN5,Punjab National Bank,PUNB0514850,MERCHANT,2025-02-25,FALSE,TRUE,NONE,1,AVAILABLE
BEN-QYF1KT,ACC-H1RJFUI,TATA POWER BILLING,EXT-B9M80O2,Union Bank of India,UBIN0717889,MERCHANT,2025-03-22,FALSE,TRUE,NONE,1,AVAILABLE
BEN-4NJ1TE,ACC-H1RJFUI,BOOKMYSHOW,EXT-1ZXOI65,Yes Bank,YESB0195325,MERCHANT,2025-03-22,FALSE,TRUE,NONE,1,AVAILABLE
BEN-QDIG55,ACC-H1RJFUI,BLINKIT,EXT-3JQIP98,IndusInd Bank,INDB0375504,MERCHANT,2025-05-02,FALSE,TRUE,NONE,1,AVAILABLE
BEN-5GXXIG,ACC-H1RJFUI,SWIGGY,EXT-AK1VRJN,Kotak Mahindra Bank,KOTAK0900581,MERCHANT,2025-08-16,FALSE,TRUE,NONE,1,AVAILABLE
BEN-H3HWTL,ACC-H1RJFUI,INDIAN OIL,EXT-R9OUDOC,Bank of Baroda,BARB0944151,MERCHANT,2025-09-20,FALSE,TRUE,NONE,1,AVAILABLE
BEN-1MFXTN,ACC-H3FNBDV,SWIGGY,EXT-AK1VRJN,Kotak Mahindra Bank,KOTAK0900581,MERCHANT,2024-09-07,FALSE,TRUE,NONE,1,AVAILABLE
BEN-9R0T8I,ACC-H3FNBDV,INDIAN OIL,EXT-R9OUDOC,Bank of Baroda,BARB0944151,MERCHANT,2024-09-18,FALSE,TRUE,NONE,3,AVAILABLE
BEN-K86IOU,ACC-H3FNBDV,Hritik Datta,ACC-EZC1B3E,Kotak Mahindra Bank,BARB0291319,FAMILY,2024-09-30,FALSE,TRUE,NONE,1,AVAILABLE
BEN-WGRWU8,ACC-H3FNBDV,TATA POWER BILLING,EXT-B9M80O2,Union Bank of India,UBIN0717889,MERCHANT,2024-12-19,FALSE,TRUE,NONE,1,AVAILABLE
BEN-Q3WGH5,ACC-H3FNBDV,Kritika Karpe,ACC-6GN8W9U,Canara Bank,UBIN0290160,FAMILY,2025-01-15,FALSE,TRUE,NONE,1,AVAILABLE
BEN-5CED1X,ACC-H3FNBDV,ZOMATO,EXT-C38HYF9,Punjab National Bank,PUNB0407419,MERCHANT,2025-03-14,FALSE,TRUE,NONE,1,AVAILABLE
BEN-LK0T2I,ACC-H3FNBDV,Wridesh Varty,ACC-1SGFGFB,Bank of Baroda,KOTAK0175668,FRIEND,2025-03-24,FALSE,TRUE,NONE,3,AVAILABLE
BEN-G9ZCUC,ACC-H3FNBDV,Lucky Balasubramanian,ACC-R9KE7J2,State Bank of India,ICIC0354063,FAMILY,2025-06-03,FALSE,TRUE,NONE,1,AVAILABLE
BEN-L5YPI3,ACC-H3FNBDV,AIRTEL POSTPAID,EXT-8F1CBFN,IndusInd Bank,INDB0343962,MERCHANT,2025-10-05,FALSE,TRUE,NONE,1,AVAILABLE
BEN-CH0RRX,ACC-H3FNBDV,Samar Sabharwal,ACC-DJKDFR2,HDFC Bank,IDFB0830329,UNKNOWN,2026-08-18,TRUE,FALSE,HIGH,1,AVAILABLE
BEN-0ZNIWX,ACC-H7GPNG4,BOOKMYSHOW,EXT-1ZXOI65,Yes Bank,YESB0195325,MERCHANT,2024-06-11,FALSE,TRUE,NONE,1,AVAILABLE
BEN-KZ9XU5,ACC-H7GPNG4,Neelima Sankaran,ACC-AH3XM2A,Bank of Baroda,UTIB0554102,FRIEND,2024-07-04,FALSE,TRUE,NONE,2,AVAILABLE
BEN-JNW0P7,ACC-H7GPNG4,Devika Sastry,ACC-2DUG8RM,State Bank of India,BARB0312470,FRIEND,2024-10-07,FALSE,TRUE,NONE,3,AVAILABLE
BEN-DIAG22,ACC-H7GPNG4,BIGBASKET,EXT-NREK8PK,Punjab National Bank,PUNB0584714,MERCHANT,2025-02-19,FALSE,TRUE,NONE,1,AVAILABLE
BEN-LKLV5I,ACC-H7GPNG4,ZOMATO,EXT-C38HYF9,Punjab National Bank,PUNB0407419,MERCHANT,2025-08-06,FALSE,TRUE,NONE,1,AVAILABLE
BEN-NJZXM2,ACC-H7GPNG4,DMART ONLINE,EXT-VHS1K3A,IndusInd Bank,INDB0857168,MERCHANT,2025-08-14,FALSE,TRUE,NONE,1,AVAILABLE
BEN-O6TSPY,ACC-H7GPNG4,JIO RECHARGE,EXT-ZRENUN5,Punjab National Bank,PUNB0514850,MERCHANT,2025-10-30,FALSE,TRUE,NONE,1,AVAILABLE
BEN-6EYDU6,ACC-H7GX86O,INDIAN OIL,EXT-R9OUDOC,Bank of Baroda,BARB0944151,MERCHANT,2024-05-24,FALSE,TRUE,NONE,1,AVAILABLE
BEN-C98Z4D,ACC-H7GX86O,SWIGGY,EXT-AK1VRJN,Kotak Mahindra Bank,KOTAK0900581,MERCHANT,2024-07-16,FALSE,TRUE,NONE,1,AVAILABLE
BEN-WR7K9Z,ACC-H7GX86O,Tara Lala,ACC-JS2MXCB,State Bank of India,IDFB0474793,FRIEND,2024-10-22,FALSE,TRUE,NONE,1,AVAILABLE
BEN-UUV8YQ,ACC-H7GX86O,AIRTEL POSTPAID,EXT-8F1CBFN,IndusInd Bank,INDB0343962,MERCHANT,2024-10-29,FALSE,TRUE,NONE,1,AVAILABLE
BEN-H4NLH5,ACC-H7GX86O,DMART ONLINE,EXT-VHS1K3A,IndusInd Bank,INDB0857168,MERCHANT,2025-04-10,FALSE,TRUE,NONE,1,AVAILABLE
BEN-6FRH8A,ACC-H7GX86O,Bimala Kamdar,ACC-SP7RU86,IndusInd Bank,UTIB0585400,FAMILY,2025-04-18,FALSE,TRUE,NONE,3,AVAILABLE
BEN-3F5279,ACC-H7GX86O,BLINKIT,EXT-3JQIP98,IndusInd Bank,INDB0375504,MERCHANT,2025-06-06,FALSE,TRUE,NONE,1,AVAILABLE
BEN-JBN6PN,ACC-H7GX86O,AMAZON PAY,EXT-OGYR3XK,IndusInd Bank,INDB0488162,MERCHANT,2025-06-19,FALSE,TRUE,NONE,1,AVAILABLE
BEN-B9RSUN,ACC-H7GX86O,Pushti Date,EXT-I8YYF52,State Bank of India,HDFC0445002,UNKNOWN,2025-10-06,FALSE,TRUE,NONE,1,AVAILABLE
BEN-YVN5EX,ACC-HEZ5EDJ,MEDPLUS,EXT-JXK87AU,Axis Bank,UTIB0612340,MERCHANT,2024-03-31,FALSE,TRUE,NONE,3,AVAILABLE
BEN-142VSZ,ACC-HEZ5EDJ,BIGBASKET,EXT-NREK8PK,Punjab National Bank,PUNB0584714,MERCHANT,2024-05-26,FALSE,TRUE,NONE,1,AVAILABLE
BEN-S052DO,ACC-HEZ5EDJ,Imaran Vala,ACC-XANBX94,Punjab National Bank,SBIN0674355,FRIEND,2024-06-08,FALSE,TRUE,NONE,1,AVAILABLE
BEN-YGRPP2,ACC-HEZ5EDJ,JIO RECHARGE,EXT-ZRENUN5,Punjab National Bank,PUNB0514850,MERCHANT,2025-01-29,FALSE,TRUE,NONE,1,AVAILABLE
BEN-GI4MRF,ACC-HEZ5EDJ,RELIANCE DIGITAL,EXT-Q6L6GT6,Yes Bank,YESB0738551,MERCHANT,2025-03-15,FALSE,TRUE,NONE,1,AVAILABLE
BEN-6XLBAJ,ACC-HEZ5EDJ,DMART ONLINE,EXT-VHS1K3A,IndusInd Bank,INDB0857168,MERCHANT,2025-05-26,FALSE,TRUE,NONE,1,AVAILABLE
BEN-PX4LQ3,ACC-HGP8IY3,AIRTEL POSTPAID,EXT-8F1CBFN,IndusInd Bank,INDB0343962,MERCHANT,2024-09-20,FALSE,TRUE,NONE,1,AVAILABLE
BEN-GD5523,ACC-HGP8IY3,AMAZON PAY,EXT-OGYR3XK,IndusInd Bank,INDB0488162,MERCHANT,2025-03-17,FALSE,TRUE,NONE,1,AVAILABLE
BEN-NVLSX4,ACC-HGP8IY3,DMART ONLINE,EXT-VHS1K3A,IndusInd Bank,INDB0857168,MERCHANT,2025-03-20,FALSE,TRUE,NONE,1,AVAILABLE
BEN-GHE2WH,ACC-HGP8IY3,TATA POWER BILLING,EXT-B9M80O2,Union Bank of India,UBIN0717889,MERCHANT,2025-03-22,FALSE,TRUE,NONE,2,AVAILABLE
BEN-2HXQJK,ACC-HGP8IY3,MEDPLUS,EXT-JXK87AU,Axis Bank,UTIB0612340,MERCHANT,2025-06-21,FALSE,TRUE,NONE,1,AVAILABLE
BEN-A7VP3C,ACC-HGP8IY3,INDIAN OIL,EXT-R9OUDOC,Bank of Baroda,BARB0944151,MERCHANT,2025-07-30,FALSE,TRUE,NONE,1,AVAILABLE
BEN-SUKUI6,ACC-HGP8IY3,BLINKIT,EXT-3JQIP98,IndusInd Bank,INDB0375504,MERCHANT,2025-08-26,FALSE,TRUE,NONE,1,AVAILABLE
BEN-HDWTL3,ACC-HGP8IY3,SUNRISE TRADERS,EXT-5C0S4UA,Kotak Mahindra Bank,HDFC0432859,UNKNOWN,2026-08-24,TRUE,FALSE,HIGH,1,AVAILABLE
BEN-DN9L5K,ACC-HHFH56O,MEDPLUS,EXT-JXK87AU,Axis Bank,UTIB0612340,MERCHANT,2024-03-16,FALSE,TRUE,NONE,1,AVAILABLE
BEN-SJ3R2H,ACC-HHFH56O,RELIANCE DIGITAL,EXT-Q6L6GT6,Yes Bank,YESB0738551,MERCHANT,2024-05-13,FALSE,TRUE,NONE,3,AVAILABLE
BEN-YVWM51,ACC-HHFH56O,TATA POWER BILLING,EXT-B9M80O2,Union Bank of India,UBIN0717889,MERCHANT,2024-09-14,FALSE,TRUE,NONE,1,AVAILABLE
BEN-6S8R7R,ACC-HHFH56O,BIGBASKET,EXT-NREK8PK,Punjab National Bank,PUNB0584714,MERCHANT,2024-10-26,FALSE,TRUE,NONE,1,AVAILABLE
BEN-10TSC0,ACC-HHFH56O,IRCTC,EXT-HJK1EYY,HDFC Bank,HDFC0724834,MERCHANT,2025-04-04,FALSE,TRUE,NONE,1,AVAILABLE
BEN-V8SI93,ACC-HHFH56O,DMART ONLINE,EXT-VHS1K3A,IndusInd Bank,INDB0857168,MERCHANT,2025-05-09,FALSE,TRUE,NONE,1,AVAILABLE
BEN-LD91AP,ACC-HHFH56O,Sai Srinivasan,ACC-M5VWIPG,IndusInd Bank,KOTAK0126806,FAMILY,2025-06-26,FALSE,TRUE,NONE,4,AVAILABLE
BEN-ULN51L,ACC-HHFH56O,Vritti Gole,ACC-12310X5,Yes Bank,BARB0861024,FAMILY,2025-07-08,FALSE,TRUE,NONE,1,AVAILABLE
BEN-4B9WHP,ACC-HHFH56O,SWIGGY,EXT-AK1VRJN,Kotak Mahindra Bank,KOTAK0900581,MERCHANT,2025-11-02,FALSE,TRUE,NONE,1,AVAILABLE
BEN-MT4UDD,ACC-HL8Z7IO,AMAZON PAY,EXT-OGYR3XK,IndusInd Bank,INDB0488162,MERCHANT,2024-08-22,FALSE,TRUE,NONE,1,AVAILABLE
BEN-A82150,ACC-HL8Z7IO,SWIGGY,EXT-AK1VRJN,Kotak Mahindra Bank,KOTAK0900581,MERCHANT,2025-01-27,FALSE,TRUE,NONE,1,AVAILABLE
BEN-DNF9M2,ACC-HL8Z7IO,ZOMATO,EXT-C38HYF9,Punjab National Bank,PUNB0407419,MERCHANT,2025-02-25,FALSE,TRUE,NONE,2,AVAILABLE
BEN-TXL8T2,ACC-HL8Z7IO,INDIAN OIL,EXT-R9OUDOC,Bank of Baroda,BARB0944151,MERCHANT,2025-05-09,FALSE,TRUE,NONE,1,AVAILABLE
BEN-G41WML,ACC-HL8Z7IO,Sathvik Barad,ACC-GCNM08K,Union Bank of India,PUNB0982048,FAMILY,2025-05-17,FALSE,TRUE,NONE,2,AVAILABLE
BEN-UJ3VBJ,ACC-HL8Z7IO,IRCTC,EXT-HJK1EYY,HDFC Bank,HDFC0724834,MERCHANT,2025-06-18,FALSE,TRUE,NONE,2,AVAILABLE
BEN-Z6OY48,ACC-HL8Z7IO,RAPIDO,EXT-7Q9AH8R,Canara Bank,CNRB0905934,MERCHANT,2025-09-16,FALSE,TRUE,NONE,1,AVAILABLE
BEN-YU2ZX3,ACC-HMUH8LM,BIGBASKET,EXT-NREK8PK,Punjab National Bank,PUNB0584714,MERCHANT,2024-03-15,FALSE,TRUE,NONE,1,AVAILABLE
BEN-AUWEQ9,ACC-HMUH8LM,ZOMATO,EXT-C38HYF9,Punjab National Bank,PUNB0407419,MERCHANT,2024-04-23,FALSE,TRUE,NONE,1,AVAILABLE
BEN-SJF612,ACC-HMUH8LM,AIRTEL POSTPAID,EXT-8F1CBFN,IndusInd Bank,INDB0343962,MERCHANT,2025-09-02,FALSE,TRUE,NONE,2,AVAILABLE
BEN-H633AO,ACC-HMUH8LM,DMART ONLINE,EXT-VHS1K3A,IndusInd Bank,INDB0857168,MERCHANT,2025-10-18,FALSE,TRUE,NONE,1,AVAILABLE
BEN-G7E680,ACC-HMUH8LM,TATA POWER BILLING,EXT-B9M80O2,Union Bank of India,UBIN0717889,MERCHANT,2025-11-02,FALSE,TRUE,NONE,1,AVAILABLE
BEN-1HNPB4,ACC-HUCI5RX,MEDPLUS,EXT-JXK87AU,Axis Bank,UTIB0612340,MERCHANT,2024-06-06,FALSE,TRUE,NONE,1,AVAILABLE
BEN-NOCO2I,ACC-HUCI5RX,SWIGGY,EXT-AK1VRJN,Kotak Mahindra Bank,KOTAK0900581,MERCHANT,2024-09-08,FALSE,TRUE,NONE,1,AVAILABLE
BEN-Q3FG3K,ACC-HUCI5RX,INDIAN OIL,EXT-R9OUDOC,Bank of Baroda,BARB0944151,MERCHANT,2024-09-24,FALSE,TRUE,NONE,1,AVAILABLE
BEN-LMC8Z0,ACC-HUCI5RX,TATA POWER BILLING,EXT-B9M80O2,Union Bank of India,UBIN0717889,MERCHANT,2024-09-27,FALSE,TRUE,NONE,1,AVAILABLE
BEN-QN1GET,ACC-HUCI5RX,ZOMATO,EXT-C38HYF9,Punjab National Bank,PUNB0407419,MERCHANT,2024-12-01,FALSE,TRUE,NONE,1,AVAILABLE
BEN-1S9NQY,ACC-HUCI5RX,JIO RECHARGE,EXT-ZRENUN5,Punjab National Bank,PUNB0514850,MERCHANT,2025-08-29,FALSE,TRUE,NONE,1,AVAILABLE
BEN-HVE1M1,ACC-HUCI5RX,Sneha Mann (Landlord),EXT-RRZG6E7,Canara Bank,IDFB0431840,UNKNOWN,2025-09-13,FALSE,TRUE,NONE,5,AVAILABLE
BEN-65M71J,ACC-HUCI5RX,AIRTEL POSTPAID,EXT-8F1CBFN,IndusInd Bank,INDB0343962,MERCHANT,2025-10-05,FALSE,TRUE,NONE,2,AVAILABLE
BEN-RUBHU1,ACC-HYKM1QW,AMAZON PAY,EXT-OGYR3XK,IndusInd Bank,INDB0488162,MERCHANT,2024-07-07,FALSE,TRUE,NONE,2,AVAILABLE
BEN-MQ1CLR,ACC-HYKM1QW,RAPIDO,EXT-7Q9AH8R,Canara Bank,CNRB0905934,MERCHANT,2024-09-04,FALSE,TRUE,NONE,1,AVAILABLE
BEN-YIUY6V,ACC-HYKM1QW,ZOMATO,EXT-C38HYF9,Punjab National Bank,PUNB0407419,MERCHANT,2024-10-09,FALSE,TRUE,NONE,1,AVAILABLE
BEN-W65W51,ACC-HYKM1QW,BOOKMYSHOW,EXT-1ZXOI65,Yes Bank,YESB0195325,MERCHANT,2024-11-08,FALSE,TRUE,NONE,1,AVAILABLE
BEN-ANV2RB,ACC-HYKM1QW,RELIANCE DIGITAL,EXT-Q6L6GT6,Yes Bank,YESB0738551,MERCHANT,2025-09-03,FALSE,TRUE,NONE,2,AVAILABLE
BEN-EGBVY8,ACC-HYKM1QW,JIO RECHARGE,EXT-ZRENUN5,Punjab National Bank,PUNB0514850,MERCHANT,2025-09-19,FALSE,TRUE,NONE,1,AVAILABLE
BEN-13L3OW,ACC-I4J3X09,RAPIDO,EXT-7Q9AH8R,Canara Bank,CNRB0905934,MERCHANT,2024-07-27,FALSE,TRUE,NONE,3,AVAILABLE
BEN-J9N1R5,ACC-I4J3X09,IRCTC,EXT-HJK1EYY,HDFC Bank,HDFC0724834,MERCHANT,2024-07-27,FALSE,TRUE,NONE,2,AVAILABLE
BEN-COY757,ACC-I4J3X09,JIO RECHARGE,EXT-ZRENUN5,Punjab National Bank,PUNB0514850,MERCHANT,2024-12-16,FALSE,TRUE,NONE,2,AVAILABLE
BEN-U3FUPV,ACC-I4J3X09,BIGBASKET,EXT-NREK8PK,Punjab National Bank,PUNB0584714,MERCHANT,2025-01-11,FALSE,TRUE,NONE,1,AVAILABLE
BEN-P30U6S,ACC-I4J3X09,AMAZON PAY,EXT-OGYR3XK,IndusInd Bank,INDB0488162,MERCHANT,2025-06-17,FALSE,TRUE,NONE,1,AVAILABLE
BEN-LK74HA,ACC-I4J3X09,Vasana Banik,ACC-J7S9KT5,Bank of Baroda,BARB0301416,FRIEND,2025-10-12,FALSE,TRUE,NONE,3,AVAILABLE
BEN-20A28F,ACC-I603D93,MEDPLUS,EXT-JXK87AU,Axis Bank,UTIB0612340,MERCHANT,2024-07-10,FALSE,TRUE,NONE,1,AVAILABLE
BEN-MFP4FT,ACC-I603D93,AMAZON PAY,EXT-OGYR3XK,IndusInd Bank,INDB0488162,MERCHANT,2024-11-30,FALSE,TRUE,NONE,1,AVAILABLE
BEN-CTVDZ4,ACC-I603D93,SWIGGY,EXT-AK1VRJN,Kotak Mahindra Bank,KOTAK0900581,MERCHANT,2024-12-21,FALSE,TRUE,NONE,1,AVAILABLE
BEN-WZKH2S,ACC-I603D93,BLINKIT,EXT-3JQIP98,IndusInd Bank,INDB0375504,MERCHANT,2024-12-25,FALSE,TRUE,NONE,1,AVAILABLE
BEN-5UODBP,ACC-I603D93,TATA POWER BILLING,EXT-B9M80O2,Union Bank of India,UBIN0717889,MERCHANT,2025-03-27,FALSE,TRUE,NONE,2,AVAILABLE
BEN-7S211P,ACC-I603D93,BOOKMYSHOW,EXT-1ZXOI65,Yes Bank,YESB0195325,MERCHANT,2025-07-29,FALSE,TRUE,NONE,2,AVAILABLE
BEN-A581WD,ACC-I72U6W3,RELIANCE DIGITAL,EXT-Q6L6GT6,Yes Bank,YESB0738551,MERCHANT,2024-03-24,FALSE,TRUE,NONE,1,AVAILABLE
BEN-8IBKJD,ACC-I72U6W3,IRCTC,EXT-HJK1EYY,HDFC Bank,HDFC0724834,MERCHANT,2024-10-09,FALSE,TRUE,NONE,1,AVAILABLE
BEN-7STWQG,ACC-I72U6W3,MEDPLUS,EXT-JXK87AU,Axis Bank,UTIB0612340,MERCHANT,2024-12-01,FALSE,TRUE,NONE,1,AVAILABLE
BEN-TI01BB,ACC-I72U6W3,TATA POWER BILLING,EXT-B9M80O2,Union Bank of India,UBIN0717889,MERCHANT,2024-12-11,FALSE,TRUE,NONE,1,AVAILABLE
BEN-7S7RC9,ACC-I72U6W3,AMAZON PAY,EXT-OGYR3XK,IndusInd Bank,INDB0488162,MERCHANT,2025-01-23,FALSE,TRUE,NONE,1,AVAILABLE
BEN-0X334M,ACC-I72U6W3,AIRTEL POSTPAID,EXT-8F1CBFN,IndusInd Bank,INDB0343962,MERCHANT,2025-03-04,FALSE,TRUE,NONE,1,AVAILABLE
BEN-F6N5P0,ACC-I72U6W3,RAPIDO,EXT-7Q9AH8R,Canara Bank,CNRB0905934,MERCHANT,2025-03-29,FALSE,TRUE,NONE,1,AVAILABLE
BEN-DRPJE0,ACC-I85FVOE,JIO RECHARGE,EXT-ZRENUN5,Punjab National Bank,PUNB0514850,MERCHANT,2024-05-26,FALSE,TRUE,NONE,2,AVAILABLE
BEN-IRF1OC,ACC-I85FVOE,BIGBASKET,EXT-NREK8PK,Punjab National Bank,PUNB0584714,MERCHANT,2024-06-18,FALSE,TRUE,NONE,1,AVAILABLE
BEN-QU1K6J,ACC-I85FVOE,Irya Sachar,ACC-BX9X39I,IDFC FIRST Bank,CNRB0200317,FRIEND,2024-07-24,FALSE,TRUE,NONE,1,AVAILABLE
BEN-BSLTL5,ACC-I85FVOE,SWIGGY,EXT-AK1VRJN,Kotak Mahindra Bank,KOTAK0900581,MERCHANT,2024-08-02,FALSE,TRUE,NONE,1,AVAILABLE
BEN-88OX3L,ACC-I85FVOE,RELIANCE DIGITAL,EXT-Q6L6GT6,Yes Bank,YESB0738551,MERCHANT,2024-11-27,FALSE,TRUE,NONE,1,AVAILABLE
BEN-BV09DX,ACC-I85FVOE,Yug Shukla,ACC-7SFQM9R,IDFC FIRST Bank,ICIC0212075,FAMILY,2025-01-12,FALSE,TRUE,NONE,1,AVAILABLE
BEN-QCX0WH,ACC-I85FVOE,TATA POWER BILLING,EXT-B9M80O2,Union Bank of India,UBIN0717889,MERCHANT,2025-05-18,FALSE,TRUE,NONE,2,AVAILABLE
BEN-3VS51S,ACC-I9NWRI1,JIO RECHARGE,EXT-ZRENUN5,Punjab National Bank,PUNB0514850,MERCHANT,2024-03-17,FALSE,TRUE,NONE,1,AVAILABLE
BEN-YUR9OL,ACC-I9NWRI1,Samaksh Hans,ACC-CDP9AJG,Kotak Mahindra Bank,BARB0218800,FRIEND,2024-03-22,FALSE,TRUE,NONE,2,AVAILABLE
BEN-AX7X8I,ACC-I9NWRI1,BLINKIT,EXT-3JQIP98,IndusInd Bank,INDB0375504,MERCHANT,2024-05-20,FALSE,TRUE,NONE,2,AVAILABLE
BEN-JFTHC1,ACC-I9NWRI1,BOOKMYSHOW,EXT-1ZXOI65,Yes Bank,YESB0195325,MERCHANT,2024-08-28,FALSE,TRUE,NONE,3,AVAILABLE
BEN-NUEG36,ACC-I9NWRI1,INDIAN OIL,EXT-R9OUDOC,Bank of Baroda,BARB0944151,MERCHANT,2024-10-28,FALSE,TRUE,NONE,1,AVAILABLE
BEN-NN32QL,ACC-I9NWRI1,RELIANCE DIGITAL,EXT-Q6L6GT6,Yes Bank,YESB0738551,MERCHANT,2024-11-01,FALSE,TRUE,NONE,1,AVAILABLE
BEN-DP8PNH,ACC-I9NWRI1,Ladli Khurana,ACC-CUG7RQ8,ICICI Bank,UTIB0211641,FAMILY,2025-02-17,FALSE,TRUE,NONE,2,AVAILABLE
BEN-AV3APK,ACC-I9NWRI1,BIGBASKET,EXT-NREK8PK,Punjab National Bank,PUNB0584714,MERCHANT,2025-04-13,FALSE,TRUE,NONE,1,AVAILABLE
BEN-O8SO6Z,ACC-I9NWRI1,SWIGGY,EXT-AK1VRJN,Kotak Mahindra Bank,KOTAK0900581,MERCHANT,2025-09-17,FALSE,TRUE,NONE,1,AVAILABLE
BEN-ZU969W,ACC-IF3G3T3,MEDPLUS,EXT-JXK87AU,Axis Bank,UTIB0612340,MERCHANT,2024-05-29,FALSE,TRUE,NONE,1,AVAILABLE
BEN-8WWVN8,ACC-IF3G3T3,SWIGGY,EXT-AK1VRJN,Kotak Mahindra Bank,KOTAK0900581,MERCHANT,2024-08-20,FALSE,TRUE,NONE,1,AVAILABLE
BEN-3W8L8U,ACC-IF3G3T3,JIO RECHARGE,EXT-ZRENUN5,Punjab National Bank,PUNB0514850,MERCHANT,2024-10-13,FALSE,TRUE,NONE,1,AVAILABLE
BEN-YI23W1,ACC-IF3G3T3,INDIAN OIL,EXT-R9OUDOC,Bank of Baroda,BARB0944151,MERCHANT,2025-02-18,FALSE,TRUE,NONE,1,AVAILABLE
BEN-A76YAU,ACC-IF3G3T3,RELIANCE DIGITAL,EXT-Q6L6GT6,Yes Bank,YESB0738551,MERCHANT,2025-06-06,FALSE,TRUE,NONE,1,AVAILABLE
BEN-06SFWX,ACC-IF3G3T3,Mohammed Setty,ACC-BS5FI6E,Kotak Mahindra Bank,UTIB0913287,FRIEND,2025-07-05,FALSE,TRUE,NONE,2,AVAILABLE
BEN-7TJRED,ACC-IF3G3T3,BLINKIT,EXT-3JQIP98,IndusInd Bank,INDB0375504,MERCHANT,2025-08-25,FALSE,TRUE,NONE,2,AVAILABLE
BEN-41KWCW,ACC-IFI031L,Ekiya Suresh,ACC-5FAALFS,IDFC FIRST Bank,BARB0353475,FRIEND,2024-05-30,FALSE,TRUE,NONE,1,AVAILABLE
BEN-7PCO5V,ACC-IFI031L,INDIAN OIL,EXT-R9OUDOC,Bank of Baroda,BARB0944151,MERCHANT,2024-07-04,FALSE,TRUE,NONE,1,AVAILABLE
BEN-V0845B,ACC-IFI031L,BOOKMYSHOW,EXT-1ZXOI65,Yes Bank,YESB0195325,MERCHANT,2024-07-18,FALSE,TRUE,NONE,1,AVAILABLE
BEN-OTJ386,ACC-IFI031L,IRCTC,EXT-HJK1EYY,HDFC Bank,HDFC0724834,MERCHANT,2024-08-04,FALSE,TRUE,NONE,2,AVAILABLE
BEN-HLJ7YI,ACC-IFI031L,SWIGGY,EXT-AK1VRJN,Kotak Mahindra Bank,KOTAK0900581,MERCHANT,2024-09-07,FALSE,TRUE,NONE,1,AVAILABLE
BEN-5PS1Y5,ACC-IFI031L,Ishwar Batra,ACC-Q6EW09U,IDFC FIRST Bank,PUNB0213038,FAMILY,2025-10-03,FALSE,TRUE,NONE,1,AVAILABLE
BEN-R81AF9,ACC-IFI031L,BIGBASKET,EXT-NREK8PK,Punjab National Bank,PUNB0584714,MERCHANT,2025-10-08,FALSE,TRUE,NONE,2,AVAILABLE
BEN-LL6GFA,ACC-IFY7O0P,Dipta Seshadri,ACC-AG8VFMI,Union Bank of India,PUNB0114958,FRIEND,2024-06-08,FALSE,TRUE,NONE,1,AVAILABLE
BEN-PALX38,ACC-IFY7O0P,RELIANCE DIGITAL,EXT-Q6L6GT6,Yes Bank,YESB0738551,MERCHANT,2024-07-06,FALSE,TRUE,NONE,1,AVAILABLE
BEN-4H7W4P,ACC-IFY7O0P,BOOKMYSHOW,EXT-1ZXOI65,Yes Bank,YESB0195325,MERCHANT,2024-08-03,FALSE,TRUE,NONE,1,AVAILABLE
BEN-1M9Z7E,ACC-IFY7O0P,AMAZON PAY,EXT-OGYR3XK,IndusInd Bank,INDB0488162,MERCHANT,2024-10-27,FALSE,TRUE,NONE,1,AVAILABLE
BEN-W5NXWM,ACC-IFY7O0P,Udarsh Pai,ACC-KRJ1925,Yes Bank,SBIN0568260,FRIEND,2024-11-27,FALSE,TRUE,NONE,1,AVAILABLE
BEN-XTDM0I,ACC-IFY7O0P,Nicholas Walla (Landlord),EXT-3EOHN6N,HDFC Bank,PUNB0451355,UNKNOWN,2025-03-02,FALSE,TRUE,NONE,5,AVAILABLE
BEN-83OLPT,ACC-IFY7O0P,RAPIDO,EXT-7Q9AH8R,Canara Bank,CNRB0905934,MERCHANT,2025-05-08,FALSE,TRUE,NONE,1,AVAILABLE
BEN-C0LL7X,ACC-IFY7O0P,TATA POWER BILLING,EXT-B9M80O2,Union Bank of India,UBIN0717889,MERCHANT,2025-06-09,FALSE,TRUE,NONE,2,AVAILABLE
BEN-DP72F1,ACC-IFY7O0P,AIRTEL POSTPAID,EXT-8F1CBFN,IndusInd Bank,INDB0343962,MERCHANT,2025-08-07,FALSE,TRUE,NONE,1,AVAILABLE
BEN-C11FWT,ACC-IITA5WV,Chaitanya Kalita,ACC-ARN9585,Union Bank of India,PUNB0494103,FAMILY,2024-04-26,FALSE,TRUE,NONE,1,AVAILABLE
BEN-UVXI0L,ACC-IITA5WV,RELIANCE DIGITAL,EXT-Q6L6GT6,Yes Bank,YESB0738551,MERCHANT,2024-07-06,FALSE,TRUE,NONE,2,AVAILABLE
BEN-SBGV52,ACC-IITA5WV,DMART ONLINE,EXT-VHS1K3A,IndusInd Bank,INDB0857168,MERCHANT,2024-07-23,FALSE,TRUE,NONE,1,AVAILABLE
BEN-Q0E3ON,ACC-IITA5WV,AIRTEL POSTPAID,EXT-8F1CBFN,IndusInd Bank,INDB0343962,MERCHANT,2024-07-26,FALSE,TRUE,NONE,1,AVAILABLE
BEN-5NLFAF,ACC-IITA5WV,TATA POWER BILLING,EXT-B9M80O2,Union Bank of India,UBIN0717889,MERCHANT,2024-12-04,FALSE,TRUE,NONE,1,AVAILABLE
BEN-YL9BJR,ACC-IITA5WV,ZOMATO,EXT-C38HYF9,Punjab National Bank,PUNB0407419,MERCHANT,2024-12-08,FALSE,TRUE,NONE,1,AVAILABLE
BEN-UWPU5R,ACC-IITA5WV,IRCTC,EXT-HJK1EYY,HDFC Bank,HDFC0724834,MERCHANT,2025-02-19,FALSE,TRUE,NONE,1,AVAILABLE
BEN-DM0WF0,ACC-IITA5WV,BIGBASKET,EXT-NREK8PK,Punjab National Bank,PUNB0584714,MERCHANT,2025-02-24,FALSE,TRUE,NONE,1,AVAILABLE
BEN-8ZHOG3,ACC-IITA5WV,Charita Koshy,ACC-AMA18WP,Kotak Mahindra Bank,YESB0815817,FAMILY,2025-03-02,FALSE,TRUE,NONE,1,AVAILABLE
BEN-Q2X2JX,ACC-IRTR5JE,Karan Garde,ACC-C3Y7HAT,Canara Bank,KOTAK0212644,FRIEND,2024-05-09,FALSE,TRUE,NONE,3,AVAILABLE
BEN-0QSRLW,ACC-IRTR5JE,AIRTEL POSTPAID,EXT-8F1CBFN,IndusInd Bank,INDB0343962,MERCHANT,2024-05-20,FALSE,TRUE,NONE,2,AVAILABLE
BEN-BL8JI7,ACC-IRTR5JE,RAPIDO,EXT-7Q9AH8R,Canara Bank,CNRB0905934,MERCHANT,2024-08-01,FALSE,TRUE,NONE,1,AVAILABLE
BEN-V45SA4,ACC-IRTR5JE,Jeremiah Bains,ACC-AMA18WP,Punjab National Bank,PUNB0290560,FAMILY,2025-01-21,FALSE,TRUE,NONE,2,AVAILABLE
BEN-3TSDIE,ACC-IRTR5JE,MEDPLUS,EXT-JXK87AU,Axis Bank,UTIB0612340,MERCHANT,2025-03-03,FALSE,TRUE,NONE,2,AVAILABLE
BEN-Y2QYGN,ACC-IRTR5JE,TATA POWER BILLING,EXT-B9M80O2,Union Bank of India,UBIN0717889,MERCHANT,2025-05-04,FALSE,TRUE,NONE,1,AVAILABLE
BEN-EM7U1C,ACC-IRTR5JE,JIO RECHARGE,EXT-ZRENUN5,Punjab National Bank,PUNB0514850,MERCHANT,2025-10-10,FALSE,TRUE,NONE,1,AVAILABLE
BEN-89V1WY,ACC-J1YE24Z,SWIGGY,EXT-AK1VRJN,Kotak Mahindra Bank,KOTAK0900581,MERCHANT,2024-03-20,FALSE,TRUE,NONE,2,AVAILABLE
BEN-EI2XFP,ACC-J1YE24Z,Saanvi Anne,ACC-3RAVC2U,Axis Bank,INDB0981287,FAMILY,2024-04-15,FALSE,TRUE,NONE,3,AVAILABLE
BEN-59QQHP,ACC-J1YE24Z,BIGBASKET,EXT-NREK8PK,Punjab National Bank,PUNB0584714,MERCHANT,2024-09-28,FALSE,TRUE,NONE,1,AVAILABLE
BEN-R0I8PC,ACC-J1YE24Z,TATA POWER BILLING,EXT-B9M80O2,Union Bank of India,UBIN0717889,MERCHANT,2024-10-28,FALSE,TRUE,NONE,1,AVAILABLE
BEN-BMME42,ACC-J1YE24Z,ZOMATO,EXT-C38HYF9,Punjab National Bank,PUNB0407419,MERCHANT,2024-12-22,FALSE,TRUE,NONE,1,AVAILABLE
BEN-QV22QD,ACC-J1YE24Z,AMAZON PAY,EXT-OGYR3XK,IndusInd Bank,INDB0488162,MERCHANT,2025-05-19,FALSE,TRUE,NONE,1,AVAILABLE
BEN-2ZEH04,ACC-J1YE24Z,Karan Mannan (Landlord),EXT-X6H9SBF,Union Bank of India,HDFC0655289,UNKNOWN,2025-06-04,FALSE,TRUE,NONE,5,AVAILABLE
BEN-CIZK7G,ACC-J1YE24Z,INDIAN OIL,EXT-R9OUDOC,Bank of Baroda,BARB0944151,MERCHANT,2025-09-08,FALSE,TRUE,NONE,1,AVAILABLE
BEN-U7TGW2,ACC-J4EATMM,IRCTC,EXT-HJK1EYY,HDFC Bank,HDFC0724834,MERCHANT,2024-05-01,FALSE,TRUE,NONE,1,AVAILABLE
BEN-YTI2B8,ACC-J4EATMM,Balhaar Sundaram,ACC-QZ3PM7V,HDFC Bank,UBIN0148253,FRIEND,2024-07-30,FALSE,TRUE,NONE,4,AVAILABLE
BEN-798L8C,ACC-J4EATMM,BLINKIT,EXT-3JQIP98,IndusInd Bank,INDB0375504,MERCHANT,2024-09-11,FALSE,TRUE,NONE,1,AVAILABLE
BEN-434ZCB,ACC-J4EATMM,RAPIDO,EXT-7Q9AH8R,Canara Bank,CNRB0905934,MERCHANT,2024-09-18,FALSE,TRUE,NONE,1,AVAILABLE
BEN-YV9WYS,ACC-J4EATMM,Ansh Manda,ACC-H7GPNG4,Yes Bank,SBIN0290437,FAMILY,2024-10-26,FALSE,TRUE,NONE,1,AVAILABLE
BEN-F3FZFG,ACC-J4EATMM,ZOMATO,EXT-C38HYF9,Punjab National Bank,PUNB0407419,MERCHANT,2025-03-06,FALSE,TRUE,NONE,1,AVAILABLE
BEN-WDCBU4,ACC-J4EATMM,BIGBASKET,EXT-NREK8PK,Punjab National Bank,PUNB0584714,MERCHANT,2025-04-25,FALSE,TRUE,NONE,1,AVAILABLE
BEN-XFP4Q3,ACC-J4EATMM,DMART ONLINE,EXT-VHS1K3A,IndusInd Bank,INDB0857168,MERCHANT,2025-06-09,FALSE,TRUE,NONE,1,AVAILABLE
BEN-4GVHHZ,ACC-J4EATMM,Nimrat Garde,ACC-XHO0VH4,HDFC Bank,HDFC0172617,FAMILY,2025-06-24,FALSE,TRUE,NONE,1,AVAILABLE
BEN-WJ57FR,ACC-J4EATMM,BOOKMYSHOW,EXT-1ZXOI65,Yes Bank,YESB0195325,MERCHANT,2025-06-28,FALSE,TRUE,NONE,1,AVAILABLE
BEN-KPZ0G8,ACC-J4EATMM,TATA POWER BILLING,EXT-B9M80O2,Union Bank of India,UBIN0717889,MERCHANT,2025-07-15,FALSE,TRUE,NONE,1,AVAILABLE
BEN-AG0UUP,ACC-J4EATMM,AIRTEL POSTPAID,EXT-8F1CBFN,IndusInd Bank,INDB0343962,MERCHANT,2025-10-07,FALSE,TRUE,NONE,2,AVAILABLE
BEN-QLC2P4,ACC-J5CI6VG,ZOMATO,EXT-C38HYF9,Punjab National Bank,PUNB0407419,MERCHANT,2024-06-20,FALSE,TRUE,NONE,1,AVAILABLE
BEN-GSD9JM,ACC-J5CI6VG,DMART ONLINE,EXT-VHS1K3A,IndusInd Bank,INDB0857168,MERCHANT,2024-10-07,FALSE,TRUE,NONE,1,AVAILABLE
BEN-RIXJ4V,ACC-J5CI6VG,BLINKIT,EXT-3JQIP98,IndusInd Bank,INDB0375504,MERCHANT,2025-02-15,FALSE,TRUE,NONE,1,AVAILABLE
BEN-B4VMXC,ACC-J5CI6VG,BIGBASKET,EXT-NREK8PK,Punjab National Bank,PUNB0584714,MERCHANT,2025-07-20,FALSE,TRUE,NONE,1,AVAILABLE
BEN-0J4EDR,ACC-J7S9KT5,BOOKMYSHOW,EXT-1ZXOI65,Yes Bank,YESB0195325,MERCHANT,2024-05-31,FALSE,TRUE,NONE,1,AVAILABLE
BEN-4YZ7UZ,ACC-J7S9KT5,IRCTC,EXT-HJK1EYY,HDFC Bank,HDFC0724834,MERCHANT,2024-06-02,FALSE,TRUE,NONE,1,AVAILABLE
BEN-6U5L6H,ACC-J7S9KT5,BIGBASKET,EXT-NREK8PK,Punjab National Bank,PUNB0584714,MERCHANT,2024-06-08,FALSE,TRUE,NONE,1,AVAILABLE
BEN-QH3BI8,ACC-J7S9KT5,TATA POWER BILLING,EXT-B9M80O2,Union Bank of India,UBIN0717889,MERCHANT,2024-07-29,FALSE,TRUE,NONE,1,AVAILABLE
BEN-TSZH8N,ACC-J7S9KT5,DMART ONLINE,EXT-VHS1K3A,IndusInd Bank,INDB0857168,MERCHANT,2025-03-16,FALSE,TRUE,NONE,1,AVAILABLE
BEN-OUOQ1B,ACC-J7S9KT5,Madhav Lanka,ACC-9RGDKUY,Kotak Mahindra Bank,CNRB0234535,FRIEND,2025-07-21,FALSE,TRUE,NONE,3,AVAILABLE
BEN-W0TN0W,ACC-J7S9KT5,Devansh Dixit,ACC-SRI2AOF,Yes Bank,PUNB0115000,FRIEND,2025-07-28,FALSE,TRUE,NONE,2,AVAILABLE
BEN-8XV7XB,ACC-J7S9KT5,ZOMATO,EXT-C38HYF9,Punjab National Bank,PUNB0407419,MERCHANT,2025-08-21,FALSE,TRUE,NONE,1,AVAILABLE
BEN-M6WSK7,ACC-J7S9KT5,Aryan Ramaswamy (Landlord),EXT-PRVG53Q,Yes Bank,IDFB0254717,UNKNOWN,2025-10-25,FALSE,TRUE,NONE,5,AVAILABLE
BEN-2Y4D84,ACC-JE7AK2W,RELIANCE DIGITAL,EXT-Q6L6GT6,Yes Bank,YESB0738551,MERCHANT,2024-05-20,FALSE,TRUE,NONE,1,AVAILABLE
BEN-XJCV7X,ACC-JE7AK2W,BIGBASKET,EXT-NREK8PK,Punjab National Bank,PUNB0584714,MERCHANT,2024-05-20,FALSE,TRUE,NONE,2,AVAILABLE
BEN-G6CDV7,ACC-JE7AK2W,Ayush Bhandari (Landlord),EXT-8W9XDVI,IndusInd Bank,YESB0758552,UNKNOWN,2024-06-25,FALSE,TRUE,NONE,4,AVAILABLE
BEN-MZJX67,ACC-JE7AK2W,AMAZON PAY,EXT-OGYR3XK,IndusInd Bank,INDB0488162,MERCHANT,2024-07-08,FALSE,TRUE,NONE,1,AVAILABLE
BEN-7BQW8Z,ACC-JE7AK2W,JIO RECHARGE,EXT-ZRENUN5,Punjab National Bank,PUNB0514850,MERCHANT,2024-07-24,FALSE,TRUE,NONE,1,AVAILABLE
BEN-0U8XR3,ACC-JE7AK2W,BLINKIT,EXT-3JQIP98,IndusInd Bank,INDB0375504,MERCHANT,2024-07-30,FALSE,TRUE,NONE,1,AVAILABLE
BEN-SBDR38,ACC-JE7AK2W,Warda Bhattacharyya,ACC-M8PYQDR,HDFC Bank,SBIN0746201,FRIEND,2024-08-09,FALSE,TRUE,NONE,1,AVAILABLE
BEN-0QEOSA,ACC-JE7AK2W,Meera Mistry,ACC-FV4B1K1,IDFC FIRST Bank,SBIN0744823,FRIEND,2024-10-27,FALSE,TRUE,NONE,2,AVAILABLE
BEN-905E7W,ACC-JE7AK2W,BOOKMYSHOW,EXT-1ZXOI65,Yes Bank,YESB0195325,MERCHANT,2025-01-07,FALSE,TRUE,NONE,1,AVAILABLE
BEN-H13WG9,ACC-JE7AK2W,Divya Deshpande,ACC-LUJBU00,Punjab National Bank,KOTAK0108139,FAMILY,2025-06-05,FALSE,TRUE,NONE,2,AVAILABLE
BEN-TWPJF9,ACC-JS2MXCB,Mitesh Wable,ACC-ER1KTGJ,Yes Bank,INDB0171273,FAMILY,2024-09-09,FALSE,TRUE,NONE,3,AVAILABLE
BEN-0ANEU3,ACC-JS2MXCB,AIRTEL POSTPAID,EXT-8F1CBFN,IndusInd Bank,INDB0343962,MERCHANT,2024-09-30,FALSE,TRUE,NONE,2,AVAILABLE
BEN-KG2K3W,ACC-JS2MXCB,RELIANCE DIGITAL,EXT-Q6L6GT6,Yes Bank,YESB0738551,MERCHANT,2024-11-04,FALSE,TRUE,NONE,1,AVAILABLE
BEN-13QFQP,ACC-JS2MXCB,Geetika Sur,EXT-2TDYB6R,HDFC Bank,UTIB0740990,UNKNOWN,2025-01-08,FALSE,TRUE,NONE,1,AVAILABLE
BEN-TAHBV2,ACC-JS2MXCB,Xiti Banik (Landlord),EXT-IW2VE8K,Axis Bank,SBIN0734859,UNKNOWN,2025-06-09,FALSE,TRUE,NONE,4,AVAILABLE
BEN-7MI1G8,ACC-JS2MXCB,JIO RECHARGE,EXT-ZRENUN5,Punjab National Bank,PUNB0514850,MERCHANT,2025-09-03,FALSE,TRUE,NONE,1,AVAILABLE
BEN-C07SYT,ACC-JS2MXCB,ZOMATO,EXT-C38HYF9,Punjab National Bank,PUNB0407419,MERCHANT,2025-09-03,FALSE,TRUE,NONE,1,AVAILABLE
BEN-YO2EF0,ACC-JS2MXCB,BOOKMYSHOW,EXT-1ZXOI65,Yes Bank,YESB0195325,MERCHANT,2025-10-07,FALSE,TRUE,NONE,1,AVAILABLE
BEN-V9G9YX,ACC-JWSOYH5,IRCTC,EXT-HJK1EYY,HDFC Bank,HDFC0724834,MERCHANT,2024-03-30,FALSE,TRUE,NONE,2,AVAILABLE
BEN-Z69020,ACC-JWSOYH5,MEDPLUS,EXT-JXK87AU,Axis Bank,UTIB0612340,MERCHANT,2024-04-28,FALSE,TRUE,NONE,1,AVAILABLE
BEN-WE0S5J,ACC-JWSOYH5,Vaishnavi Khalsa (Landlord),EXT-JVTF50Y,Canara Bank,BARB0166206,UNKNOWN,2024-07-28,FALSE,TRUE,NONE,5,AVAILABLE
BEN-UEAI6I,ACC-JWSOYH5,BOOKMYSHOW,EXT-1ZXOI65,Yes Bank,YESB0195325,MERCHANT,2024-09-25,FALSE,TRUE,NONE,1,AVAILABLE
BEN-7E1474,ACC-JWSOYH5,AIRTEL POSTPAID,EXT-8F1CBFN,IndusInd Bank,INDB0343962,MERCHANT,2024-11-24,FALSE,TRUE,NONE,1,AVAILABLE
BEN-QR42XV,ACC-JWSOYH5,Faraj Sahota,ACC-R1UQKER,Axis Bank,YESB0617660,FRIEND,2024-12-08,FALSE,TRUE,NONE,1,AVAILABLE
BEN-SLRK1L,ACC-JWSOYH5,JIO RECHARGE,EXT-ZRENUN5,Punjab National Bank,PUNB0514850,MERCHANT,2025-01-25,FALSE,TRUE,NONE,1,AVAILABLE
BEN-RI1M9R,ACC-JWSOYH5,Lohit Dua,ACC-9ET83Z0,IndusInd Bank,UBIN0735350,FRIEND,2025-02-08,FALSE,TRUE,NONE,3,AVAILABLE
BEN-G2Z0GN,ACC-JWSOYH5,TATA POWER BILLING,EXT-B9M80O2,Union Bank of India,UBIN0717889,MERCHANT,2025-05-08,FALSE,TRUE,NONE,2,AVAILABLE
BEN-098D5U,ACC-JWSOYH5,Aryan Pathak,ACC-5DFNIAJ,Axis Bank,KOTAK0421879,FAMILY,2025-06-29,FALSE,TRUE,NONE,1,AVAILABLE
BEN-K3OYXY,ACC-JXVIHM2,Orinder Joshi,ACC-0IQSVUH,ICICI Bank,KOTAK0643782,FAMILY,2024-07-15,FALSE,TRUE,NONE,3,AVAILABLE
BEN-YJV7QE,ACC-JXVIHM2,Keya Bumb,ACC-KC6Q0S7,State Bank of India,SBIN0697122,FRIEND,2024-07-19,FALSE,TRUE,NONE,1,AVAILABLE
BEN-QW4HIZ,ACC-JXVIHM2,RELIANCE DIGITAL,EXT-Q6L6GT6,Yes Bank,YESB0738551,MERCHANT,2024-07-25,FALSE,TRUE,NONE,1,AVAILABLE
BEN-MYDV2P,ACC-JXVIHM2,ZOMATO,EXT-C38HYF9,Punjab National Bank,PUNB0407419,MERCHANT,2024-08-08,FALSE,TRUE,NONE,1,AVAILABLE
BEN-O377WP,ACC-JXVIHM2,BLINKIT,EXT-3JQIP98,IndusInd Bank,INDB0375504,MERCHANT,2024-09-24,FALSE,TRUE,NONE,1,AVAILABLE
BEN-9YH9NS,ACC-JXVIHM2,AMAZON PAY,EXT-OGYR3XK,IndusInd Bank,INDB0488162,MERCHANT,2024-10-12,FALSE,TRUE,NONE,1,AVAILABLE
BEN-1DQ118,ACC-JXVIHM2,BIGBASKET,EXT-NREK8PK,Punjab National Bank,PUNB0584714,MERCHANT,2025-01-01,FALSE,TRUE,NONE,1,AVAILABLE
BEN-NY5N5H,ACC-JXVIHM2,RAPIDO,EXT-7Q9AH8R,Canara Bank,CNRB0905934,MERCHANT,2025-02-23,FALSE,TRUE,NONE,1,AVAILABLE
BEN-9ZLEXZ,ACC-JXVIHM2,Ishita Aurora,ACC-BQR9LC5,IndusInd Bank,BARB0747017,FAMILY,2025-02-25,FALSE,TRUE,NONE,2,AVAILABLE
BEN-CYT6T0,ACC-JXVIHM2,DMART ONLINE,EXT-VHS1K3A,IndusInd Bank,INDB0857168,MERCHANT,2025-09-30,FALSE,TRUE,NONE,2,AVAILABLE
BEN-9GFTPD,ACC-JXVIHM2,AIRTEL POSTPAID,EXT-8F1CBFN,IndusInd Bank,INDB0343962,MERCHANT,2025-10-16,FALSE,TRUE,NONE,1,AVAILABLE
BEN-R139U6,ACC-K1OGI6H,DMART ONLINE,EXT-VHS1K3A,IndusInd Bank,INDB0857168,MERCHANT,2024-04-08,FALSE,TRUE,NONE,1,AVAILABLE
BEN-6BUY7U,ACC-K1OGI6H,Vasatika Baria,ACC-9ET83Z0,Bank of Baroda,HDFC0799764,FAMILY,2024-06-27,FALSE,TRUE,NONE,1,AVAILABLE
BEN-WGH4ID,ACC-K1OGI6H,MEDPLUS,EXT-JXK87AU,Axis Bank,UTIB0612340,MERCHANT,2024-07-22,FALSE,TRUE,NONE,1,AVAILABLE
BEN-S74TGY,ACC-K1OGI6H,RAPIDO,EXT-7Q9AH8R,Canara Bank,CNRB0905934,MERCHANT,2024-08-02,FALSE,TRUE,NONE,1,AVAILABLE
BEN-9BEG2Q,ACC-K1OGI6H,Ishaan Mangal,ACC-6HHR8X8,State Bank of India,KOTAK0704653,FRIEND,2024-08-09,FALSE,TRUE,NONE,1,AVAILABLE
BEN-TE98HT,ACC-K1OGI6H,Warinder Yadav,ACC-UXI7OGZ,IndusInd Bank,YESB0357792,FAMILY,2024-10-11,FALSE,TRUE,NONE,3,AVAILABLE
BEN-PN62VN,ACC-K1OGI6H,BLINKIT,EXT-3JQIP98,IndusInd Bank,INDB0375504,MERCHANT,2024-12-14,FALSE,TRUE,NONE,1,AVAILABLE
BEN-6NRQTO,ACC-K1OGI6H,ZOMATO,EXT-C38HYF9,Punjab National Bank,PUNB0407419,MERCHANT,2025-03-21,FALSE,TRUE,NONE,1,AVAILABLE
BEN-TH7WPK,ACC-K1OGI6H,SWIGGY,EXT-AK1VRJN,Kotak Mahindra Bank,KOTAK0900581,MERCHANT,2025-08-19,FALSE,TRUE,NONE,1,AVAILABLE
BEN-3XAUDB,ACC-K1OGI6H,AMAZON PAY,EXT-OGYR3XK,IndusInd Bank,INDB0488162,MERCHANT,2025-10-14,FALSE,TRUE,NONE,1,AVAILABLE
BEN-PZJ2ZE,ACC-K5SILU2,RELIANCE DIGITAL,EXT-Q6L6GT6,Yes Bank,YESB0738551,MERCHANT,2024-12-24,FALSE,TRUE,NONE,1,AVAILABLE
BEN-U8FJ7M,ACC-K5SILU2,Osha Warrior,ACC-AK04VVG,State Bank of India,UBIN0517706,FRIEND,2025-01-03,FALSE,TRUE,NONE,1,AVAILABLE
BEN-0UNW1U,ACC-K5SILU2,INDIAN OIL,EXT-R9OUDOC,Bank of Baroda,BARB0944151,MERCHANT,2025-01-18,FALSE,TRUE,NONE,1,AVAILABLE
BEN-SPJA5M,ACC-K5SILU2,BOOKMYSHOW,EXT-1ZXOI65,Yes Bank,YESB0195325,MERCHANT,2025-02-06,FALSE,TRUE,NONE,1,AVAILABLE
BEN-0IWB6T,ACC-K5SILU2,TATA POWER BILLING,EXT-B9M80O2,Union Bank of India,UBIN0717889,MERCHANT,2025-02-19,FALSE,TRUE,NONE,1,AVAILABLE
BEN-C9P3EI,ACC-K5SILU2,MEDPLUS,EXT-JXK87AU,Axis Bank,UTIB0612340,MERCHANT,2025-10-29,FALSE,TRUE,NONE,2,AVAILABLE
BEN-SLECK6,ACC-K8THBZ5,AIRTEL POSTPAID,EXT-8F1CBFN,IndusInd Bank,INDB0343962,MERCHANT,2024-03-20,FALSE,TRUE,NONE,1,AVAILABLE
BEN-Z9LFP2,ACC-K8THBZ5,BLINKIT,EXT-3JQIP98,IndusInd Bank,INDB0375504,MERCHANT,2024-03-25,FALSE,TRUE,NONE,1,AVAILABLE
BEN-A5Y2FN,ACC-K8THBZ5,RELIANCE DIGITAL,EXT-Q6L6GT6,Yes Bank,YESB0738551,MERCHANT,2024-09-13,FALSE,TRUE,NONE,2,AVAILABLE
BEN-8ZVVCV,ACC-K8THBZ5,MEDPLUS,EXT-JXK87AU,Axis Bank,UTIB0612340,MERCHANT,2024-11-20,FALSE,TRUE,NONE,1,AVAILABLE
BEN-AYKYG8,ACC-K8THBZ5,JIO RECHARGE,EXT-ZRENUN5,Punjab National Bank,PUNB0514850,MERCHANT,2025-01-15,FALSE,TRUE,NONE,1,AVAILABLE
BEN-E9UACZ,ACC-K8THBZ5,DMART ONLINE,EXT-VHS1K3A,IndusInd Bank,INDB0857168,MERCHANT,2025-03-14,FALSE,TRUE,NONE,1,AVAILABLE
BEN-8OQ11K,ACC-K8THBZ5,Om Narayanan,ACC-5LSCATG,Canara Bank,UTIB0756678,FAMILY,2025-03-29,FALSE,TRUE,NONE,3,AVAILABLE
BEN-W6KO3V,ACC-K8THBZ5,Xalak Chandra,ACC-QZ3PM7V,Yes Bank,CNRB0276378,FRIEND,2025-09-07,FALSE,TRUE,NONE,2,AVAILABLE
BEN-N3MHF4,ACC-K8THBZ5,INDIAN OIL,EXT-R9OUDOC,Bank of Baroda,BARB0944151,MERCHANT,2025-09-19,FALSE,TRUE,NONE,1,AVAILABLE
BEN-S9XHII,ACC-K9XH0HH,DMART ONLINE,EXT-VHS1K3A,IndusInd Bank,INDB0857168,MERCHANT,2024-08-10,FALSE,TRUE,NONE,2,AVAILABLE
BEN-GF7V8H,ACC-K9XH0HH,Hitesh Warrior (Landlord),EXT-PATE78B,IndusInd Bank,ICIC0408793,UNKNOWN,2024-11-21,FALSE,TRUE,NONE,5,AVAILABLE
BEN-46RAVN,ACC-K9XH0HH,BOOKMYSHOW,EXT-1ZXOI65,Yes Bank,YESB0195325,MERCHANT,2025-04-26,FALSE,TRUE,NONE,2,AVAILABLE
BEN-A9Z1KB,ACC-K9XH0HH,JIO RECHARGE,EXT-ZRENUN5,Punjab National Bank,PUNB0514850,MERCHANT,2025-05-12,FALSE,TRUE,NONE,1,AVAILABLE
BEN-0NLFWG,ACC-K9XH0HH,INDIAN OIL,EXT-R9OUDOC,Bank of Baroda,BARB0944151,MERCHANT,2025-09-30,FALSE,TRUE,NONE,1,AVAILABLE
BEN-1I9HX6,ACC-KC6Q0S7,JIO RECHARGE,EXT-ZRENUN5,Punjab National Bank,PUNB0514850,MERCHANT,2024-05-11,FALSE,TRUE,NONE,2,AVAILABLE
BEN-65E10V,ACC-KC6Q0S7,DMART ONLINE,EXT-VHS1K3A,IndusInd Bank,INDB0857168,MERCHANT,2024-05-28,FALSE,TRUE,NONE,1,AVAILABLE
BEN-GY2HAO,ACC-KC6Q0S7,Jyoti Dua (Landlord),EXT-4VZ1TV8,Bank of Baroda,KOTAK0181977,UNKNOWN,2024-05-31,FALSE,TRUE,NONE,4,AVAILABLE
BEN-66ZDLZ,ACC-KC6Q0S7,Vyanjana Prasad,ACC-CBKOGG5,IndusInd Bank,UBIN0226762,FRIEND,2024-06-24,FALSE,TRUE,NONE,1,AVAILABLE
BEN-08KOUX,ACC-KC6Q0S7,BLINKIT,EXT-3JQIP98,IndusInd Bank,INDB0375504,MERCHANT,2024-06-29,FALSE,TRUE,NONE,1,AVAILABLE
BEN-2JQBM4,ACC-KC6Q0S7,ZOMATO,EXT-C38HYF9,Punjab National Bank,PUNB0407419,MERCHANT,2024-11-13,FALSE,TRUE,NONE,1,AVAILABLE
BEN-RCXF99,ACC-KC6Q0S7,Theodore Mital,ACC-1RZBK6K,IndusInd Bank,PUNB0519369,FAMILY,2024-11-18,FALSE,TRUE,NONE,3,AVAILABLE
BEN-7L4EQX,ACC-KC6Q0S7,AIRTEL POSTPAID,EXT-8F1CBFN,IndusInd Bank,INDB0343962,MERCHANT,2025-01-16,FALSE,TRUE,NONE,1,AVAILABLE
BEN-1W4OQO,ACC-KC6Q0S7,Indira Sura,ACC-HYKM1QW,Punjab National Bank,SBIN0896090,FAMILY,2025-02-06,FALSE,TRUE,NONE,1,AVAILABLE
BEN-UI8F4T,ACC-KC6Q0S7,AMAZON PAY,EXT-OGYR3XK,IndusInd Bank,INDB0488162,MERCHANT,2025-09-03,FALSE,TRUE,NONE,1,AVAILABLE
BEN-R9SZ8E,ACC-KC6Q0S7,INDIAN OIL,EXT-R9OUDOC,Bank of Baroda,BARB0944151,MERCHANT,2025-10-08,FALSE,TRUE,NONE,2,AVAILABLE
BEN-PWC9XA,ACC-KEARJ2W,BIGBASKET,EXT-NREK8PK,Punjab National Bank,PUNB0584714,MERCHANT,2024-03-23,FALSE,TRUE,NONE,2,AVAILABLE
BEN-78HTW7,ACC-KEARJ2W,Chatresh Mitra,ACC-DY1MSMZ,Yes Bank,BARB0372961,FAMILY,2024-09-19,FALSE,TRUE,NONE,1,AVAILABLE
BEN-4UYZ98,ACC-KEARJ2W,Balveer Tandon,ACC-CAIKVW2,Axis Bank,BARB0171234,FRIEND,2024-10-09,FALSE,TRUE,NONE,1,AVAILABLE
BEN-W77U8R,ACC-KEARJ2W,ZOMATO,EXT-C38HYF9,Punjab National Bank,PUNB0407419,MERCHANT,2024-11-11,FALSE,TRUE,NONE,1,AVAILABLE
BEN-6CD205,ACC-KEARJ2W,RAPIDO,EXT-7Q9AH8R,Canara Bank,CNRB0905934,MERCHANT,2025-01-20,FALSE,TRUE,NONE,1,AVAILABLE
BEN-605CKP,ACC-KEARJ2W,MEDPLUS,EXT-JXK87AU,Axis Bank,UTIB0612340,MERCHANT,2025-01-28,FALSE,TRUE,NONE,1,AVAILABLE
BEN-ODJJX6,ACC-KEARJ2W,JIO RECHARGE,EXT-ZRENUN5,Punjab National Bank,PUNB0514850,MERCHANT,2025-03-17,FALSE,TRUE,NONE,2,AVAILABLE
BEN-ZEQG9M,ACC-KEARJ2W,RELIANCE DIGITAL,EXT-Q6L6GT6,Yes Bank,YESB0738551,MERCHANT,2025-07-22,FALSE,TRUE,NONE,1,AVAILABLE
BEN-6862RB,ACC-KEARJ2W,Gaurika Mohan (Landlord),EXT-NQWN664,IndusInd Bank,UTIB0394436,UNKNOWN,2025-10-19,FALSE,TRUE,NONE,3,AVAILABLE
BEN-4TIUWH,ACC-KGYC4OM,RELIANCE DIGITAL,EXT-Q6L6GT6,Yes Bank,YESB0738551,MERCHANT,2024-03-26,FALSE,TRUE,NONE,1,AVAILABLE
BEN-GHU8FK,ACC-KGYC4OM,BOOKMYSHOW,EXT-1ZXOI65,Yes Bank,YESB0195325,MERCHANT,2024-04-29,FALSE,TRUE,NONE,1,AVAILABLE
BEN-I3CZZS,ACC-KGYC4OM,SWIGGY,EXT-AK1VRJN,Kotak Mahindra Bank,KOTAK0900581,MERCHANT,2024-09-21,FALSE,TRUE,NONE,1,AVAILABLE
BEN-89V4OB,ACC-KGYC4OM,Gaurav Arya,ACC-9WHSBP1,IndusInd Bank,BARB0374719,FRIEND,2024-10-14,FALSE,TRUE,NONE,1,AVAILABLE
BEN-23IARR,ACC-KGYC4OM,Ekapad Borra,ACC-D7CEDA0,State Bank of India,HDFC0374691,FRIEND,2025-02-06,FALSE,TRUE,NONE,2,AVAILABLE
BEN-LZ1NKU,ACC-KGYC4OM,JIO RECHARGE,EXT-ZRENUN5,Punjab National Bank,PUNB0514850,MERCHANT,2025-02-13,FALSE,TRUE,NONE,2,AVAILABLE
BEN-PO93LK,ACC-KGYC4OM,INDIAN OIL,EXT-R9OUDOC,Bank of Baroda,BARB0944151,MERCHANT,2025-02-16,FALSE,TRUE,NONE,1,AVAILABLE
BEN-5JG6YD,ACC-KGYC4OM,AIRTEL POSTPAID,EXT-8F1CBFN,IndusInd Bank,INDB0343962,MERCHANT,2025-03-03,FALSE,TRUE,NONE,1,AVAILABLE
BEN-JG86OW,ACC-KGYC4OM,Charan Sarkar,ACC-3DFDRGV,Axis Bank,YESB0738345,FAMILY,2025-04-12,FALSE,TRUE,NONE,2,AVAILABLE
BEN-1OTOVS,ACC-KGYC4OM,ZOMATO,EXT-C38HYF9,Punjab National Bank,PUNB0407419,MERCHANT,2025-11-01,FALSE,TRUE,NONE,1,AVAILABLE
BEN-2YA3BO,ACC-KGYC4OM,Vansha Goswami,ACC-1I3LDQY,Union Bank of India,YESB0145977,UNKNOWN,2026-08-20,TRUE,FALSE,HIGH,1,AVAILABLE
BEN-8R6J54,ACC-KO0JL6Q,MEDPLUS,EXT-JXK87AU,Axis Bank,UTIB0612340,MERCHANT,2024-03-22,FALSE,TRUE,NONE,1,AVAILABLE
BEN-7LXV28,ACC-KO0JL6Q,TATA POWER BILLING,EXT-B9M80O2,Union Bank of India,UBIN0717889,MERCHANT,2024-04-30,FALSE,TRUE,NONE,1,AVAILABLE
BEN-1XFQMA,ACC-KO0JL6Q,AMAZON PAY,EXT-OGYR3XK,IndusInd Bank,INDB0488162,MERCHANT,2024-07-23,FALSE,TRUE,NONE,1,AVAILABLE
BEN-487BJV,ACC-KO0JL6Q,Widisha Deshpande (Landlord),EXT-FPJUN6L,Yes Bank,PUNB0574965,UNKNOWN,2024-07-23,FALSE,TRUE,NONE,4,AVAILABLE
BEN-S7K1XF,ACC-KO0JL6Q,Ucchal Cherian,ACC-QEG9DDV,Canara Bank,PUNB0839599,FRIEND,2024-07-29,FALSE,TRUE,NONE,1,AVAILABLE
BEN-CG49M2,ACC-KO0JL6Q,BLINKIT,EXT-3JQIP98,IndusInd Bank,INDB0375504,MERCHANT,2024-08-26,FALSE,TRUE,NONE,1,AVAILABLE
BEN-TF9BOU,ACC-KO0JL6Q,RAPIDO,EXT-7Q9AH8R,Canara Bank,CNRB0905934,MERCHANT,2024-10-12,FALSE,TRUE,NONE,1,AVAILABLE
BEN-BFRG1L,ACC-KO0JL6Q,IRCTC,EXT-HJK1EYY,HDFC Bank,HDFC0724834,MERCHANT,2025-04-30,FALSE,TRUE,NONE,1,AVAILABLE
BEN-5TQX34,ACC-KO0JL6Q,Jacob Raju,ACC-3CP78ZC,Axis Bank,UBIN0213076,FRIEND,2025-06-26,FALSE,TRUE,NONE,3,AVAILABLE
BEN-Y5GOA4,ACC-KQO4XSD,BOOKMYSHOW,EXT-1ZXOI65,Yes Bank,YESB0195325,MERCHANT,2024-06-04,FALSE,TRUE,NONE,1,AVAILABLE
BEN-U0P0GH,ACC-KQO4XSD,INDIAN OIL,EXT-R9OUDOC,Bank of Baroda,BARB0944151,MERCHANT,2024-07-28,FALSE,TRUE,NONE,2,AVAILABLE
BEN-7D4EKD,ACC-KQO4XSD,Rayaan Tripathi (Landlord),EXT-MG47D3O,Union Bank of India,ICIC0613574,UNKNOWN,2024-08-05,FALSE,TRUE,NONE,5,AVAILABLE
BEN-U0FC28,ACC-KQO4XSD,RAPIDO,EXT-7Q9AH8R,Canara Bank,CNRB0905934,MERCHANT,2024-12-21,FALSE,TRUE,NONE,1,AVAILABLE
BEN-0RED6R,ACC-KQO4XSD,IRCTC,EXT-HJK1EYY,HDFC Bank,HDFC0724834,MERCHANT,2025-01-12,FALSE,TRUE,NONE,2,AVAILABLE
BEN-ELB76I,ACC-KQO4XSD,AMAZON PAY,EXT-OGYR3XK,IndusInd Bank,INDB0488162,MERCHANT,2025-07-17,FALSE,TRUE,NONE,1,AVAILABLE
BEN-MQ13R3,ACC-KQO4XSD,JIO RECHARGE,EXT-ZRENUN5,Punjab National Bank,PUNB0514850,MERCHANT,2025-08-31,FALSE,TRUE,NONE,1,AVAILABLE
BEN-1MRBDJ,ACC-KQO4XSD,ZOMATO,EXT-C38HYF9,Punjab National Bank,PUNB0407419,MERCHANT,2025-09-14,FALSE,TRUE,NONE,1,AVAILABLE
BEN-KETRE3,ACC-KQO4XSD,Maanas Apte,EXT-3ZZ3QFU,ICICI Bank,SBIN0824577,UNKNOWN,2025-10-13,FALSE,TRUE,NONE,1,AVAILABLE
BEN-D1BPFR,ACC-KRF7YIN,Jagat Sibal,EXT-R0OCNEA,IndusInd Bank,UBIN0226057,UNKNOWN,2024-10-15,FALSE,TRUE,NONE,1,AVAILABLE
BEN-V80OIP,ACC-KRF7YIN,BOOKMYSHOW,EXT-1ZXOI65,Yes Bank,YESB0195325,MERCHANT,2024-11-20,FALSE,TRUE,NONE,1,AVAILABLE
BEN-20XS96,ACC-KRF7YIN,Praneel Vasa,ACC-21YEFI7,Canara Bank,UBIN0634064,FRIEND,2025-04-29,FALSE,TRUE,NONE,1,AVAILABLE
BEN-5NLW14,ACC-KRF7YIN,BLINKIT,EXT-3JQIP98,IndusInd Bank,INDB0375504,MERCHANT,2025-06-11,FALSE,TRUE,NONE,3,AVAILABLE
BEN-EM0NGJ,ACC-KRF7YIN,Balvan Kala,ACC-Z9UR73A,HDFC Bank,PUNB0229913,FRIEND,2025-07-11,FALSE,TRUE,NONE,3,AVAILABLE
BEN-2UIHQR,ACC-KRF7YIN,SWIGGY,EXT-AK1VRJN,Kotak Mahindra Bank,KOTAK0900581,MERCHANT,2025-09-16,FALSE,TRUE,NONE,1,AVAILABLE
BEN-ITYTJ4,ACC-KRF7YIN,ZOMATO,EXT-C38HYF9,Punjab National Bank,PUNB0407419,MERCHANT,2025-10-19,FALSE,TRUE,NONE,1,AVAILABLE
BEN-OQ9QAD,ACC-KRJ1925,ZOMATO,EXT-C38HYF9,Punjab National Bank,PUNB0407419,MERCHANT,2024-04-12,FALSE,TRUE,NONE,1,AVAILABLE
BEN-R1A8YW,ACC-KRJ1925,BOOKMYSHOW,EXT-1ZXOI65,Yes Bank,YESB0195325,MERCHANT,2024-07-14,FALSE,TRUE,NONE,1,AVAILABLE
BEN-S6929A,ACC-KRJ1925,BLINKIT,EXT-3JQIP98,IndusInd Bank,INDB0375504,MERCHANT,2024-10-27,FALSE,TRUE,NONE,2,AVAILABLE
BEN-OA5CKJ,ACC-KRJ1925,INDIAN OIL,EXT-R9OUDOC,Bank of Baroda,BARB0944151,MERCHANT,2024-12-28,FALSE,TRUE,NONE,1,AVAILABLE
BEN-EAA7IX,ACC-KRJ1925,RAPIDO,EXT-7Q9AH8R,Canara Bank,CNRB0905934,MERCHANT,2025-10-09,FALSE,TRUE,NONE,1,AVAILABLE
BEN-J9405F,ACC-L3UHWZI,AMAZON PAY,EXT-OGYR3XK,IndusInd Bank,INDB0488162,MERCHANT,2024-06-24,FALSE,TRUE,NONE,1,AVAILABLE
BEN-811X3B,ACC-L3UHWZI,TATA POWER BILLING,EXT-B9M80O2,Union Bank of India,UBIN0717889,MERCHANT,2024-07-12,FALSE,TRUE,NONE,1,AVAILABLE
BEN-YOA4U6,ACC-L3UHWZI,MEDPLUS,EXT-JXK87AU,Axis Bank,UTIB0612340,MERCHANT,2024-10-20,FALSE,TRUE,NONE,1,AVAILABLE
BEN-WU0SR1,ACC-L3UHWZI,Timothy Taneja,ACC-ECTS377,Union Bank of India,ICIC0252718,FAMILY,2025-01-09,FALSE,TRUE,NONE,1,AVAILABLE
BEN-23MDGT,ACC-L3UHWZI,INDIAN OIL,EXT-R9OUDOC,Bank of Baroda,BARB0944151,MERCHANT,2025-02-06,FALSE,TRUE,NONE,3,AVAILABLE
BEN-AU3DW5,ACC-L3UHWZI,Naveen Wali (Landlord),EXT-NAGDY3M,IDFC FIRST Bank,ICIC0931384,UNKNOWN,2025-03-03,FALSE,TRUE,NONE,5,AVAILABLE
BEN-2AQCO6,ACC-L3UHWZI,BIGBASKET,EXT-NREK8PK,Punjab National Bank,PUNB0584714,MERCHANT,2025-03-28,FALSE,TRUE,NONE,1,AVAILABLE
BEN-58UIQB,ACC-L3UHWZI,JIO RECHARGE,EXT-ZRENUN5,Punjab National Bank,PUNB0514850,MERCHANT,2025-07-20,FALSE,TRUE,NONE,1,AVAILABLE
BEN-X2IM4S,ACC-L6HYC1R,Pratyush Munshi,ACC-ZC87CVB,IndusInd Bank,IDFB0773760,FAMILY,2024-05-13,FALSE,TRUE,NONE,2,AVAILABLE
BEN-A252EL,ACC-L6HYC1R,BLINKIT,EXT-3JQIP98,IndusInd Bank,INDB0375504,MERCHANT,2024-05-17,FALSE,TRUE,NONE,1,AVAILABLE
BEN-K96KZQ,ACC-L6HYC1R,Sudiksha Goswami,ACC-TUIK15U,ICICI Bank,HDFC0668314,FRIEND,2024-06-04,FALSE,TRUE,NONE,2,AVAILABLE
BEN-YTC32J,ACC-L6HYC1R,BIGBASKET,EXT-NREK8PK,Punjab National Bank,PUNB0584714,MERCHANT,2024-06-17,FALSE,TRUE,NONE,2,AVAILABLE
BEN-90D1C0,ACC-L6HYC1R,RELIANCE DIGITAL,EXT-Q6L6GT6,Yes Bank,YESB0738551,MERCHANT,2024-08-19,FALSE,TRUE,NONE,1,AVAILABLE
BEN-AE7W2U,ACC-L6HYC1R,DMART ONLINE,EXT-VHS1K3A,IndusInd Bank,INDB0857168,MERCHANT,2024-09-29,FALSE,TRUE,NONE,1,AVAILABLE
BEN-Z1PSV8,ACC-L6HYC1R,ZOMATO,EXT-C38HYF9,Punjab National Bank,PUNB0407419,MERCHANT,2024-12-18,FALSE,TRUE,NONE,2,AVAILABLE
BEN-65DACP,ACC-L6HYC1R,JIO RECHARGE,EXT-ZRENUN5,Punjab National Bank,PUNB0514850,MERCHANT,2025-10-18,FALSE,TRUE,NONE,1,AVAILABLE
BEN-2QRXKU,ACC-L9CYMTY,JIO RECHARGE,EXT-ZRENUN5,Punjab National Bank,PUNB0514850,MERCHANT,2024-08-31,FALSE,TRUE,NONE,2,AVAILABLE
BEN-9PEDM0,ACC-L9CYMTY,Teerth Dewan,ACC-U9NMNSW,Bank of Baroda,KOTAK0934095,FAMILY,2024-10-29,FALSE,TRUE,NONE,3,AVAILABLE
BEN-RI89NR,ACC-L9CYMTY,Ekaja Wagle,ACC-CDP9AJG,Bank of Baroda,ICIC0581927,FAMILY,2024-11-30,FALSE,TRUE,NONE,2,AVAILABLE
BEN-OPOTN1,ACC-L9CYMTY,BOOKMYSHOW,EXT-1ZXOI65,Yes Bank,YESB0195325,MERCHANT,2024-12-29,FALSE,TRUE,NONE,2,AVAILABLE
BEN-6FQ9NQ,ACC-L9CYMTY,RAPIDO,EXT-7Q9AH8R,Canara Bank,CNRB0905934,MERCHANT,2025-07-16,FALSE,TRUE,NONE,2,AVAILABLE
BEN-5MZCLU,ACC-L9CYMTY,INDIAN OIL,EXT-R9OUDOC,Bank of Baroda,BARB0944151,MERCHANT,2025-11-01,FALSE,TRUE,NONE,1,AVAILABLE
BEN-0LAJPZ,ACC-LAOQTR1,RAPIDO,EXT-7Q9AH8R,Canara Bank,CNRB0905934,MERCHANT,2024-03-15,FALSE,TRUE,NONE,1,AVAILABLE
BEN-SOZJ6K,ACC-LAOQTR1,AMAZON PAY,EXT-OGYR3XK,IndusInd Bank,INDB0488162,MERCHANT,2024-04-10,FALSE,TRUE,NONE,1,AVAILABLE
BEN-BLCO0Y,ACC-LAOQTR1,IRCTC,EXT-HJK1EYY,HDFC Bank,HDFC0724834,MERCHANT,2024-09-09,FALSE,TRUE,NONE,1,AVAILABLE
BEN-SR7WFO,ACC-LAOQTR1,ZOMATO,EXT-C38HYF9,Punjab National Bank,PUNB0407419,MERCHANT,2024-11-20,FALSE,TRUE,NONE,1,AVAILABLE
BEN-1T8E86,ACC-LAOQTR1,TATA POWER BILLING,EXT-B9M80O2,Union Bank of India,UBIN0717889,MERCHANT,2024-11-28,FALSE,TRUE,NONE,2,AVAILABLE
BEN-RQCJ5W,ACC-LAOQTR1,RELIANCE DIGITAL,EXT-Q6L6GT6,Yes Bank,YESB0738551,MERCHANT,2025-03-23,FALSE,TRUE,NONE,1,AVAILABLE
BEN-BQTX4K,ACC-LAOQTR1,Gaurika Bains,ACC-U00JTYL,Kotak Mahindra Bank,KOTAK0593968,FAMILY,2025-04-16,FALSE,TRUE,NONE,3,AVAILABLE
BEN-2GBCZS,ACC-LAOQTR1,Michael Zachariah,ACC-ZXCZD9M,HDFC Bank,INDB0784828,FAMILY,2025-09-11,FALSE,TRUE,NONE,2,AVAILABLE
BEN-4DMPIH,ACC-LCP2277,JIO RECHARGE,EXT-ZRENUN5,Punjab National Bank,PUNB0514850,MERCHANT,2024-05-22,FALSE,TRUE,NONE,1,AVAILABLE
BEN-QDX973,ACC-LCP2277,DMART ONLINE,EXT-VHS1K3A,IndusInd Bank,INDB0857168,MERCHANT,2024-06-02,FALSE,TRUE,NONE,1,AVAILABLE
BEN-DL1BDW,ACC-LCP2277,BOOKMYSHOW,EXT-1ZXOI65,Yes Bank,YESB0195325,MERCHANT,2024-07-06,FALSE,TRUE,NONE,1,AVAILABLE
BEN-P7OXB1,ACC-LCP2277,BIGBASKET,EXT-NREK8PK,Punjab National Bank,PUNB0584714,MERCHANT,2024-12-18,FALSE,TRUE,NONE,1,AVAILABLE
BEN-749YR7,ACC-LCP2277,RAPIDO,EXT-7Q9AH8R,Canara Bank,CNRB0905934,MERCHANT,2024-12-27,FALSE,TRUE,NONE,1,AVAILABLE
BEN-AKR044,ACC-LCP2277,ZOMATO,EXT-C38HYF9,Punjab National Bank,PUNB0407419,MERCHANT,2025-03-16,FALSE,TRUE,NONE,2,AVAILABLE
BEN-53U2FX,ACC-LCP2277,AIRTEL POSTPAID,EXT-8F1CBFN,IndusInd Bank,INDB0343962,MERCHANT,2025-09-14,FALSE,TRUE,NONE,1,AVAILABLE
BEN-MN1QJC,ACC-LUJBU00,Logan Mammen (Landlord),EXT-4NJG08R,Bank of Baroda,ICIC0871172,UNKNOWN,2024-05-24,FALSE,TRUE,NONE,3,AVAILABLE
BEN-EM8K3U,ACC-LUJBU00,IRCTC,EXT-HJK1EYY,HDFC Bank,HDFC0724834,MERCHANT,2024-10-27,FALSE,TRUE,NONE,1,AVAILABLE
BEN-FWC9M9,ACC-LUJBU00,SWIGGY,EXT-AK1VRJN,Kotak Mahindra Bank,KOTAK0900581,MERCHANT,2024-12-11,FALSE,TRUE,NONE,1,AVAILABLE
BEN-5JN0BY,ACC-LUJBU00,BOOKMYSHOW,EXT-1ZXOI65,Yes Bank,YESB0195325,MERCHANT,2025-02-23,FALSE,TRUE,NONE,1,AVAILABLE
BEN-VO8T58,ACC-LUJBU00,DMART ONLINE,EXT-VHS1K3A,IndusInd Bank,INDB0857168,MERCHANT,2025-05-21,FALSE,TRUE,NONE,1,AVAILABLE
BEN-1WGZUO,ACC-LUJBU00,RAPIDO,EXT-7Q9AH8R,Canara Bank,CNRB0905934,MERCHANT,2025-07-19,FALSE,TRUE,NONE,2,AVAILABLE
BEN-MDVQM0,ACC-LUJBU00,AMAZON PAY,EXT-OGYR3XK,IndusInd Bank,INDB0488162,MERCHANT,2025-07-30,FALSE,TRUE,NONE,1,AVAILABLE
BEN-KGQM4S,ACC-M5VWIPG,TATA POWER BILLING,EXT-B9M80O2,Union Bank of India,UBIN0717889,MERCHANT,2024-03-25,FALSE,TRUE,NONE,1,AVAILABLE
BEN-J3XA37,ACC-M5VWIPG,AIRTEL POSTPAID,EXT-8F1CBFN,IndusInd Bank,INDB0343962,MERCHANT,2024-05-20,FALSE,TRUE,NONE,1,AVAILABLE
BEN-S0HNJQ,ACC-M5VWIPG,AMAZON PAY,EXT-OGYR3XK,IndusInd Bank,INDB0488162,MERCHANT,2024-07-05,FALSE,TRUE,NONE,1,AVAILABLE
BEN-G3K776,ACC-M5VWIPG,JIO RECHARGE,EXT-ZRENUN5,Punjab National Bank,PUNB0514850,MERCHANT,2024-12-19,FALSE,TRUE,NONE,1,AVAILABLE
BEN-8BOEED,ACC-M5VWIPG,Nisha Saxena,ACC-6BQKDJU,Yes Bank,SBIN0947620,FAMILY,2025-01-11,FALSE,TRUE,NONE,4,AVAILABLE
BEN-M93XUD,ACC-M5VWIPG,INDIAN OIL,EXT-R9OUDOC,Bank of Baroda,BARB0944151,MERCHANT,2025-07-17,FALSE,TRUE,NONE,2,AVAILABLE
BEN-HU1IR8,ACC-M5VWIPG,Jason Arya,ACC-VTEGB41,State Bank of India,ICIC0653599,FRIEND,2025-07-31,FALSE,TRUE,NONE,2,AVAILABLE
BEN-U431SK,ACC-M5VWIPG,BIGBASKET,EXT-NREK8PK,Punjab National Bank,PUNB0584714,MERCHANT,2025-10-14,FALSE,TRUE,NONE,2,AVAILABLE
BEN-FF6KBB,ACC-M639BCP,BIGBASKET,EXT-NREK8PK,Punjab National Bank,PUNB0584714,MERCHANT,2024-06-27,FALSE,TRUE,NONE,1,AVAILABLE
BEN-LYVKC5,ACC-M639BCP,RAPIDO,EXT-7Q9AH8R,Canara Bank,CNRB0905934,MERCHANT,2024-08-26,FALSE,TRUE,NONE,1,AVAILABLE
BEN-V9PC3V,ACC-M639BCP,Nirja Vora,ACC-BDH02YH,IDFC FIRST Bank,BARB0888334,FRIEND,2024-09-10,FALSE,TRUE,NONE,2,AVAILABLE
BEN-54QPJS,ACC-M639BCP,Aarnav Ganesan,ACC-CTT593O,IndusInd Bank,PUNB0319780,FRIEND,2025-01-25,FALSE,TRUE,NONE,1,AVAILABLE
BEN-CWLQS9,ACC-M639BCP,DMART ONLINE,EXT-VHS1K3A,IndusInd Bank,INDB0857168,MERCHANT,2025-03-26,FALSE,TRUE,NONE,1,AVAILABLE
BEN-1FUXF0,ACC-M639BCP,ZOMATO,EXT-C38HYF9,Punjab National Bank,PUNB0407419,MERCHANT,2025-04-08,FALSE,TRUE,NONE,2,AVAILABLE
BEN-7HJ4C0,ACC-M639BCP,AIRTEL POSTPAID,EXT-8F1CBFN,IndusInd Bank,INDB0343962,MERCHANT,2025-04-14,FALSE,TRUE,NONE,1,AVAILABLE
BEN-IVO75W,ACC-M639BCP,JIO RECHARGE,EXT-ZRENUN5,Punjab National Bank,PUNB0514850,MERCHANT,2025-10-14,FALSE,TRUE,NONE,1,AVAILABLE
BEN-13CZI6,ACC-M8PYQDR,AMAZON PAY,EXT-OGYR3XK,IndusInd Bank,INDB0488162,MERCHANT,2024-04-05,FALSE,TRUE,NONE,1,AVAILABLE
BEN-TOL7IV,ACC-M8PYQDR,Samar Roy,ACC-BS5FI6E,ICICI Bank,PUNB0278649,FAMILY,2024-06-15,FALSE,TRUE,NONE,3,AVAILABLE
BEN-GL1ZPB,ACC-M8PYQDR,Dominic Prashad,ACC-RDEZX6K,Axis Bank,KOTAK0805189,FAMILY,2024-06-24,FALSE,TRUE,NONE,2,AVAILABLE
BEN-F8JXFC,ACC-M8PYQDR,MEDPLUS,EXT-JXK87AU,Axis Bank,UTIB0612340,MERCHANT,2024-07-04,FALSE,TRUE,NONE,1,AVAILABLE
BEN-MVG7O5,ACC-M8PYQDR,JIO RECHARGE,EXT-ZRENUN5,Punjab National Bank,PUNB0514850,MERCHANT,2024-09-07,FALSE,TRUE,NONE,1,AVAILABLE
BEN-TV2CGA,ACC-M8PYQDR,Luke Dara,ACC-FZGLI4U,Kotak Mahindra Bank,UBIN0738081,FAMILY,2024-10-05,FALSE,TRUE,NONE,2,AVAILABLE
BEN-B7WNVW,ACC-M8PYQDR,SWIGGY,EXT-AK1VRJN,Kotak Mahindra Bank,KOTAK0900581,MERCHANT,2024-10-17,FALSE,TRUE,NONE,2,AVAILABLE
BEN-AH8PK4,ACC-M8PYQDR,TATA POWER BILLING,EXT-B9M80O2,Union Bank of India,UBIN0717889,MERCHANT,2025-03-31,FALSE,TRUE,NONE,1,AVAILABLE
BEN-C1WZXI,ACC-M8PYQDR,BOOKMYSHOW,EXT-1ZXOI65,Yes Bank,YESB0195325,MERCHANT,2025-04-07,FALSE,TRUE,NONE,1,AVAILABLE
BEN-4T5GZJ,ACC-M8PYQDR,ZOMATO,EXT-C38HYF9,Punjab National Bank,PUNB0407419,MERCHANT,2025-04-18,FALSE,TRUE,NONE,1,AVAILABLE
BEN-0219XO,ACC-M8YXU1P,MEDPLUS,EXT-JXK87AU,Axis Bank,UTIB0612340,MERCHANT,2024-05-07,FALSE,TRUE,NONE,2,AVAILABLE
BEN-PTCP90,ACC-M8YXU1P,BOOKMYSHOW,EXT-1ZXOI65,Yes Bank,YESB0195325,MERCHANT,2024-09-26,FALSE,TRUE,NONE,1,AVAILABLE
BEN-6TODTF,ACC-M8YXU1P,AIRTEL POSTPAID,EXT-8F1CBFN,IndusInd Bank,INDB0343962,MERCHANT,2024-10-04,FALSE,TRUE,NONE,1,AVAILABLE
BEN-S0Y2TY,ACC-M8YXU1P,TATA POWER BILLING,EXT-B9M80O2,Union Bank of India,UBIN0717889,MERCHANT,2025-07-14,FALSE,TRUE,NONE,1,AVAILABLE
BEN-8TOEHP,ACC-M8YXU1P,INDIAN OIL,EXT-R9OUDOC,Bank of Baroda,BARB0944151,MERCHANT,2025-07-26,FALSE,TRUE,NONE,1,AVAILABLE
BEN-U62KHU,ACC-M8YXU1P,SWIGGY,EXT-AK1VRJN,Kotak Mahindra Bank,KOTAK0900581,MERCHANT,2025-10-14,FALSE,TRUE,NONE,2,AVAILABLE
BEN-02H47D,ACC-MA5BXNS,DMART ONLINE,EXT-VHS1K3A,IndusInd Bank,INDB0857168,MERCHANT,2024-10-08,FALSE,TRUE,NONE,1,AVAILABLE
BEN-45RG4O,ACC-MA5BXNS,Tarak Aurora (Landlord),EXT-QB944HJ,Yes Bank,SBIN0533055,UNKNOWN,2025-04-02,FALSE,TRUE,NONE,3,AVAILABLE
BEN-XMJ021,ACC-MA5BXNS,AIRTEL POSTPAID,EXT-8F1CBFN,IndusInd Bank,INDB0343962,MERCHANT,2025-04-04,FALSE,TRUE,NONE,1,AVAILABLE
BEN-VW222I,ACC-MA5BXNS,INDIAN OIL,EXT-R9OUDOC,Bank of Baroda,BARB0944151,MERCHANT,2025-04-19,FALSE,TRUE,NONE,1,AVAILABLE
BEN-XL960Y,ACC-MA5BXNS,IRCTC,EXT-HJK1EYY,HDFC Bank,HDFC0724834,MERCHANT,2025-05-14,FALSE,TRUE,NONE,1,AVAILABLE
BEN-XGV87D,ACC-MA5BXNS,BLINKIT,EXT-3JQIP98,IndusInd Bank,INDB0375504,MERCHANT,2025-09-27,FALSE,TRUE,NONE,1,AVAILABLE
BEN-P8DORR,ACC-MA5BXNS,Yochana Parikh,ACC-OK8NHVI,Yes Bank,INDB0455427,FAMILY,2025-11-01,FALSE,TRUE,NONE,1,AVAILABLE
BEN-K26PRF,ACC-MA5BXNS,MEDPLUS,EXT-JXK87AU,Axis Bank,UTIB0612340,MERCHANT,2025-11-01,FALSE,TRUE,NONE,1,AVAILABLE
BEN-M0UX39,ACC-MC67OKC,MEDPLUS,EXT-JXK87AU,Axis Bank,UTIB0612340,MERCHANT,2024-04-04,FALSE,TRUE,NONE,1,AVAILABLE
BEN-ERKOJ8,ACC-MC67OKC,SWIGGY,EXT-AK1VRJN,Kotak Mahindra Bank,KOTAK0900581,MERCHANT,2024-08-04,FALSE,TRUE,NONE,1,AVAILABLE
BEN-IVMLS8,ACC-MC67OKC,ZOMATO,EXT-C38HYF9,Punjab National Bank,PUNB0407419,MERCHANT,2024-09-01,FALSE,TRUE,NONE,2,AVAILABLE
BEN-QYLU21,ACC-MC67OKC,AMAZON PAY,EXT-OGYR3XK,IndusInd Bank,INDB0488162,MERCHANT,2024-09-23,FALSE,TRUE,NONE,1,AVAILABLE
BEN-M78K3A,ACC-MC67OKC,Radhika Agarwal,ACC-L6HYC1R,Canara Bank,HDFC0575350,FAMILY,2024-12-29,FALSE,TRUE,NONE,2,AVAILABLE
BEN-57V5I3,ACC-MC67OKC,IRCTC,EXT-HJK1EYY,HDFC Bank,HDFC0724834,MERCHANT,2025-01-22,FALSE,TRUE,NONE,1,AVAILABLE
BEN-4PA2J2,ACC-MC67OKC,AIRTEL POSTPAID,EXT-8F1CBFN,IndusInd Bank,INDB0343962,MERCHANT,2025-03-12,FALSE,TRUE,NONE,1,AVAILABLE
BEN-F3MGJ6,ACC-MC67OKC,RAPIDO,EXT-7Q9AH8R,Canara Bank,CNRB0905934,MERCHANT,2025-04-24,FALSE,TRUE,NONE,1,AVAILABLE
BEN-CJ5NA5,ACC-MC67OKC,JIO RECHARGE,EXT-ZRENUN5,Punjab National Bank,PUNB0514850,MERCHANT,2025-06-19,FALSE,TRUE,NONE,1,AVAILABLE
BEN-2D442D,ACC-MC67OKC,Ekansh Loyal,ACC-D7761SU,Canara Bank,YESB0915415,FAMILY,2025-09-23,FALSE,TRUE,NONE,1,AVAILABLE
BEN-LCHEF3,ACC-MC67OKC,Warda Radhakrishnan,ACC-5DFNIAJ,Kotak Mahindra Bank,IDFB0643194,FAMILY,2025-10-05,FALSE,TRUE,NONE,2,AVAILABLE
BEN-9T8ZD2,ACC-MJ76CI5,IRCTC,EXT-HJK1EYY,HDFC Bank,HDFC0724834,MERCHANT,2024-07-03,FALSE,TRUE,NONE,2,AVAILABLE
BEN-MZIR9Y,ACC-MJ76CI5,MEDPLUS,EXT-JXK87AU,Axis Bank,UTIB0612340,MERCHANT,2024-07-20,FALSE,TRUE,NONE,1,AVAILABLE
BEN-BB9VZV,ACC-MJ76CI5,ZOMATO,EXT-C38HYF9,Punjab National Bank,PUNB0407419,MERCHANT,2024-08-02,FALSE,TRUE,NONE,2,AVAILABLE
BEN-8X4BAJ,ACC-MJ76CI5,RAPIDO,EXT-7Q9AH8R,Canara Bank,CNRB0905934,MERCHANT,2024-12-13,FALSE,TRUE,NONE,1,AVAILABLE
BEN-0NHM80,ACC-MJ76CI5,INDIAN OIL,EXT-R9OUDOC,Bank of Baroda,BARB0944151,MERCHANT,2025-04-22,FALSE,TRUE,NONE,1,AVAILABLE
BEN-LDD5DT,ACC-MJ76CI5,TATA POWER BILLING,EXT-B9M80O2,Union Bank of India,UBIN0717889,MERCHANT,2025-05-28,FALSE,TRUE,NONE,1,AVAILABLE
BEN-438RAJ,ACC-MJ76CI5,BIGBASKET,EXT-NREK8PK,Punjab National Bank,PUNB0584714,MERCHANT,2025-10-17,FALSE,TRUE,NONE,1,AVAILABLE
BEN-72Z3YA,ACC-MPR9TOT,IRCTC,EXT-HJK1EYY,HDFC Bank,HDFC0724834,MERCHANT,2024-10-20,FALSE,TRUE,NONE,1,AVAILABLE
BEN-1JLLN4,ACC-MPR9TOT,BIGBASKET,EXT-NREK8PK,Punjab National Bank,PUNB0584714,MERCHANT,2024-12-11,FALSE,TRUE,NONE,1,AVAILABLE
BEN-03RY76,ACC-MPR9TOT,SWIGGY,EXT-AK1VRJN,Kotak Mahindra Bank,KOTAK0900581,MERCHANT,2024-12-30,FALSE,TRUE,NONE,1,AVAILABLE
BEN-VVBD8Y,ACC-MPR9TOT,DMART ONLINE,EXT-VHS1K3A,IndusInd Bank,INDB0857168,MERCHANT,2025-02-02,FALSE,TRUE,NONE,2,AVAILABLE
BEN-PJ77L8,ACC-MPR9TOT,Sudiksha Guha,ACC-5I78U5T,Kotak Mahindra Bank,BARB0725877,FRIEND,2025-02-28,FALSE,TRUE,NONE,3,AVAILABLE
BEN-3HSZ6M,ACC-MPR9TOT,Amara Krishnan,ACC-7YVR4NK,Axis Bank,ICIC0161859,FRIEND,2025-03-23,FALSE,TRUE,NONE,2,AVAILABLE
BEN-P7SQP7,ACC-MPR9TOT,RAPIDO,EXT-7Q9AH8R,Canara Bank,CNRB0905934,MERCHANT,2025-03-25,FALSE,TRUE,NONE,1,AVAILABLE
BEN-ULR4CF,ACC-MPR9TOT,RELIANCE DIGITAL,EXT-Q6L6GT6,Yes Bank,YESB0738551,MERCHANT,2025-08-21,FALSE,TRUE,NONE,1,AVAILABLE
BEN-JY80OR,ACC-MTU16BT,BOOKMYSHOW,EXT-1ZXOI65,Yes Bank,YESB0195325,MERCHANT,2024-05-10,FALSE,TRUE,NONE,2,AVAILABLE
BEN-OA872P,ACC-MTU16BT,JIO RECHARGE,EXT-ZRENUN5,Punjab National Bank,PUNB0514850,MERCHANT,2024-07-12,FALSE,TRUE,NONE,1,AVAILABLE
BEN-9677UO,ACC-MTU16BT,BLINKIT,EXT-3JQIP98,IndusInd Bank,INDB0375504,MERCHANT,2024-08-14,FALSE,TRUE,NONE,1,AVAILABLE
BEN-GP431J,ACC-MTU16BT,DMART ONLINE,EXT-VHS1K3A,IndusInd Bank,INDB0857168,MERCHANT,2024-10-20,FALSE,TRUE,NONE,1,AVAILABLE
BEN-H2FYS9,ACC-MTU16BT,RELIANCE DIGITAL,EXT-Q6L6GT6,Yes Bank,YESB0738551,MERCHANT,2024-12-13,FALSE,TRUE,NONE,2,AVAILABLE
BEN-E4YCFE,ACC-MTU16BT,AMAZON PAY,EXT-OGYR3XK,IndusInd Bank,INDB0488162,MERCHANT,2025-07-22,FALSE,TRUE,NONE,1,AVAILABLE
BEN-U5M1MH,ACC-MU6FGK8,TATA POWER BILLING,EXT-B9M80O2,Union Bank of India,UBIN0717889,MERCHANT,2024-03-22,FALSE,TRUE,NONE,1,AVAILABLE
BEN-2TMAE4,ACC-MU6FGK8,SWIGGY,EXT-AK1VRJN,Kotak Mahindra Bank,KOTAK0900581,MERCHANT,2024-04-18,FALSE,TRUE,NONE,1,AVAILABLE
BEN-YYVPO1,ACC-MU6FGK8,Baljiwan Sachar,ACC-CBKOGG5,IDFC FIRST Bank,KOTAK0865567,FRIEND,2024-05-25,FALSE,TRUE,NONE,4,AVAILABLE
BEN-X9KZDX,ACC-MU6FGK8,Zarna Venkatesh,ACC-T1EGD9D,Kotak Mahindra Bank,INDB0828364,FAMILY,2024-05-29,FALSE,TRUE,NONE,2,AVAILABLE
BEN-98UH1L,ACC-MU6FGK8,DMART ONLINE,EXT-VHS1K3A,IndusInd Bank,INDB0857168,MERCHANT,2024-07-09,FALSE,TRUE,NONE,1,AVAILABLE
BEN-9M821A,ACC-MU6FGK8,Edhitha Warrior (Landlord),EXT-IEWUT7S,ICICI Bank,UTIB0277234,UNKNOWN,2024-11-10,FALSE,TRUE,NONE,5,AVAILABLE
BEN-4SCROP,ACC-MU6FGK8,BLINKIT,EXT-3JQIP98,IndusInd Bank,INDB0375504,MERCHANT,2025-01-06,FALSE,TRUE,NONE,1,AVAILABLE
BEN-LU9TFB,ACC-MU6FGK8,AIRTEL POSTPAID,EXT-8F1CBFN,IndusInd Bank,INDB0343962,MERCHANT,2025-04-05,FALSE,TRUE,NONE,1,AVAILABLE
BEN-1BZFVF,ACC-MU6FGK8,IRCTC,EXT-HJK1EYY,HDFC Bank,HDFC0724834,MERCHANT,2025-04-25,FALSE,TRUE,NONE,1,AVAILABLE
BEN-6HEBGD,ACC-MU6FGK8,INDIAN OIL,EXT-R9OUDOC,Bank of Baroda,BARB0944151,MERCHANT,2025-08-14,FALSE,TRUE,NONE,1,AVAILABLE
BEN-KCMA1L,ACC-N4YTUKC,Charan Halder,ACC-YYUG5GN,State Bank of India,SBIN0573542,FAMILY,2024-04-07,FALSE,TRUE,NONE,3,AVAILABLE
BEN-TLZ4MX,ACC-N4YTUKC,IRCTC,EXT-HJK1EYY,HDFC Bank,HDFC0724834,MERCHANT,2024-08-31,FALSE,TRUE,NONE,1,AVAILABLE
BEN-N3HT5C,ACC-N4YTUKC,ZOMATO,EXT-C38HYF9,Punjab National Bank,PUNB0407419,MERCHANT,2024-10-15,FALSE,TRUE,NONE,1,AVAILABLE
BEN-1UPDPA,ACC-N4YTUKC,Reyansh Radhakrishnan,ACC-5LSCATG,IDFC FIRST Bank,SBIN0315886,FRIEND,2024-11-22,FALSE,TRUE,NONE,3,AVAILABLE
BEN-W2NV07,ACC-N4YTUKC,SWIGGY,EXT-AK1VRJN,Kotak Mahindra Bank,KOTAK0900581,MERCHANT,2024-12-01,FALSE,TRUE,NONE,1,AVAILABLE
BEN-W0IEJR,ACC-N4YTUKC,RELIANCE DIGITAL,EXT-Q6L6GT6,Yes Bank,YESB0738551,MERCHANT,2024-12-03,FALSE,TRUE,NONE,1,AVAILABLE
BEN-18FI3T,ACC-N4YTUKC,Zehaan Tiwari,ACC-2N82WZM,Bank of Baroda,BARB0308196,FRIEND,2025-02-10,FALSE,TRUE,NONE,3,AVAILABLE
BEN-C77C08,ACC-N4YTUKC,AIRTEL POSTPAID,EXT-8F1CBFN,IndusInd Bank,INDB0343962,MERCHANT,2025-05-25,FALSE,TRUE,NONE,1,AVAILABLE
BEN-WVHJS8,ACC-N4YTUKC,INDIAN OIL,EXT-R9OUDOC,Bank of Baroda,BARB0944151,MERCHANT,2025-07-08,FALSE,TRUE,NONE,1,AVAILABLE
BEN-LQJI0M,ACC-N4YTUKC,AMAZON PAY,EXT-OGYR3XK,IndusInd Bank,INDB0488162,MERCHANT,2025-08-17,FALSE,TRUE,NONE,1,AVAILABLE
BEN-QI8XF3,ACC-NAZNT6C,Andrew Kota,ACC-KO0JL6Q,HDFC Bank,PUNB0647405,FRIEND,2024-06-06,FALSE,TRUE,NONE,1,AVAILABLE
BEN-GMTE37,ACC-NAZNT6C,DMART ONLINE,EXT-VHS1K3A,IndusInd Bank,INDB0857168,MERCHANT,2024-06-17,FALSE,TRUE,NONE,1,AVAILABLE
BEN-G9AFVU,ACC-NAZNT6C,Anthony Shanker,ACC-HUCI5RX,IndusInd Bank,HDFC0534194,FAMILY,2024-11-27,FALSE,TRUE,NONE,2,AVAILABLE
BEN-NXZ1SF,ACC-NAZNT6C,SWIGGY,EXT-AK1VRJN,Kotak Mahindra Bank,KOTAK0900581,MERCHANT,2025-01-06,FALSE,TRUE,NONE,1,AVAILABLE
BEN-Y1TSPP,ACC-NAZNT6C,Nihal Choudhary,ACC-NWET6T1,Canara Bank,INDB0178508,FAMILY,2025-01-16,FALSE,TRUE,NONE,4,AVAILABLE
BEN-7LFJ6A,ACC-NAZNT6C,IRCTC,EXT-HJK1EYY,HDFC Bank,HDFC0724834,MERCHANT,2025-02-05,FALSE,TRUE,NONE,1,AVAILABLE
BEN-C0ZVN0,ACC-NAZNT6C,JIO RECHARGE,EXT-ZRENUN5,Punjab National Bank,PUNB0514850,MERCHANT,2025-05-20,FALSE,TRUE,NONE,1,AVAILABLE
BEN-6OYHI0,ACC-NAZNT6C,Xavier Nadig,EXT-CB6J1BF,Bank of Baroda,IDFB0859191,UNKNOWN,2025-06-03,FALSE,TRUE,NONE,1,AVAILABLE
BEN-1BV0VU,ACC-NAZNT6C,MEDPLUS,EXT-JXK87AU,Axis Bank,UTIB0612340,MERCHANT,2025-08-13,FALSE,TRUE,NONE,1,AVAILABLE
BEN-MM9UL1,ACC-NAZNT6C,Osha Uppal (Landlord),EXT-MPIQDQ5,Union Bank of India,SBIN0178260,UNKNOWN,2025-09-29,FALSE,TRUE,NONE,4,AVAILABLE
BEN-3E2R08,ACC-NAZNT6C,BOOKMYSHOW,EXT-1ZXOI65,Yes Bank,YESB0195325,MERCHANT,2025-11-03,FALSE,TRUE,NONE,2,AVAILABLE
BEN-V823TS,ACC-NHLLA92,RAPIDO,EXT-7Q9AH8R,Canara Bank,CNRB0905934,MERCHANT,2024-03-31,FALSE,TRUE,NONE,1,AVAILABLE
BEN-9YD5Q7,ACC-NHLLA92,Pahal Gade,ACC-RNKK5FI,Punjab National Bank,ICIC0451088,FRIEND,2024-08-03,FALSE,TRUE,NONE,2,AVAILABLE
BEN-W4U2CX,ACC-NHLLA92,DMART ONLINE,EXT-VHS1K3A,IndusInd Bank,INDB0857168,MERCHANT,2024-09-06,FALSE,TRUE,NONE,1,AVAILABLE
BEN-5I83JJ,ACC-NHLLA92,Aadi Choudhry,ACC-UUMK563,Axis Bank,IDFB0135313,FRIEND,2024-10-12,FALSE,TRUE,NONE,2,AVAILABLE
BEN-C6U68C,ACC-NHLLA92,SWIGGY,EXT-AK1VRJN,Kotak Mahindra Bank,KOTAK0900581,MERCHANT,2025-01-01,FALSE,TRUE,NONE,1,AVAILABLE
BEN-ATS9VB,ACC-NHLLA92,RELIANCE DIGITAL,EXT-Q6L6GT6,Yes Bank,YESB0738551,MERCHANT,2025-01-30,FALSE,TRUE,NONE,1,AVAILABLE
BEN-390ASF,ACC-NHLLA92,AIRTEL POSTPAID,EXT-8F1CBFN,IndusInd Bank,INDB0343962,MERCHANT,2025-05-16,FALSE,TRUE,NONE,2,AVAILABLE
BEN-2H8J6I,ACC-NHLLA92,IRCTC,EXT-HJK1EYY,HDFC Bank,HDFC0724834,MERCHANT,2025-08-26,FALSE,TRUE,NONE,2,AVAILABLE
BEN-6ZBJZH,ACC-NLC0QYP,SWIGGY,EXT-AK1VRJN,Kotak Mahindra Bank,KOTAK0900581,MERCHANT,2024-10-22,FALSE,TRUE,NONE,1,AVAILABLE
BEN-2JYB1L,ACC-NLC0QYP,BLINKIT,EXT-3JQIP98,IndusInd Bank,INDB0375504,MERCHANT,2025-02-11,FALSE,TRUE,NONE,1,AVAILABLE
BEN-BT8AW6,ACC-NLC0QYP,Rehaan Lala,ACC-9XA4KWG,Punjab National Bank,SBIN0728958,FRIEND,2025-04-06,FALSE,TRUE,NONE,2,AVAILABLE
BEN-BOFO8C,ACC-NLC0QYP,IRCTC,EXT-HJK1EYY,HDFC Bank,HDFC0724834,MERCHANT,2025-06-05,FALSE,TRUE,NONE,1,AVAILABLE
BEN-ELJDK2,ACC-NLC0QYP,AIRTEL POSTPAID,EXT-8F1CBFN,IndusInd Bank,INDB0343962,MERCHANT,2025-07-06,FALSE,TRUE,NONE,1,AVAILABLE
BEN-JJZ743,ACC-NLC0QYP,JIO RECHARGE,EXT-ZRENUN5,Punjab National Bank,PUNB0514850,MERCHANT,2025-08-01,FALSE,TRUE,NONE,3,AVAILABLE
BEN-KMP2O6,ACC-NLC0QYP,BOOKMYSHOW,EXT-1ZXOI65,Yes Bank,YESB0195325,MERCHANT,2025-09-21,FALSE,TRUE,NONE,1,AVAILABLE
BEN-M5QK2Y,ACC-NWET6T1,ZOMATO,EXT-C38HYF9,Punjab National Bank,PUNB0407419,MERCHANT,2024-04-17,FALSE,TRUE,NONE,1,AVAILABLE
BEN-P75RVA,ACC-NWET6T1,Bakhshi Palan,ACC-6HHR8X8,Yes Bank,YESB0796061,FRIEND,2024-05-15,FALSE,TRUE,NONE,2,AVAILABLE
BEN-8GHMCS,ACC-NWET6T1,TATA POWER BILLING,EXT-B9M80O2,Union Bank of India,UBIN0717889,MERCHANT,2024-07-27,FALSE,TRUE,NONE,1,AVAILABLE
BEN-AJIEQ0,ACC-NWET6T1,AMAZON PAY,EXT-OGYR3XK,IndusInd Bank,INDB0488162,MERCHANT,2024-10-18,FALSE,TRUE,NONE,1,AVAILABLE
BEN-LX5PGL,ACC-NWET6T1,SWIGGY,EXT-AK1VRJN,Kotak Mahindra Bank,KOTAK0900581,MERCHANT,2025-01-19,FALSE,TRUE,NONE,1,AVAILABLE
BEN-9V2398,ACC-NWET6T1,INDIAN OIL,EXT-R9OUDOC,Bank of Baroda,BARB0944151,MERCHANT,2025-01-20,FALSE,TRUE,NONE,1,AVAILABLE
BEN-9VJ4BQ,ACC-NWET6T1,BOOKMYSHOW,EXT-1ZXOI65,Yes Bank,YESB0195325,MERCHANT,2025-04-25,FALSE,TRUE,NONE,1,AVAILABLE
BEN-P3MML1,ACC-NWET6T1,Aarnav Sem,ACC-3A1MITK,Kotak Mahindra Bank,BARB0759576,FAMILY,2025-07-02,FALSE,TRUE,NONE,1,AVAILABLE
BEN-B2ZNHV,ACC-NWET6T1,BIGBASKET,EXT-NREK8PK,Punjab National Bank,PUNB0584714,MERCHANT,2025-08-26,FALSE,TRUE,NONE,2,AVAILABLE
BEN-VKY69M,ACC-NWET6T1,Faraj Dalal,ACC-C46C17Z,Punjab National Bank,ICIC0532210,FAMILY,2025-08-27,FALSE,TRUE,NONE,2,AVAILABLE
BEN-NT862Y,ACC-NWET6T1,RAPIDO,EXT-7Q9AH8R,Canara Bank,CNRB0905934,MERCHANT,2025-11-01,FALSE,TRUE,NONE,1,AVAILABLE
BEN-0Z0F39,ACC-O0V3Z0G,RELIANCE DIGITAL,EXT-Q6L6GT6,Yes Bank,YESB0738551,MERCHANT,2024-05-03,FALSE,TRUE,NONE,1,AVAILABLE
BEN-MO84N9,ACC-O0V3Z0G,AIRTEL POSTPAID,EXT-8F1CBFN,IndusInd Bank,INDB0343962,MERCHANT,2024-12-26,FALSE,TRUE,NONE,1,AVAILABLE
BEN-P784DU,ACC-O0V3Z0G,BIGBASKET,EXT-NREK8PK,Punjab National Bank,PUNB0584714,MERCHANT,2025-06-14,FALSE,TRUE,NONE,1,AVAILABLE
BEN-R92ESL,ACC-O0V3Z0G,DMART ONLINE,EXT-VHS1K3A,IndusInd Bank,INDB0857168,MERCHANT,2025-07-22,FALSE,TRUE,NONE,1,AVAILABLE
BEN-PLCE8K,ACC-O0V3Z0G,RAPIDO,EXT-7Q9AH8R,Canara Bank,CNRB0905934,MERCHANT,2025-07-25,FALSE,TRUE,NONE,2,AVAILABLE
BEN-8M1MO0,ACC-O1SZJIV,JIO RECHARGE,EXT-ZRENUN5,Punjab National Bank,PUNB0514850,MERCHANT,2024-04-19,FALSE,TRUE,NONE,1,AVAILABLE
BEN-HNFU6A,ACC-O1SZJIV,SWIGGY,EXT-AK1VRJN,Kotak Mahindra Bank,KOTAK0900581,MERCHANT,2024-06-07,FALSE,TRUE,NONE,1,AVAILABLE
BEN-YC8HF7,ACC-O1SZJIV,MEDPLUS,EXT-JXK87AU,Axis Bank,UTIB0612340,MERCHANT,2024-09-23,FALSE,TRUE,NONE,1,AVAILABLE
BEN-N8JE63,ACC-O1SZJIV,DMART ONLINE,EXT-VHS1K3A,IndusInd Bank,INDB0857168,MERCHANT,2024-10-04,FALSE,TRUE,NONE,2,AVAILABLE
BEN-GE25GH,ACC-O1SZJIV,BIGBASKET,EXT-NREK8PK,Punjab National Bank,PUNB0584714,MERCHANT,2024-12-19,FALSE,TRUE,NONE,1,AVAILABLE
BEN-AFG00Y,ACC-O1SZJIV,RELIANCE DIGITAL,EXT-Q6L6GT6,Yes Bank,YESB0738551,MERCHANT,2025-07-05,FALSE,TRUE,NONE,1,AVAILABLE
BEN-GG5SLX,ACC-O2WB0DZ,INDIAN OIL,EXT-R9OUDOC,Bank of Baroda,BARB0944151,MERCHANT,2024-06-10,FALSE,TRUE,NONE,1,AVAILABLE
BEN-1XNQKV,ACC-O2WB0DZ,IRCTC,EXT-HJK1EYY,HDFC Bank,HDFC0724834,MERCHANT,2025-01-04,FALSE,TRUE,NONE,1,AVAILABLE
BEN-5G197D,ACC-O2WB0DZ,ZOMATO,EXT-C38HYF9,Punjab National Bank,PUNB0407419,MERCHANT,2025-01-16,FALSE,TRUE,NONE,2,AVAILABLE
BEN-0GLKYJ,ACC-O2WB0DZ,TATA POWER BILLING,EXT-B9M80O2,Union Bank of India,UBIN0717889,MERCHANT,2025-03-16,FALSE,TRUE,NONE,1,AVAILABLE
BEN-YO80SO,ACC-O2WB0DZ,AIRTEL POSTPAID,EXT-8F1CBFN,IndusInd Bank,INDB0343962,MERCHANT,2025-05-05,FALSE,TRUE,NONE,1,AVAILABLE
BEN-GD8C22,ACC-O2WB0DZ,DMART ONLINE,EXT-VHS1K3A,IndusInd Bank,INDB0857168,MERCHANT,2025-05-30,FALSE,TRUE,NONE,1,AVAILABLE
BEN-Y7AW1Y,ACC-O3V94X2,Vritti Bali,ACC-W14TOBD,State Bank of India,YESB0904030,FAMILY,2024-09-23,FALSE,TRUE,NONE,4,AVAILABLE
BEN-C01896,ACC-O3V94X2,DMART ONLINE,EXT-VHS1K3A,IndusInd Bank,INDB0857168,MERCHANT,2025-01-16,FALSE,TRUE,NONE,1,AVAILABLE
BEN-W7XYZB,ACC-O3V94X2,Chandresh Badal,ACC-G9O9YP6,Kotak Mahindra Bank,UBIN0451743,FRIEND,2025-01-24,FALSE,TRUE,NONE,1,AVAILABLE
BEN-JE0789,ACC-O3V94X2,TATA POWER BILLING,EXT-B9M80O2,Union Bank of India,UBIN0717889,MERCHANT,2025-03-13,FALSE,TRUE,NONE,1,AVAILABLE
BEN-5LICZX,ACC-O3V94X2,INDIAN OIL,EXT-R9OUDOC,Bank of Baroda,BARB0944151,MERCHANT,2025-07-03,FALSE,TRUE,NONE,2,AVAILABLE
BEN-SCTOC2,ACC-O3V94X2,RAPIDO,EXT-7Q9AH8R,Canara Bank,CNRB0905934,MERCHANT,2025-09-15,FALSE,TRUE,NONE,1,AVAILABLE
BEN-8LO61E,ACC-O3V94X2,RELIANCE DIGITAL,EXT-Q6L6GT6,Yes Bank,YESB0738551,MERCHANT,2025-10-06,FALSE,TRUE,NONE,2,AVAILABLE
BEN-8J4C5U,ACC-OH9O5QV,AMAZON PAY,EXT-OGYR3XK,IndusInd Bank,INDB0488162,MERCHANT,2024-03-22,FALSE,TRUE,NONE,1,AVAILABLE
BEN-IZHP5J,ACC-OH9O5QV,BLINKIT,EXT-3JQIP98,IndusInd Bank,INDB0375504,MERCHANT,2024-03-26,FALSE,TRUE,NONE,2,AVAILABLE
BEN-UCGQ9C,ACC-OH9O5QV,INDIAN OIL,EXT-R9OUDOC,Bank of Baroda,BARB0944151,MERCHANT,2025-04-02,FALSE,TRUE,NONE,1,AVAILABLE
BEN-Q8Z4V4,ACC-OH9O5QV,TATA POWER BILLING,EXT-B9M80O2,Union Bank of India,UBIN0717889,MERCHANT,2025-04-07,FALSE,TRUE,NONE,1,AVAILABLE
BEN-GLSU10,ACC-OH9O5QV,ZOMATO,EXT-C38HYF9,Punjab National Bank,PUNB0407419,MERCHANT,2025-09-17,FALSE,TRUE,NONE,1,AVAILABLE
BEN-G22MZZ,ACC-OH9O5QV,BIGBASKET,EXT-NREK8PK,Punjab National Bank,PUNB0584714,MERCHANT,2025-10-23,FALSE,TRUE,NONE,2,AVAILABLE
BEN-CKS4W2,ACC-OJW5BP1,IRCTC,EXT-HJK1EYY,HDFC Bank,HDFC0724834,MERCHANT,2024-08-21,FALSE,TRUE,NONE,2,AVAILABLE
BEN-W0T77G,ACC-OJW5BP1,ZOMATO,EXT-C38HYF9,Punjab National Bank,PUNB0407419,MERCHANT,2024-11-07,FALSE,TRUE,NONE,2,AVAILABLE
BEN-HHWXE5,ACC-OJW5BP1,JIO RECHARGE,EXT-ZRENUN5,Punjab National Bank,PUNB0514850,MERCHANT,2024-11-17,FALSE,TRUE,NONE,1,AVAILABLE
BEN-KYN29U,ACC-OJW5BP1,AIRTEL POSTPAID,EXT-8F1CBFN,IndusInd Bank,INDB0343962,MERCHANT,2024-12-03,FALSE,TRUE,NONE,1,AVAILABLE
BEN-1ADL6D,ACC-OJW5BP1,BOOKMYSHOW,EXT-1ZXOI65,Yes Bank,YESB0195325,MERCHANT,2025-03-29,FALSE,TRUE,NONE,1,AVAILABLE
BEN-8IN6J7,ACC-OJW5BP1,TATA POWER BILLING,EXT-B9M80O2,Union Bank of India,UBIN0717889,MERCHANT,2025-05-11,FALSE,TRUE,NONE,1,AVAILABLE
BEN-GV5JCZ,ACC-OK8NHVI,AMAZON PAY,EXT-OGYR3XK,IndusInd Bank,INDB0488162,MERCHANT,2024-04-09,FALSE,TRUE,NONE,3,AVAILABLE
BEN-X0VSMI,ACC-OK8NHVI,Charita Sachar,ACC-K5SILU2,State Bank of India,HDFC0665023,FAMILY,2024-08-16,FALSE,TRUE,NONE,3,AVAILABLE
BEN-IY697L,ACC-OK8NHVI,BLINKIT,EXT-3JQIP98,IndusInd Bank,INDB0375504,MERCHANT,2024-10-23,FALSE,TRUE,NONE,1,AVAILABLE
BEN-4JP56R,ACC-OK8NHVI,AIRTEL POSTPAID,EXT-8F1CBFN,IndusInd Bank,INDB0343962,MERCHANT,2024-11-30,FALSE,TRUE,NONE,2,AVAILABLE
BEN-Q6SYQO,ACC-OK8NHVI,Gagan Pandey,ACC-J4EATMM,State Bank of India,INDB0862578,FRIEND,2025-04-10,FALSE,TRUE,NONE,2,AVAILABLE
BEN-A7F601,ACC-OK8NHVI,Nitesh Chopra,ACC-TT2SLHI,IndusInd Bank,UTIB0687775,FAMILY,2025-04-23,FALSE,TRUE,NONE,1,AVAILABLE
BEN-RZA5FJ,ACC-OK8NHVI,JIO RECHARGE,EXT-ZRENUN5,Punjab National Bank,PUNB0514850,MERCHANT,2025-05-28,FALSE,TRUE,NONE,1,AVAILABLE
BEN-LU53KI,ACC-OK8NHVI,RAPIDO,EXT-7Q9AH8R,Canara Bank,CNRB0905934,MERCHANT,2025-07-30,FALSE,TRUE,NONE,2,AVAILABLE
BEN-PM32T7,ACC-ONMRS5Y,RAPIDO,EXT-7Q9AH8R,Canara Bank,CNRB0905934,MERCHANT,2024-03-22,FALSE,TRUE,NONE,2,AVAILABLE
BEN-D26E9I,ACC-ONMRS5Y,BOOKMYSHOW,EXT-1ZXOI65,Yes Bank,YESB0195325,MERCHANT,2024-05-11,FALSE,TRUE,NONE,1,AVAILABLE
BEN-SF65OT,ACC-ONMRS5Y,BIGBASKET,EXT-NREK8PK,Punjab National Bank,PUNB0584714,MERCHANT,2024-06-25,FALSE,TRUE,NONE,1,AVAILABLE
BEN-3KQYP1,ACC-ONMRS5Y,AIRTEL POSTPAID,EXT-8F1CBFN,IndusInd Bank,INDB0343962,MERCHANT,2024-07-04,FALSE,TRUE,NONE,1,AVAILABLE
BEN-JA67R6,ACC-ONMRS5Y,ZOMATO,EXT-C38HYF9,Punjab National Bank,PUNB0407419,MERCHANT,2024-11-05,FALSE,TRUE,NONE,1,AVAILABLE
BEN-04CEOL,ACC-ONMRS5Y,Raagini Sahni (Landlord),EXT-7S5X5RM,Union Bank of India,YESB0931841,UNKNOWN,2025-02-22,FALSE,TRUE,NONE,4,AVAILABLE
BEN-D8IG9W,ACC-ONMRS5Y,Liam Sheth,ACC-ZJ2O1XJ,ICICI Bank,ICIC0890847,FAMILY,2025-06-01,FALSE,TRUE,NONE,3,AVAILABLE
BEN-M8H8TZ,ACC-ONMRS5Y,Reyansh Bhatnagar,ACC-Q02GKFS,IDFC FIRST Bank,SBIN0317546,FRIEND,2025-06-02,FALSE,TRUE,NONE,1,AVAILABLE
BEN-LKA7N2,ACC-ONMRS5Y,IRCTC,EXT-HJK1EYY,HDFC Bank,HDFC0724834,MERCHANT,2025-08-22,FALSE,TRUE,NONE,1,AVAILABLE
BEN-R0RXUC,ACC-P39JYM6,RELIANCE DIGITAL,EXT-Q6L6GT6,Yes Bank,YESB0738551,MERCHANT,2024-06-11,FALSE,TRUE,NONE,2,AVAILABLE
BEN-6H5PAA,ACC-P39JYM6,MEDPLUS,EXT-JXK87AU,Axis Bank,UTIB0612340,MERCHANT,2024-09-18,FALSE,TRUE,NONE,1,AVAILABLE
BEN-HD1TC2,ACC-P39JYM6,SWIGGY,EXT-AK1VRJN,Kotak Mahindra Bank,KOTAK0900581,MERCHANT,2025-03-04,FALSE,TRUE,NONE,1,AVAILABLE
BEN-1MAJJ9,ACC-P39JYM6,IRCTC,EXT-HJK1EYY,HDFC Bank,HDFC0724834,MERCHANT,2025-10-08,FALSE,TRUE,NONE,1,AVAILABLE
BEN-WFMC00,ACC-P39JYM6,RAPIDO,EXT-7Q9AH8R,Canara Bank,CNRB0905934,MERCHANT,2025-10-10,FALSE,TRUE,NONE,1,AVAILABLE
BEN-S3V9PX,ACC-P39JYM6,DMART ONLINE,EXT-VHS1K3A,IndusInd Bank,INDB0857168,MERCHANT,2025-10-18,FALSE,TRUE,NONE,1,AVAILABLE
BEN-5CVATW,ACC-PCZ2O8N,SWIGGY,EXT-AK1VRJN,Kotak Mahindra Bank,KOTAK0900581,MERCHANT,2024-03-13,FALSE,TRUE,NONE,1,AVAILABLE
BEN-RLY9PO,ACC-PCZ2O8N,Warda Memon,ACC-7YVR4NK,Axis Bank,CNRB0104475,FRIEND,2024-04-05,FALSE,TRUE,NONE,2,AVAILABLE
BEN-O09IA2,ACC-PCZ2O8N,BOOKMYSHOW,EXT-1ZXOI65,Yes Bank,YESB0195325,MERCHANT,2024-05-14,FALSE,TRUE,NONE,1,AVAILABLE
BEN-8Y7NG8,ACC-PCZ2O8N,BLINKIT,EXT-3JQIP98,IndusInd Bank,INDB0375504,MERCHANT,2024-05-24,FALSE,TRUE,NONE,1,AVAILABLE
BEN-6LY05U,ACC-PCZ2O8N,DMART ONLINE,EXT-VHS1K3A,IndusInd Bank,INDB0857168,MERCHANT,2024-06-16,FALSE,TRUE,NONE,1,AVAILABLE
BEN-Z86RG2,ACC-PCZ2O8N,Tanvi Atwal,ACC-NLC0QYP,Bank of Baroda,HDFC0356053,FRIEND,2024-07-03,FALSE,TRUE,NONE,1,AVAILABLE
BEN-WNF7VW,ACC-PCZ2O8N,ZOMATO,EXT-C38HYF9,Punjab National Bank,PUNB0407419,MERCHANT,2025-03-28,FALSE,TRUE,NONE,1,AVAILABLE
BEN-GXUI3P,ACC-PCZ2O8N,RAPIDO,EXT-7Q9AH8R,Canara Bank,CNRB0905934,MERCHANT,2025-04-29,FALSE,TRUE,NONE,1,AVAILABLE
BEN-1SYAMM,ACC-PCZ2O8N,Geetika Sura,ACC-FZGLI4U,Punjab National Bank,HDFC0835644,FRIEND,2025-07-01,FALSE,TRUE,NONE,1,AVAILABLE
BEN-T9OQFC,ACC-PCZ2O8N,TATA POWER BILLING,EXT-B9M80O2,Union Bank of India,UBIN0717889,MERCHANT,2025-10-23,FALSE,TRUE,NONE,1,AVAILABLE
BEN-TWBJM9,ACC-PL13YLG,DMART ONLINE,EXT-VHS1K3A,IndusInd Bank,INDB0857168,MERCHANT,2024-03-17,FALSE,TRUE,NONE,1,AVAILABLE
BEN-HGPIJ4,ACC-PL13YLG,ZOMATO,EXT-C38HYF9,Punjab National Bank,PUNB0407419,MERCHANT,2024-05-25,FALSE,TRUE,NONE,1,AVAILABLE
BEN-PP9BIO,ACC-PL13YLG,IRCTC,EXT-HJK1EYY,HDFC Bank,HDFC0724834,MERCHANT,2025-01-23,FALSE,TRUE,NONE,1,AVAILABLE
BEN-1AERGA,ACC-PL13YLG,MEDPLUS,EXT-JXK87AU,Axis Bank,UTIB0612340,MERCHANT,2025-03-02,FALSE,TRUE,NONE,1,AVAILABLE
BEN-B0KIXM,ACC-PL13YLG,Vedant Puri (Landlord),EXT-CP0BKNM,Kotak Mahindra Bank,UTIB0847875,UNKNOWN,2025-03-04,FALSE,TRUE,NONE,4,AVAILABLE
BEN-3TZVNI,ACC-PL13YLG,SWIGGY,EXT-AK1VRJN,Kotak Mahindra Bank,KOTAK0900581,MERCHANT,2025-07-05,FALSE,TRUE,NONE,1,AVAILABLE
BEN-C5V3K4,ACC-PL13YLG,RAPIDO,EXT-7Q9AH8R,Canara Bank,CNRB0905934,MERCHANT,2025-09-28,FALSE,TRUE,NONE,1,AVAILABLE
BEN-YTMDT5,ACC-PL13YLG,BIGBASKET,EXT-NREK8PK,Punjab National Bank,PUNB0584714,MERCHANT,2025-11-02,FALSE,TRUE,NONE,1,AVAILABLE
BEN-S60WV0,ACC-PNEE5DN,Aashi Varughese,ACC-2Z1UBYH,Canara Bank,INDB0625138,FRIEND,2024-07-12,FALSE,TRUE,NONE,2,AVAILABLE
BEN-7YUGXR,ACC-PNEE5DN,BOOKMYSHOW,EXT-1ZXOI65,Yes Bank,YESB0195325,MERCHANT,2024-07-30,FALSE,TRUE,NONE,1,AVAILABLE
BEN-D4O7E8,ACC-PNEE5DN,SWIGGY,EXT-AK1VRJN,Kotak Mahindra Bank,KOTAK0900581,MERCHANT,2024-10-10,FALSE,TRUE,NONE,1,AVAILABLE
BEN-V1ZYNL,ACC-PNEE5DN,ZOMATO,EXT-C38HYF9,Punjab National Bank,PUNB0407419,MERCHANT,2024-10-13,FALSE,TRUE,NONE,2,AVAILABLE
BEN-G5FOJM,ACC-PNEE5DN,DMART ONLINE,EXT-VHS1K3A,IndusInd Bank,INDB0857168,MERCHANT,2024-10-22,FALSE,TRUE,NONE,1,AVAILABLE
BEN-WFE759,ACC-PNEE5DN,Bhavika Nath,ACC-VQTRMI8,Kotak Mahindra Bank,INDB0567552,FRIEND,2025-01-07,FALSE,TRUE,NONE,2,AVAILABLE
BEN-CAVHZ0,ACC-PNEE5DN,Ishanvi Khare,ACC-IF3G3T3,Bank of Baroda,ICIC0101828,FRIEND,2025-03-02,FALSE,TRUE,NONE,2,AVAILABLE
BEN-WE4OZT,ACC-PNEE5DN,RELIANCE DIGITAL,EXT-Q6L6GT6,Yes Bank,YESB0738551,MERCHANT,2025-03-06,FALSE,TRUE,NONE,1,AVAILABLE
BEN-X52LFM,ACC-PNEE5DN,AMAZON PAY,EXT-OGYR3XK,IndusInd Bank,INDB0488162,MERCHANT,2025-10-12,FALSE,TRUE,NONE,1,AVAILABLE
BEN-H55D7F,ACC-PNEE5DN,TATA POWER BILLING,EXT-B9M80O2,Union Bank of India,UBIN0717889,MERCHANT,2025-10-15,FALSE,TRUE,NONE,1,AVAILABLE
BEN-QW9Z9G,ACC-PQ9YTXH,BLINKIT,EXT-3JQIP98,IndusInd Bank,INDB0375504,MERCHANT,2024-04-13,FALSE,TRUE,NONE,1,AVAILABLE
BEN-AHPTX5,ACC-PQ9YTXH,ZOMATO,EXT-C38HYF9,Punjab National Bank,PUNB0407419,MERCHANT,2024-07-11,FALSE,TRUE,NONE,1,AVAILABLE
BEN-B9DHB1,ACC-PQ9YTXH,JIO RECHARGE,EXT-ZRENUN5,Punjab National Bank,PUNB0514850,MERCHANT,2024-08-17,FALSE,TRUE,NONE,3,AVAILABLE
BEN-L1P2EW,ACC-PQ9YTXH,Dayita Chauhan,EXT-8GYEPYN,Bank of Baroda,CNRB0945396,UNKNOWN,2024-08-20,FALSE,TRUE,NONE,1,AVAILABLE
BEN-3BT7HF,ACC-PQ9YTXH,AMAZON PAY,EXT-OGYR3XK,IndusInd Bank,INDB0488162,MERCHANT,2024-11-04,FALSE,TRUE,NONE,1,AVAILABLE
BEN-P1BRN7,ACC-PQ9YTXH,BIGBASKET,EXT-NREK8PK,Punjab National Bank,PUNB0584714,MERCHANT,2024-11-22,FALSE,TRUE,NONE,1,AVAILABLE
BEN-5A7XVB,ACC-PQ9YTXH,INDIAN OIL,EXT-R9OUDOC,Bank of Baroda,BARB0944151,MERCHANT,2025-04-09,FALSE,TRUE,NONE,1,AVAILABLE
BEN-EYVJC7,ACC-PQ9YTXH,Krish Balan,ACC-CAIKVW2,Axis Bank,SBIN0827407,FAMILY,2025-05-25,FALSE,TRUE,NONE,3,AVAILABLE
BEN-85V7GC,ACC-PQ9YTXH,AIRTEL POSTPAID,EXT-8F1CBFN,IndusInd Bank,INDB0343962,MERCHANT,2025-09-22,FALSE,TRUE,NONE,1,AVAILABLE
BEN-N02DGF,ACC-PQ9YTXH,Indrajit Choudhury,ACC-R1UQKER,Axis Bank,PUNB0750924,FRIEND,2025-10-24,FALSE,TRUE,NONE,1,AVAILABLE
BEN-P0K7NI,ACC-PR8DOYW,Champak Salvi,ACC-SRQT0PA,IndusInd Bank,CNRB0778405,FRIEND,2024-04-12,FALSE,TRUE,NONE,1,AVAILABLE
BEN-H9UIRK,ACC-PR8DOYW,BLINKIT,EXT-3JQIP98,IndusInd Bank,INDB0375504,MERCHANT,2024-05-27,FALSE,TRUE,NONE,2,AVAILABLE
BEN-UQ1FWH,ACC-PR8DOYW,TATA POWER BILLING,EXT-B9M80O2,Union Bank of India,UBIN0717889,MERCHANT,2024-07-09,FALSE,TRUE,NONE,1,AVAILABLE
BEN-H8GXK1,ACC-PR8DOYW,RELIANCE DIGITAL,EXT-Q6L6GT6,Yes Bank,YESB0738551,MERCHANT,2024-07-17,FALSE,TRUE,NONE,1,AVAILABLE
BEN-GCEEJ5,ACC-PR8DOYW,Zansi Salvi,ACC-ZJ2O1XJ,Yes Bank,IDFB0907811,FRIEND,2024-07-28,FALSE,TRUE,NONE,2,AVAILABLE
BEN-TDBG5P,ACC-PR8DOYW,INDIAN OIL,EXT-R9OUDOC,Bank of Baroda,BARB0944151,MERCHANT,2024-09-30,FALSE,TRUE,NONE,1,AVAILABLE
BEN-ZL7X25,ACC-PR8DOYW,IRCTC,EXT-HJK1EYY,HDFC Bank,HDFC0724834,MERCHANT,2024-10-24,FALSE,TRUE,NONE,1,AVAILABLE
BEN-K0ZXCD,ACC-PR8DOYW,BOOKMYSHOW,EXT-1ZXOI65,Yes Bank,YESB0195325,MERCHANT,2024-10-30,FALSE,TRUE,NONE,1,AVAILABLE
BEN-7R2R3L,ACC-PR8DOYW,DMART ONLINE,EXT-VHS1K3A,IndusInd Bank,INDB0857168,MERCHANT,2025-04-20,FALSE,TRUE,NONE,1,AVAILABLE
BEN-83SWUV,ACC-Q02GKFS,RELIANCE DIGITAL,EXT-Q6L6GT6,Yes Bank,YESB0738551,MERCHANT,2024-04-02,FALSE,TRUE,NONE,1,AVAILABLE
BEN-P4S0RD,ACC-Q02GKFS,IRCTC,EXT-HJK1EYY,HDFC Bank,HDFC0724834,MERCHANT,2024-04-22,FALSE,TRUE,NONE,2,AVAILABLE
BEN-KL0W88,ACC-Q02GKFS,AMAZON PAY,EXT-OGYR3XK,IndusInd Bank,INDB0488162,MERCHANT,2024-07-18,FALSE,TRUE,NONE,1,AVAILABLE
BEN-TK5XMF,ACC-Q02GKFS,Harshil Mandal,ACC-FV4B1K1,Axis Bank,ICIC0810705,FRIEND,2025-01-06,FALSE,TRUE,NONE,2,AVAILABLE
BEN-9QXFJW,ACC-Q02GKFS,RAPIDO,EXT-7Q9AH8R,Canara Bank,CNRB0905934,MERCHANT,2025-01-07,FALSE,TRUE,NONE,1,AVAILABLE
BEN-H8BIFZ,ACC-Q02GKFS,Jackson Mital,ACC-772URMS,Kotak Mahindra Bank,SBIN0453978,FRIEND,2025-04-28,FALSE,TRUE,NONE,1,AVAILABLE
BEN-DFQA1S,ACC-Q02GKFS,BOOKMYSHOW,EXT-1ZXOI65,Yes Bank,YESB0195325,MERCHANT,2025-06-02,FALSE,TRUE,NONE,2,AVAILABLE
BEN-DE7S8Y,ACC-Q02GKFS,BIGBASKET,EXT-NREK8PK,Punjab National Bank,PUNB0584714,MERCHANT,2025-09-09,FALSE,TRUE,NONE,1,AVAILABLE
BEN-9SL46N,ACC-Q02GKFS,JIO RECHARGE,EXT-ZRENUN5,Punjab National Bank,PUNB0514850,MERCHANT,2025-09-25,FALSE,TRUE,NONE,1,AVAILABLE
BEN-9OBO60,ACC-Q2NS5MH,Dayita Pant,ACC-M5VWIPG,Canara Bank,HDFC0604873,FAMILY,2024-03-29,FALSE,TRUE,NONE,3,AVAILABLE
BEN-45YGK2,ACC-Q2NS5MH,JIO RECHARGE,EXT-ZRENUN5,Punjab National Bank,PUNB0514850,MERCHANT,2024-06-06,FALSE,TRUE,NONE,2,AVAILABLE
BEN-T0QFHP,ACC-Q2NS5MH,Falguni Sampath,ACC-TR5GOIT,Canara Bank,UBIN0385090,FAMILY,2024-08-16,FALSE,TRUE,NONE,1,AVAILABLE
BEN-Z7K212,ACC-Q2NS5MH,MEDPLUS,EXT-JXK87AU,Axis Bank,UTIB0612340,MERCHANT,2024-11-21,FALSE,TRUE,NONE,1,AVAILABLE
BEN-C6Y3UC,ACC-Q2NS5MH,BOOKMYSHOW,EXT-1ZXOI65,Yes Bank,YESB0195325,MERCHANT,2025-04-29,FALSE,TRUE,NONE,2,AVAILABLE
BEN-N4DR6V,ACC-Q2NS5MH,IRCTC,EXT-HJK1EYY,HDFC Bank,HDFC0724834,MERCHANT,2025-06-19,FALSE,TRUE,NONE,2,AVAILABLE
BEN-GE8OHC,ACC-Q2NS5MH,Eshana Cheema,ACC-T4M8JCI,Punjab National Bank,PUNB0667978,FAMILY,2025-10-15,FALSE,TRUE,NONE,3,AVAILABLE
BEN-YCLV57,ACC-Q5XVTHG,SWIGGY,EXT-AK1VRJN,Kotak Mahindra Bank,KOTAK0900581,MERCHANT,2024-06-05,FALSE,TRUE,NONE,1,AVAILABLE
BEN-7Z8M0T,ACC-Q5XVTHG,MEDPLUS,EXT-JXK87AU,Axis Bank,UTIB0612340,MERCHANT,2024-06-07,FALSE,TRUE,NONE,1,AVAILABLE
BEN-6WKCE8,ACC-Q5XVTHG,Yashawini Chatterjee,ACC-2TFKG9L,Bank of Baroda,UTIB0146368,FRIEND,2024-08-03,FALSE,TRUE,NONE,1,AVAILABLE
BEN-2CNJ2S,ACC-Q5XVTHG,RELIANCE DIGITAL,EXT-Q6L6GT6,Yes Bank,YESB0738551,MERCHANT,2024-08-18,FALSE,TRUE,NONE,1,AVAILABLE
BEN-N4IJCF,ACC-Q5XVTHG,BLINKIT,EXT-3JQIP98,IndusInd Bank,INDB0375504,MERCHANT,2024-09-19,FALSE,TRUE,NONE,1,AVAILABLE
BEN-G4CRWL,ACC-Q5XVTHG,TATA POWER BILLING,EXT-B9M80O2,Union Bank of India,UBIN0717889,MERCHANT,2025-04-06,FALSE,TRUE,NONE,1,AVAILABLE
BEN-QJQG6J,ACC-Q5XVTHG,RAPIDO,EXT-7Q9AH8R,Canara Bank,CNRB0905934,MERCHANT,2025-10-10,FALSE,TRUE,NONE,1,AVAILABLE
BEN-MBVN5B,ACC-Q5XVTHG,JIO RECHARGE,EXT-ZRENUN5,Punjab National Bank,PUNB0514850,MERCHANT,2025-10-14,FALSE,TRUE,NONE,3,AVAILABLE
BEN-5ZT3LM,ACC-Q6EW09U,JIO RECHARGE,EXT-ZRENUN5,Punjab National Bank,PUNB0514850,MERCHANT,2024-08-02,FALSE,TRUE,NONE,1,AVAILABLE
BEN-QY9A6F,ACC-Q6EW09U,INDIAN OIL,EXT-R9OUDOC,Bank of Baroda,BARB0944151,MERCHANT,2024-08-31,FALSE,TRUE,NONE,3,AVAILABLE
BEN-3UQZGX,ACC-Q6EW09U,DMART ONLINE,EXT-VHS1K3A,IndusInd Bank,INDB0857168,MERCHANT,2025-01-20,FALSE,TRUE,NONE,1,AVAILABLE
BEN-4UR73R,ACC-Q6EW09U,Daksh Sani,ACC-XGJ1QQ8,HDFC Bank,PUNB0536159,FRIEND,2025-04-04,FALSE,TRUE,NONE,3,AVAILABLE
BEN-A47D4L,ACC-Q6EW09U,RAPIDO,EXT-7Q9AH8R,Canara Bank,CNRB0905934,MERCHANT,2025-04-17,FALSE,TRUE,NONE,1,AVAILABLE
BEN-15CFPN,ACC-Q6EW09U,RELIANCE DIGITAL,EXT-Q6L6GT6,Yes Bank,YESB0738551,MERCHANT,2025-07-18,FALSE,TRUE,NONE,2,AVAILABLE
BEN-HZEIT1,ACC-Q6EW09U,Liam Thakur,ACC-8MFT3J4,Bank of Baroda,BARB0377971,FRIEND,2025-09-27,FALSE,TRUE,NONE,2,AVAILABLE
BEN-0NMRI6,ACC-Q6WHDH2,SWIGGY,EXT-AK1VRJN,Kotak Mahindra Bank,KOTAK0900581,MERCHANT,2024-05-23,FALSE,TRUE,NONE,1,AVAILABLE
BEN-2MG21Y,ACC-Q6WHDH2,JIO RECHARGE,EXT-ZRENUN5,Punjab National Bank,PUNB0514850,MERCHANT,2024-09-22,FALSE,TRUE,NONE,1,AVAILABLE
BEN-T6CLQ8,ACC-Q6WHDH2,MEDPLUS,EXT-JXK87AU,Axis Bank,UTIB0612340,MERCHANT,2024-11-13,FALSE,TRUE,NONE,1,AVAILABLE
BEN-WNX4Q3,ACC-Q6WHDH2,IRCTC,EXT-HJK1EYY,HDFC Bank,HDFC0724834,MERCHANT,2025-01-26,FALSE,TRUE,NONE,1,AVAILABLE
BEN-388XD1,ACC-Q6WHDH2,BLINKIT,EXT-3JQIP98,IndusInd Bank,INDB0375504,MERCHANT,2025-04-09,FALSE,TRUE,NONE,1,AVAILABLE
BEN-B7KWUA,ACC-Q6WHDH2,RAPIDO,EXT-7Q9AH8R,Canara Bank,CNRB0905934,MERCHANT,2025-08-26,FALSE,TRUE,NONE,1,AVAILABLE
BEN-06QDXI,ACC-QBCV0QM,BLINKIT,EXT-3JQIP98,IndusInd Bank,INDB0375504,MERCHANT,2024-06-11,FALSE,TRUE,NONE,1,AVAILABLE
BEN-W0LOQE,ACC-QBCV0QM,Yashica Suri (Landlord),EXT-36BLOPE,Yes Bank,ICIC0409024,UNKNOWN,2024-09-22,FALSE,TRUE,NONE,4,AVAILABLE
BEN-L3RFLW,ACC-QBCV0QM,JIO RECHARGE,EXT-ZRENUN5,Punjab National Bank,PUNB0514850,MERCHANT,2024-10-13,FALSE,TRUE,NONE,1,AVAILABLE
BEN-J340TG,ACC-QBCV0QM,RELIANCE DIGITAL,EXT-Q6L6GT6,Yes Bank,YESB0738551,MERCHANT,2024-11-12,FALSE,TRUE,NONE,1,AVAILABLE
BEN-0OD6G6,ACC-QBCV0QM,SWIGGY,EXT-AK1VRJN,Kotak Mahindra Bank,KOTAK0900581,MERCHANT,2025-01-12,FALSE,TRUE,NONE,1,AVAILABLE
BEN-69MNDI,ACC-QBCV0QM,Azad Mittal,EXT-7IZPE84,Canara Bank,YESB0667955,UNKNOWN,2025-04-10,FALSE,TRUE,NONE,1,AVAILABLE
BEN-7O0ZJK,ACC-QBCV0QM,RAPIDO,EXT-7Q9AH8R,Canara Bank,CNRB0905934,MERCHANT,2025-04-27,FALSE,TRUE,NONE,1,AVAILABLE
BEN-AA3KTR,ACC-QBCV0QM,MEDPLUS,EXT-JXK87AU,Axis Bank,UTIB0612340,MERCHANT,2025-05-20,FALSE,TRUE,NONE,1,AVAILABLE
BEN-1DV42O,ACC-QBCV0QM,ZOMATO,EXT-C38HYF9,Punjab National Bank,PUNB0407419,MERCHANT,2025-07-05,FALSE,TRUE,NONE,1,AVAILABLE
BEN-2L2R52,ACC-QEG9DDV,BLINKIT,EXT-3JQIP98,IndusInd Bank,INDB0375504,MERCHANT,2024-04-13,FALSE,TRUE,NONE,1,AVAILABLE
BEN-PL7DCU,ACC-QEG9DDV,IRCTC,EXT-HJK1EYY,HDFC Bank,HDFC0724834,MERCHANT,2024-06-25,FALSE,TRUE,NONE,1,AVAILABLE
BEN-2HQX1L,ACC-QEG9DDV,TATA POWER BILLING,EXT-B9M80O2,Union Bank of India,UBIN0717889,MERCHANT,2024-10-01,FALSE,TRUE,NONE,1,AVAILABLE
BEN-IU08CI,ACC-QEG9DDV,BIGBASKET,EXT-NREK8PK,Punjab National Bank,PUNB0584714,MERCHANT,2025-01-05,FALSE,TRUE,NONE,1,AVAILABLE
BEN-B4OIMO,ACC-QEG9DDV,INDIAN OIL,EXT-R9OUDOC,Bank of Baroda,BARB0944151,MERCHANT,2025-03-18,FALSE,TRUE,NONE,1,AVAILABLE
BEN-P36AFR,ACC-QEG9DDV,Samar Kala,ACC-95IUZ6Y,IndusInd Bank,SBIN0772338,FAMILY,2025-03-24,FALSE,TRUE,NONE,1,AVAILABLE
BEN-TCA1H7,ACC-QEG9DDV,DMART ONLINE,EXT-VHS1K3A,IndusInd Bank,INDB0857168,MERCHANT,2025-04-05,FALSE,TRUE,NONE,1,AVAILABLE
BEN-YLW97N,ACC-QEG9DDV,AIRTEL POSTPAID,EXT-8F1CBFN,IndusInd Bank,INDB0343962,MERCHANT,2025-04-08,FALSE,TRUE,NONE,1,AVAILABLE
BEN-547Q5M,ACC-QEG9DDV,JIO RECHARGE,EXT-ZRENUN5,Punjab National Bank,PUNB0514850,MERCHANT,2025-05-01,FALSE,TRUE,NONE,1,AVAILABLE
BEN-V691LC,ACC-QEG9DDV,ZOMATO,EXT-C38HYF9,Punjab National Bank,PUNB0407419,MERCHANT,2025-09-15,FALSE,TRUE,NONE,1,AVAILABLE
BEN-5KNEHV,ACC-QEG9DDV,Orinder Rege,ACC-1KDGW4L,HDFC Bank,ICIC0533538,FRIEND,2025-10-05,FALSE,TRUE,NONE,2,AVAILABLE
BEN-SB1TOC,ACC-QF5WXW7,AMAZON PAY,EXT-OGYR3XK,IndusInd Bank,INDB0488162,MERCHANT,2024-06-22,FALSE,TRUE,NONE,1,AVAILABLE
BEN-JVRXA8,ACC-QF5WXW7,BOOKMYSHOW,EXT-1ZXOI65,Yes Bank,YESB0195325,MERCHANT,2024-09-14,FALSE,TRUE,NONE,1,AVAILABLE
BEN-JXC9EO,ACC-QF5WXW7,Raksha Pant,ACC-C04T2VY,HDFC Bank,HDFC0841982,FAMILY,2024-09-25,FALSE,TRUE,NONE,2,AVAILABLE
BEN-ETJJG7,ACC-QF5WXW7,RAPIDO,EXT-7Q9AH8R,Canara Bank,CNRB0905934,MERCHANT,2025-03-10,FALSE,TRUE,NONE,1,AVAILABLE
BEN-57RDR1,ACC-QF5WXW7,DMART ONLINE,EXT-VHS1K3A,IndusInd Bank,INDB0857168,MERCHANT,2025-05-09,FALSE,TRUE,NONE,1,AVAILABLE
BEN-93L6RB,ACC-QF5WXW7,RELIANCE DIGITAL,EXT-Q6L6GT6,Yes Bank,YESB0738551,MERCHANT,2025-06-01,FALSE,TRUE,NONE,2,AVAILABLE
BEN-B5HGSH,ACC-QFHG8KS,AMAZON PAY,EXT-OGYR3XK,IndusInd Bank,INDB0488162,MERCHANT,2024-05-25,FALSE,TRUE,NONE,2,AVAILABLE
BEN-1QW4R2,ACC-QFHG8KS,Noah Bora (Landlord),EXT-DSYNW35,Yes Bank,YESB0707708,UNKNOWN,2024-07-05,FALSE,TRUE,NONE,4,AVAILABLE
BEN-79WMSG,ACC-QFHG8KS,DMART ONLINE,EXT-VHS1K3A,IndusInd Bank,INDB0857168,MERCHANT,2025-03-10,FALSE,TRUE,NONE,1,AVAILABLE
BEN-VRVJ2C,ACC-QFHG8KS,MEDPLUS,EXT-JXK87AU,Axis Bank,UTIB0612340,MERCHANT,2025-03-22,FALSE,TRUE,NONE,2,AVAILABLE
BEN-SU693O,ACC-QFHG8KS,INDIAN OIL,EXT-R9OUDOC,Bank of Baroda,BARB0944151,MERCHANT,2025-08-24,FALSE,TRUE,NONE,1,AVAILABLE
BEN-OZVZ96,ACC-QFHG8KS,AIRTEL POSTPAID,EXT-8F1CBFN,IndusInd Bank,INDB0343962,MERCHANT,2025-10-10,FALSE,TRUE,NONE,1,AVAILABLE
BEN-Y9GUDO,ACC-QG18BAZ,INDIAN OIL,EXT-R9OUDOC,Bank of Baroda,BARB0944151,MERCHANT,2024-03-19,FALSE,TRUE,NONE,2,AVAILABLE
BEN-S0F6DG,ACC-QG18BAZ,AMAZON PAY,EXT-OGYR3XK,IndusInd Bank,INDB0488162,MERCHANT,2024-06-21,FALSE,TRUE,NONE,1,AVAILABLE
BEN-44UG3O,ACC-QG18BAZ,IRCTC,EXT-HJK1EYY,HDFC Bank,HDFC0724834,MERCHANT,2024-08-02,FALSE,TRUE,NONE,2,AVAILABLE
BEN-CYZW02,ACC-QG18BAZ,MEDPLUS,EXT-JXK87AU,Axis Bank,UTIB0612340,MERCHANT,2024-08-31,FALSE,TRUE,NONE,1,AVAILABLE
BEN-SHY7MK,ACC-QG18BAZ,ZOMATO,EXT-C38HYF9,Punjab National Bank,PUNB0407419,MERCHANT,2024-09-05,FALSE,TRUE,NONE,1,AVAILABLE
BEN-QHXM92,ACC-QG18BAZ,DMART ONLINE,EXT-VHS1K3A,IndusInd Bank,INDB0857168,MERCHANT,2024-12-21,FALSE,TRUE,NONE,1,AVAILABLE
BEN-AEZR4N,ACC-QG18BAZ,BLINKIT,EXT-3JQIP98,IndusInd Bank,INDB0375504,MERCHANT,2025-02-22,FALSE,TRUE,NONE,1,AVAILABLE
BEN-F1G2D6,ACC-QHDK3Z4,BIGBASKET,EXT-NREK8PK,Punjab National Bank,PUNB0584714,MERCHANT,2024-05-02,FALSE,TRUE,NONE,3,AVAILABLE
BEN-4FTDQK,ACC-QHDK3Z4,AIRTEL POSTPAID,EXT-8F1CBFN,IndusInd Bank,INDB0343962,MERCHANT,2024-06-13,FALSE,TRUE,NONE,2,AVAILABLE
BEN-PREFG8,ACC-QHDK3Z4,JIO RECHARGE,EXT-ZRENUN5,Punjab National Bank,PUNB0514850,MERCHANT,2024-10-07,FALSE,TRUE,NONE,1,AVAILABLE
BEN-P26ZUC,ACC-QHDK3Z4,IRCTC,EXT-HJK1EYY,HDFC Bank,HDFC0724834,MERCHANT,2024-10-07,FALSE,TRUE,NONE,1,AVAILABLE
BEN-T8U6R3,ACC-QHDK3Z4,Kashvi Goel,ACC-XQS3H4D,Canara Bank,UTIB0775773,FAMILY,2024-10-13,FALSE,TRUE,NONE,2,AVAILABLE
BEN-SA32U2,ACC-QHDK3Z4,Osha Manne (Landlord),EXT-7FB3AXH,Yes Bank,INDB0562993,UNKNOWN,2025-06-09,FALSE,TRUE,NONE,4,AVAILABLE
BEN-65965C,ACC-QHDK3Z4,RAPIDO,EXT-7Q9AH8R,Canara Bank,CNRB0905934,MERCHANT,2025-08-27,FALSE,TRUE,NONE,1,AVAILABLE
BEN-O2SN55,ACC-QPR4VXL,BOOKMYSHOW,EXT-1ZXOI65,Yes Bank,YESB0195325,MERCHANT,2024-05-14,FALSE,TRUE,NONE,1,AVAILABLE
BEN-7GQMMG,ACC-QPR4VXL,AIRTEL POSTPAID,EXT-8F1CBFN,IndusInd Bank,INDB0343962,MERCHANT,2024-07-28,FALSE,TRUE,NONE,1,AVAILABLE
BEN-5LW8D5,ACC-QPR4VXL,BLINKIT,EXT-3JQIP98,IndusInd Bank,INDB0375504,MERCHANT,2024-08-06,FALSE,TRUE,NONE,1,AVAILABLE
BEN-QCW5IP,ACC-QPR4VXL,RELIANCE DIGITAL,EXT-Q6L6GT6,Yes Bank,YESB0738551,MERCHANT,2024-11-16,FALSE,TRUE,NONE,3,AVAILABLE
BEN-XE2KTF,ACC-QPR4VXL,Turvi Kar (Landlord),EXT-JV9YC89,HDFC Bank,BARB0252235,UNKNOWN,2025-04-09,FALSE,TRUE,NONE,5,AVAILABLE
BEN-9NGZV4,ACC-QPR4VXL,BIGBASKET,EXT-NREK8PK,Punjab National Bank,PUNB0584714,MERCHANT,2025-05-21,FALSE,TRUE,NONE,1,AVAILABLE
BEN-050R62,ACC-QT68YT0,MEDPLUS,EXT-JXK87AU,Axis Bank,UTIB0612340,MERCHANT,2024-10-10,FALSE,TRUE,NONE,1,AVAILABLE
BEN-J9TI8U,ACC-QT68YT0,TATA POWER BILLING,EXT-B9M80O2,Union Bank of India,UBIN0717889,MERCHANT,2024-10-16,FALSE,TRUE,NONE,1,AVAILABLE
BEN-2BPX1X,ACC-QT68YT0,BOOKMYSHOW,EXT-1ZXOI65,Yes Bank,YESB0195325,MERCHANT,2025-04-12,FALSE,TRUE,NONE,3,AVAILABLE
BEN-7VAM6N,ACC-QT68YT0,AMAZON PAY,EXT-OGYR3XK,IndusInd Bank,INDB0488162,MERCHANT,2025-05-27,FALSE,TRUE,NONE,2,AVAILABLE
BEN-IADW93,ACC-QZ3PM7V,Bhanumati Pingle,ACC-TKMP1LP,IndusInd Bank,KOTAK0909271,FAMILY,2024-03-16,FALSE,TRUE,NONE,1,AVAILABLE
BEN-DQGL2E,ACC-QZ3PM7V,RAPIDO,EXT-7Q9AH8R,Canara Bank,CNRB0905934,MERCHANT,2024-05-11,FALSE,TRUE,NONE,1,AVAILABLE
BEN-OWPP35,ACC-QZ3PM7V,SWIGGY,EXT-AK1VRJN,Kotak Mahindra Bank,KOTAK0900581,MERCHANT,2024-06-20,FALSE,TRUE,NONE,1,AVAILABLE
BEN-EKJJ0T,ACC-QZ3PM7V,BLINKIT,EXT-3JQIP98,IndusInd Bank,INDB0375504,MERCHANT,2024-09-06,FALSE,TRUE,NONE,1,AVAILABLE
BEN-JEIN59,ACC-QZ3PM7V,Aarav Minhas,ACC-4JNUCYD,Yes Bank,ICIC0258979,FAMILY,2024-10-02,FALSE,TRUE,NONE,3,AVAILABLE
BEN-SJY0LT,ACC-QZ3PM7V,BOOKMYSHOW,EXT-1ZXOI65,Yes Bank,YESB0195325,MERCHANT,2024-10-05,FALSE,TRUE,NONE,1,AVAILABLE
BEN-Y9P97P,ACC-QZ3PM7V,DMART ONLINE,EXT-VHS1K3A,IndusInd Bank,INDB0857168,MERCHANT,2025-01-29,FALSE,TRUE,NONE,1,AVAILABLE
BEN-74FS0D,ACC-QZ3PM7V,TATA POWER BILLING,EXT-B9M80O2,Union Bank of India,UBIN0717889,MERCHANT,2025-09-11,FALSE,TRUE,NONE,2,AVAILABLE
BEN-0NKGTG,ACC-R1UQKER,Sathvik Ravel,ACC-E3YVZMZ,Axis Bank,SBIN0845631,FRIEND,2024-06-10,FALSE,TRUE,NONE,1,AVAILABLE
BEN-D0RZ4P,ACC-R1UQKER,TATA POWER BILLING,EXT-B9M80O2,Union Bank of India,UBIN0717889,MERCHANT,2024-06-29,FALSE,TRUE,NONE,1,AVAILABLE
BEN-D74FBV,ACC-R1UQKER,BOOKMYSHOW,EXT-1ZXOI65,Yes Bank,YESB0195325,MERCHANT,2024-07-12,FALSE,TRUE,NONE,1,AVAILABLE
BEN-DH3A57,ACC-R1UQKER,BIGBASKET,EXT-NREK8PK,Punjab National Bank,PUNB0584714,MERCHANT,2024-10-25,FALSE,TRUE,NONE,1,AVAILABLE
BEN-GDF18I,ACC-R1UQKER,SWIGGY,EXT-AK1VRJN,Kotak Mahindra Bank,KOTAK0900581,MERCHANT,2024-10-30,FALSE,TRUE,NONE,1,AVAILABLE
BEN-C1RGI4,ACC-R1UQKER,IRCTC,EXT-HJK1EYY,HDFC Bank,HDFC0724834,MERCHANT,2024-11-15,FALSE,TRUE,NONE,1,AVAILABLE
BEN-Z20LAM,ACC-R1UQKER,ZOMATO,EXT-C38HYF9,Punjab National Bank,PUNB0407419,MERCHANT,2025-01-07,FALSE,TRUE,NONE,1,AVAILABLE
BEN-O0H6JV,ACC-R1UQKER,Amrita Sule,ACC-I9NWRI1,HDFC Bank,INDB0701977,FAMILY,2025-05-01,FALSE,TRUE,NONE,2,AVAILABLE
BEN-6Z9MTR,ACC-R1UQKER,Om Sen,EXT-H5J8P3A,Canara Bank,KOTAK0650781,UNKNOWN,2025-09-28,FALSE,TRUE,NONE,1,AVAILABLE
BEN-8VUCNE,ACC-R1UQKER,RAPIDO,EXT-7Q9AH8R,Canara Bank,CNRB0905934,MERCHANT,2025-10-14,FALSE,TRUE,NONE,3,AVAILABLE
BEN-07FVZV,ACC-R37F7FP,AMAZON PAY,EXT-OGYR3XK,IndusInd Bank,INDB0488162,MERCHANT,2024-04-01,FALSE,TRUE,NONE,1,AVAILABLE
BEN-50T6QB,ACC-R37F7FP,RAPIDO,EXT-7Q9AH8R,Canara Bank,CNRB0905934,MERCHANT,2024-04-04,FALSE,TRUE,NONE,1,AVAILABLE
BEN-MFGY05,ACC-R37F7FP,BLINKIT,EXT-3JQIP98,IndusInd Bank,INDB0375504,MERCHANT,2024-08-08,FALSE,TRUE,NONE,1,AVAILABLE
BEN-SV0DP7,ACC-R37F7FP,TATA POWER BILLING,EXT-B9M80O2,Union Bank of India,UBIN0717889,MERCHANT,2024-11-18,FALSE,TRUE,NONE,2,AVAILABLE
BEN-9BDD5J,ACC-R37F7FP,RELIANCE DIGITAL,EXT-Q6L6GT6,Yes Bank,YESB0738551,MERCHANT,2025-04-02,FALSE,TRUE,NONE,1,AVAILABLE
BEN-K8U1C7,ACC-R37F7FP,ZOMATO,EXT-C38HYF9,Punjab National Bank,PUNB0407419,MERCHANT,2025-08-06,FALSE,TRUE,NONE,1,AVAILABLE
BEN-O05GVT,ACC-R37F7FP,AIRTEL POSTPAID,EXT-8F1CBFN,IndusInd Bank,INDB0343962,MERCHANT,2025-08-16,FALSE,TRUE,NONE,1,AVAILABLE
BEN-R1LEQL,ACC-R7CETEN,IRCTC,EXT-HJK1EYY,HDFC Bank,HDFC0724834,MERCHANT,2024-05-27,FALSE,TRUE,NONE,1,AVAILABLE
BEN-L4JR84,ACC-R7CETEN,BLINKIT,EXT-3JQIP98,IndusInd Bank,INDB0375504,MERCHANT,2024-06-29,FALSE,TRUE,NONE,1,AVAILABLE
BEN-DYSN4K,ACC-R7CETEN,RAPIDO,EXT-7Q9AH8R,Canara Bank,CNRB0905934,MERCHANT,2024-07-04,FALSE,TRUE,NONE,1,AVAILABLE
BEN-0P8I3J,ACC-R7CETEN,ZOMATO,EXT-C38HYF9,Punjab National Bank,PUNB0407419,MERCHANT,2024-10-20,FALSE,TRUE,NONE,1,AVAILABLE
BEN-NBHA66,ACC-R7CETEN,Ubika Dubey (Landlord),EXT-1O4HOTJ,IndusInd Bank,BARB0584032,UNKNOWN,2025-02-07,FALSE,TRUE,NONE,5,AVAILABLE
BEN-CZ5DOC,ACC-R7CETEN,INDIAN OIL,EXT-R9OUDOC,Bank of Baroda,BARB0944151,MERCHANT,2025-07-07,FALSE,TRUE,NONE,1,AVAILABLE
BEN-4YCTZC,ACC-R7CETEN,TATA POWER BILLING,EXT-B9M80O2,Union Bank of India,UBIN0717889,MERCHANT,2025-09-03,FALSE,TRUE,NONE,1,AVAILABLE
BEN-GKZ95D,ACC-R9KE7J2,RAPIDO,EXT-7Q9AH8R,Canara Bank,CNRB0905934,MERCHANT,2024-03-17,FALSE,TRUE,NONE,3,AVAILABLE
BEN-TT03TP,ACC-R9KE7J2,SWIGGY,EXT-AK1VRJN,Kotak Mahindra Bank,KOTAK0900581,MERCHANT,2024-03-28,FALSE,TRUE,NONE,1,AVAILABLE
BEN-2S3RBD,ACC-R9KE7J2,INDIAN OIL,EXT-R9OUDOC,Bank of Baroda,BARB0944151,MERCHANT,2024-07-27,FALSE,TRUE,NONE,1,AVAILABLE
BEN-26O5Y2,ACC-R9KE7J2,IRCTC,EXT-HJK1EYY,HDFC Bank,HDFC0724834,MERCHANT,2024-10-20,FALSE,TRUE,NONE,1,AVAILABLE
BEN-ADBR25,ACC-R9RIGPP,AMAZON PAY,EXT-OGYR3XK,IndusInd Bank,INDB0488162,MERCHANT,2024-03-21,FALSE,TRUE,NONE,1,AVAILABLE
BEN-75BK16,ACC-R9RIGPP,SWIGGY,EXT-AK1VRJN,Kotak Mahindra Bank,KOTAK0900581,MERCHANT,2024-04-11,FALSE,TRUE,NONE,1,AVAILABLE
BEN-QDLV24,ACC-R9RIGPP,BLINKIT,EXT-3JQIP98,IndusInd Bank,INDB0375504,MERCHANT,2024-09-15,FALSE,TRUE,NONE,1,AVAILABLE
BEN-2DSR5J,ACC-R9RIGPP,JIO RECHARGE,EXT-ZRENUN5,Punjab National Bank,PUNB0514850,MERCHANT,2025-04-30,FALSE,TRUE,NONE,1,AVAILABLE
BEN-1ZTBYQ,ACC-R9RIGPP,RELIANCE DIGITAL,EXT-Q6L6GT6,Yes Bank,YESB0738551,MERCHANT,2025-07-10,FALSE,TRUE,NONE,1,AVAILABLE
BEN-4TYIKY,ACC-R9RIGPP,AIRTEL POSTPAID,EXT-8F1CBFN,IndusInd Bank,INDB0343962,MERCHANT,2025-09-12,FALSE,TRUE,NONE,2,AVAILABLE
BEN-2TY5QD,ACC-RDEZX6K,AIRTEL POSTPAID,EXT-8F1CBFN,IndusInd Bank,INDB0343962,MERCHANT,2024-05-15,FALSE,TRUE,NONE,1,AVAILABLE
BEN-UH8I62,ACC-RDEZX6K,DMART ONLINE,EXT-VHS1K3A,IndusInd Bank,INDB0857168,MERCHANT,2024-08-04,FALSE,TRUE,NONE,1,AVAILABLE
BEN-0G5X1M,ACC-RDEZX6K,IRCTC,EXT-HJK1EYY,HDFC Bank,HDFC0724834,MERCHANT,2024-09-17,FALSE,TRUE,NONE,1,AVAILABLE
BEN-PL5UMQ,ACC-RDEZX6K,INDIAN OIL,EXT-R9OUDOC,Bank of Baroda,BARB0944151,MERCHANT,2024-09-23,FALSE,TRUE,NONE,1,AVAILABLE
BEN-0YJENL,ACC-RDEZX6K,JIO RECHARGE,EXT-ZRENUN5,Punjab National Bank,PUNB0514850,MERCHANT,2024-11-20,FALSE,TRUE,NONE,2,AVAILABLE
BEN-RSD2M2,ACC-RIH330K,Tristan Gola,ACC-R1UQKER,State Bank of India,HDFC0942905,FRIEND,2024-08-07,FALSE,TRUE,NONE,1,AVAILABLE
BEN-R1XS2X,ACC-RIH330K,BLINKIT,EXT-3JQIP98,IndusInd Bank,INDB0375504,MERCHANT,2024-08-29,FALSE,TRUE,NONE,2,AVAILABLE
BEN-V16K4H,ACC-RIH330K,RELIANCE DIGITAL,EXT-Q6L6GT6,Yes Bank,YESB0738551,MERCHANT,2024-10-01,FALSE,TRUE,NONE,1,AVAILABLE
BEN-0OMIN8,ACC-RIH330K,MEDPLUS,EXT-JXK87AU,Axis Bank,UTIB0612340,MERCHANT,2024-12-06,FALSE,TRUE,NONE,1,AVAILABLE
BEN-8AY7M9,ACC-RIH330K,IRCTC,EXT-HJK1EYY,HDFC Bank,HDFC0724834,MERCHANT,2025-05-04,FALSE,TRUE,NONE,2,AVAILABLE
BEN-ZH1TEZ,ACC-RIH330K,INDIAN OIL,EXT-R9OUDOC,Bank of Baroda,BARB0944151,MERCHANT,2025-08-30,FALSE,TRUE,NONE,1,AVAILABLE
BEN-B0Q8QZ,ACC-RIH330K,SWIGGY,EXT-AK1VRJN,Kotak Mahindra Bank,KOTAK0900581,MERCHANT,2025-10-16,FALSE,TRUE,NONE,2,AVAILABLE
BEN-V3OMDK,ACC-RMJ1BMF,BLINKIT,EXT-3JQIP98,IndusInd Bank,INDB0375504,MERCHANT,2024-04-17,FALSE,TRUE,NONE,1,AVAILABLE
BEN-49A9D6,ACC-RMJ1BMF,TATA POWER BILLING,EXT-B9M80O2,Union Bank of India,UBIN0717889,MERCHANT,2024-06-06,FALSE,TRUE,NONE,1,AVAILABLE
BEN-OK6600,ACC-RMJ1BMF,Vansha Toor,ACC-C3DXMRX,State Bank of India,SBIN0296819,FRIEND,2024-07-04,FALSE,TRUE,NONE,2,AVAILABLE
BEN-JLCL91,ACC-RMJ1BMF,Gaurangi Chaudry,ACC-VTEGB41,Union Bank of India,BARB0815924,FAMILY,2024-11-23,FALSE,TRUE,NONE,1,AVAILABLE
BEN-BHV23Y,ACC-RMJ1BMF,AMAZON PAY,EXT-OGYR3XK,IndusInd Bank,INDB0488162,MERCHANT,2024-12-22,FALSE,TRUE,NONE,2,AVAILABLE
BEN-ABM6KH,ACC-RMJ1BMF,BOOKMYSHOW,EXT-1ZXOI65,Yes Bank,YESB0195325,MERCHANT,2025-02-12,FALSE,TRUE,NONE,1,AVAILABLE
BEN-29IB1M,ACC-RMJ1BMF,BIGBASKET,EXT-NREK8PK,Punjab National Bank,PUNB0584714,MERCHANT,2025-06-01,FALSE,TRUE,NONE,1,AVAILABLE
BEN-JE6OU5,ACC-RMJ1BMF,ZOMATO,EXT-C38HYF9,Punjab National Bank,PUNB0407419,MERCHANT,2025-07-25,FALSE,TRUE,NONE,1,AVAILABLE
BEN-0KIAUJ,ACC-RNKK5FI,AIRTEL POSTPAID,EXT-8F1CBFN,IndusInd Bank,INDB0343962,MERCHANT,2024-03-31,FALSE,TRUE,NONE,1,AVAILABLE
BEN-1KEQ8V,ACC-RNKK5FI,Saanvi Kade,ACC-6HHR8X8,Axis Bank,PUNB0214562,FAMILY,2024-04-06,FALSE,TRUE,NONE,3,AVAILABLE
BEN-LCM9TV,ACC-RNKK5FI,AMAZON PAY,EXT-OGYR3XK,IndusInd Bank,INDB0488162,MERCHANT,2024-06-24,FALSE,TRUE,NONE,1,AVAILABLE
BEN-AEK7OU,ACC-RNKK5FI,JIO RECHARGE,EXT-ZRENUN5,Punjab National Bank,PUNB0514850,MERCHANT,2024-09-25,FALSE,TRUE,NONE,1,AVAILABLE
BEN-HUU1QO,ACC-RNKK5FI,Kavya Vyas,ACC-1KDGW4L,Bank of Baroda,BARB0616582,FAMILY,2024-10-23,FALSE,TRUE,NONE,1,AVAILABLE
BEN-DF5MY3,ACC-RNKK5FI,BIGBASKET,EXT-NREK8PK,Punjab National Bank,PUNB0584714,MERCHANT,2025-03-06,FALSE,TRUE,NONE,2,AVAILABLE
BEN-F3A3XM,ACC-RNKK5FI,Chaitaly Narasimhan,ACC-JWSOYH5,Union Bank of India,KOTAK0708995,FRIEND,2025-05-11,FALSE,TRUE,NONE,1,AVAILABLE
BEN-FA42WJ,ACC-RNKK5FI,RELIANCE DIGITAL,EXT-Q6L6GT6,Yes Bank,YESB0738551,MERCHANT,2025-07-09,FALSE,TRUE,NONE,1,AVAILABLE
BEN-PY3TIY,ACC-RNKK5FI,SWIGGY,EXT-AK1VRJN,Kotak Mahindra Bank,KOTAK0900581,MERCHANT,2025-10-14,FALSE,TRUE,NONE,1,AVAILABLE
BEN-IZYL9A,ACC-RNKK5FI,TATA POWER BILLING,EXT-B9M80O2,Union Bank of India,UBIN0717889,MERCHANT,2025-10-25,FALSE,TRUE,NONE,1,AVAILABLE
BEN-EB1TA2,ACC-RYI0M7P,MEDPLUS,EXT-JXK87AU,Axis Bank,UTIB0612340,MERCHANT,2024-11-04,FALSE,TRUE,NONE,1,AVAILABLE
BEN-ZCS841,ACC-RYI0M7P,BLINKIT,EXT-3JQIP98,IndusInd Bank,INDB0375504,MERCHANT,2024-11-09,FALSE,TRUE,NONE,2,AVAILABLE
BEN-KGZP4X,ACC-RYI0M7P,SWIGGY,EXT-AK1VRJN,Kotak Mahindra Bank,KOTAK0900581,MERCHANT,2024-12-31,FALSE,TRUE,NONE,1,AVAILABLE
BEN-N6TYWV,ACC-RYI0M7P,AMAZON PAY,EXT-OGYR3XK,IndusInd Bank,INDB0488162,MERCHANT,2025-01-10,FALSE,TRUE,NONE,1,AVAILABLE
BEN-CW6QQP,ACC-RYI0M7P,TATA POWER BILLING,EXT-B9M80O2,Union Bank of India,UBIN0717889,MERCHANT,2025-08-25,FALSE,TRUE,NONE,1,AVAILABLE
BEN-9TXU0Z,ACC-RYI0M7P,AIRTEL POSTPAID,EXT-8F1CBFN,IndusInd Bank,INDB0343962,MERCHANT,2025-08-26,FALSE,TRUE,NONE,1,AVAILABLE
BEN-F3KA3F,ACC-RYI0M7P,JIO RECHARGE,EXT-ZRENUN5,Punjab National Bank,PUNB0514850,MERCHANT,2025-10-26,FALSE,TRUE,NONE,2,AVAILABLE
BEN-X3J403,ACC-S1UQ7WI,RAPIDO,EXT-7Q9AH8R,Canara Bank,CNRB0905934,MERCHANT,2024-03-21,FALSE,TRUE,NONE,1,AVAILABLE
BEN-TRTR36,ACC-S1UQ7WI,MEDPLUS,EXT-JXK87AU,Axis Bank,UTIB0612340,MERCHANT,2024-04-29,FALSE,TRUE,NONE,1,AVAILABLE
BEN-2RWC9R,ACC-S1UQ7WI,INDIAN OIL,EXT-R9OUDOC,Bank of Baroda,BARB0944151,MERCHANT,2024-04-30,FALSE,TRUE,NONE,1,AVAILABLE
BEN-CWBVT0,ACC-S1UQ7WI,JIO RECHARGE,EXT-ZRENUN5,Punjab National Bank,PUNB0514850,MERCHANT,2024-06-24,FALSE,TRUE,NONE,1,AVAILABLE
BEN-D28AH7,ACC-S1UQ7WI,Dipta Choudhry,EXT-Y1DOSIR,Punjab National Bank,SBIN0876010,UNKNOWN,2024-12-02,FALSE,TRUE,NONE,1,AVAILABLE
BEN-O1RM61,ACC-S1UQ7WI,SWIGGY,EXT-AK1VRJN,Kotak Mahindra Bank,KOTAK0900581,MERCHANT,2025-01-11,FALSE,TRUE,NONE,1,AVAILABLE
BEN-S5KW4H,ACC-S1UQ7WI,IRCTC,EXT-HJK1EYY,HDFC Bank,HDFC0724834,MERCHANT,2025-01-13,FALSE,TRUE,NONE,1,AVAILABLE
BEN-JEV9NT,ACC-S1UQ7WI,BLINKIT,EXT-3JQIP98,IndusInd Bank,INDB0375504,MERCHANT,2025-02-08,FALSE,TRUE,NONE,1,AVAILABLE
BEN-VV54VL,ACC-S1UQ7WI,Ojas Chowdhury,ACC-DY7084P,Kotak Mahindra Bank,UTIB0447616,FAMILY,2025-03-17,FALSE,TRUE,NONE,3,AVAILABLE
BEN-QNED5L,ACC-S1UQ7WI,AMAZON PAY,EXT-OGYR3XK,IndusInd Bank,INDB0488162,MERCHANT,2025-09-20,FALSE,TRUE,NONE,2,AVAILABLE
BEN-L4H438,ACC-SCH53XD,Amrita Kuruvilla,ACC-K9XH0HH,Bank of Baroda,IDFB0824955,FAMILY,2024-06-04,FALSE,TRUE,NONE,2,AVAILABLE
BEN-UWBI0G,ACC-SCH53XD,TATA POWER BILLING,EXT-B9M80O2,Union Bank of India,UBIN0717889,MERCHANT,2024-08-21,FALSE,TRUE,NONE,1,AVAILABLE
BEN-NK5K70,ACC-SCH53XD,ZOMATO,EXT-C38HYF9,Punjab National Bank,PUNB0407419,MERCHANT,2024-09-24,FALSE,TRUE,NONE,1,AVAILABLE
BEN-WL0FUB,ACC-SCH53XD,Yug Sarma (Landlord),EXT-O97MQM8,Kotak Mahindra Bank,YESB0878769,UNKNOWN,2024-12-18,FALSE,TRUE,NONE,5,AVAILABLE
BEN-WI9UQK,ACC-SCH53XD,BLINKIT,EXT-3JQIP98,IndusInd Bank,INDB0375504,MERCHANT,2025-01-02,FALSE,TRUE,NONE,1,AVAILABLE
BEN-WBAO05,ACC-SCH53XD,Hiral Badal,EXT-CIWGC6H,Punjab National Bank,IDFB0536461,UNKNOWN,2025-03-08,FALSE,TRUE,NONE,1,AVAILABLE
BEN-3OGN7R,ACC-SCH53XD,BOOKMYSHOW,EXT-1ZXOI65,Yes Bank,YESB0195325,MERCHANT,2025-06-10,FALSE,TRUE,NONE,1,AVAILABLE
BEN-3T8583,ACC-SCH53XD,SWIGGY,EXT-AK1VRJN,Kotak Mahindra Bank,KOTAK0900581,MERCHANT,2025-07-20,FALSE,TRUE,NONE,1,AVAILABLE
BEN-EHZV0K,ACC-SCH53XD,INDIAN OIL,EXT-R9OUDOC,Bank of Baroda,BARB0944151,MERCHANT,2025-07-30,FALSE,TRUE,NONE,1,AVAILABLE
BEN-KEZ482,ACC-SF4HTZ4,RAPIDO,EXT-7Q9AH8R,Canara Bank,CNRB0905934,MERCHANT,2024-03-24,FALSE,TRUE,NONE,1,AVAILABLE
BEN-WPTHZ9,ACC-SF4HTZ4,Devansh Trivedi,ACC-8192CA3,ICICI Bank,HDFC0828518,FAMILY,2024-10-17,FALSE,TRUE,NONE,1,AVAILABLE
BEN-3XYK9K,ACC-SF4HTZ4,AMAZON PAY,EXT-OGYR3XK,IndusInd Bank,INDB0488162,MERCHANT,2025-01-04,FALSE,TRUE,NONE,1,AVAILABLE
BEN-L55AGP,ACC-SF4HTZ4,Vasana Wason,ACC-5FVDDWJ,HDFC Bank,INDB0981026,FRIEND,2025-01-09,FALSE,TRUE,NONE,3,AVAILABLE
BEN-NPOV25,ACC-SF4HTZ4,ZOMATO,EXT-C38HYF9,Punjab National Bank,PUNB0407419,MERCHANT,2025-02-19,FALSE,TRUE,NONE,1,AVAILABLE
BEN-S984A1,ACC-SF4HTZ4,JIO RECHARGE,EXT-ZRENUN5,Punjab National Bank,PUNB0514850,MERCHANT,2025-02-26,FALSE,TRUE,NONE,1,AVAILABLE
BEN-3D8N11,ACC-SF4HTZ4,BIGBASKET,EXT-NREK8PK,Punjab National Bank,PUNB0584714,MERCHANT,2025-03-04,FALSE,TRUE,NONE,1,AVAILABLE
BEN-21L0RR,ACC-SF4HTZ4,RELIANCE DIGITAL,EXT-Q6L6GT6,Yes Bank,YESB0738551,MERCHANT,2025-06-24,FALSE,TRUE,NONE,3,AVAILABLE
BEN-CRNU8N,ACC-SF4HTZ4,BLINKIT,EXT-3JQIP98,IndusInd Bank,INDB0375504,MERCHANT,2025-09-08,FALSE,TRUE,NONE,2,AVAILABLE
BEN-TAGJ1L,ACC-SKC95N4,BIGBASKET,EXT-NREK8PK,Punjab National Bank,PUNB0584714,MERCHANT,2024-04-01,FALSE,TRUE,NONE,1,AVAILABLE
BEN-U5EX8F,ACC-SKC95N4,Unnati Chaudry,ACC-UUMK563,Kotak Mahindra Bank,KOTAK0886748,FRIEND,2024-04-25,FALSE,TRUE,NONE,1,AVAILABLE
BEN-INIH2X,ACC-SKC95N4,ZOMATO,EXT-C38HYF9,Punjab National Bank,PUNB0407419,MERCHANT,2024-05-13,FALSE,TRUE,NONE,1,AVAILABLE
BEN-N3Q1SM,ACC-SKC95N4,TATA POWER BILLING,EXT-B9M80O2,Union Bank of India,UBIN0717889,MERCHANT,2024-09-09,FALSE,TRUE,NONE,1,AVAILABLE
BEN-JMWWN0,ACC-SKC95N4,DMART ONLINE,EXT-VHS1K3A,IndusInd Bank,INDB0857168,MERCHANT,2024-12-10,FALSE,TRUE,NONE,1,AVAILABLE
BEN-W35S9P,ACC-SKC95N4,INDIAN OIL,EXT-R9OUDOC,Bank of Baroda,BARB0944151,MERCHANT,2024-12-14,FALSE,TRUE,NONE,1,AVAILABLE
BEN-MNZ9TU,ACC-SKC95N4,JIO RECHARGE,EXT-ZRENUN5,Punjab National Bank,PUNB0514850,MERCHANT,2025-01-29,FALSE,TRUE,NONE,1,AVAILABLE
BEN-SZC1YL,ACC-SKC95N4,RAPIDO,EXT-7Q9AH8R,Canara Bank,CNRB0905934,MERCHANT,2025-06-04,FALSE,TRUE,NONE,1,AVAILABLE
BEN-W5HRD6,ACC-SKC95N4,BOOKMYSHOW,EXT-1ZXOI65,Yes Bank,YESB0195325,MERCHANT,2025-08-26,FALSE,TRUE,NONE,1,AVAILABLE
BEN-6GGQ4Q,ACC-SO76KJG,RELIANCE DIGITAL,EXT-Q6L6GT6,Yes Bank,YESB0738551,MERCHANT,2025-01-26,FALSE,TRUE,NONE,1,AVAILABLE
BEN-RH9SMZ,ACC-SO76KJG,MEDPLUS,EXT-JXK87AU,Axis Bank,UTIB0612340,MERCHANT,2025-04-04,FALSE,TRUE,NONE,1,AVAILABLE
BEN-5UNT28,ACC-SO76KJG,ZOMATO,EXT-C38HYF9,Punjab National Bank,PUNB0407419,MERCHANT,2025-07-24,FALSE,TRUE,NONE,2,AVAILABLE
BEN-K24OHK,ACC-SO76KJG,TATA POWER BILLING,EXT-B9M80O2,Union Bank of India,UBIN0717889,MERCHANT,2025-10-21,FALSE,TRUE,NONE,2,AVAILABLE
BEN-HM9K55,ACC-SP7RU86,BLINKIT,EXT-3JQIP98,IndusInd Bank,INDB0375504,MERCHANT,2024-05-02,FALSE,TRUE,NONE,1,AVAILABLE
BEN-W9Q2U0,ACC-SP7RU86,Samuel Nath,ACC-PQ9YTXH,Kotak Mahindra Bank,HDFC0241321,FAMILY,2024-08-19,FALSE,TRUE,NONE,2,AVAILABLE
BEN-7B34FN,ACC-SP7RU86,Hemang Shenoy,EXT-84XCYJO,IndusInd Bank,INDB0663197,UNKNOWN,2025-01-08,FALSE,TRUE,NONE,1,AVAILABLE
BEN-BKI6CC,ACC-SP7RU86,BOOKMYSHOW,EXT-1ZXOI65,Yes Bank,YESB0195325,MERCHANT,2025-03-28,FALSE,TRUE,NONE,1,AVAILABLE
BEN-3S8YJX,ACC-SP7RU86,JIO RECHARGE,EXT-ZRENUN5,Punjab National Bank,PUNB0514850,MERCHANT,2025-05-20,FALSE,TRUE,NONE,1,AVAILABLE
BEN-T0QRYF,ACC-SP7RU86,DMART ONLINE,EXT-VHS1K3A,IndusInd Bank,INDB0857168,MERCHANT,2025-07-26,FALSE,TRUE,NONE,2,AVAILABLE
BEN-0XFVHL,ACC-SP7RU86,MEDPLUS,EXT-JXK87AU,Axis Bank,UTIB0612340,MERCHANT,2025-09-28,FALSE,TRUE,NONE,3,AVAILABLE
BEN-HRI3Q7,ACC-SP7RU86,AMAZON PAY,EXT-OGYR3XK,IndusInd Bank,INDB0488162,MERCHANT,2025-10-21,FALSE,TRUE,NONE,1,AVAILABLE
BEN-WFD0KT,ACC-SPTHDP0,MEDPLUS,EXT-JXK87AU,Axis Bank,UTIB0612340,MERCHANT,2024-04-04,FALSE,TRUE,NONE,1,AVAILABLE
BEN-5Z4P09,ACC-SPTHDP0,JIO RECHARGE,EXT-ZRENUN5,Punjab National Bank,PUNB0514850,MERCHANT,2024-05-18,FALSE,TRUE,NONE,1,AVAILABLE
BEN-23DZH6,ACC-SPTHDP0,Noah Kashyap,ACC-KO0JL6Q,ICICI Bank,IDFB0334485,FAMILY,2024-08-14,FALSE,TRUE,NONE,2,AVAILABLE
BEN-FM34J4,ACC-SPTHDP0,SWIGGY,EXT-AK1VRJN,Kotak Mahindra Bank,KOTAK0900581,MERCHANT,2024-10-23,FALSE,TRUE,NONE,1,AVAILABLE
BEN-5J94Y9,ACC-SPTHDP0,IRCTC,EXT-HJK1EYY,HDFC Bank,HDFC0724834,MERCHANT,2024-11-26,FALSE,TRUE,NONE,1,AVAILABLE
BEN-UC9LBK,ACC-SPTHDP0,RELIANCE DIGITAL,EXT-Q6L6GT6,Yes Bank,YESB0738551,MERCHANT,2025-02-02,FALSE,TRUE,NONE,1,AVAILABLE
BEN-190GC9,ACC-SPTHDP0,DMART ONLINE,EXT-VHS1K3A,IndusInd Bank,INDB0857168,MERCHANT,2025-06-14,FALSE,TRUE,NONE,1,AVAILABLE
BEN-EMP1L9,ACC-SPTHDP0,INDIAN OIL,EXT-R9OUDOC,Bank of Baroda,BARB0944151,MERCHANT,2025-07-29,FALSE,TRUE,NONE,2,AVAILABLE
BEN-LD09TO,ACC-SRI2AOF,RAPIDO,EXT-7Q9AH8R,Canara Bank,CNRB0905934,MERCHANT,2024-04-26,FALSE,TRUE,NONE,1,AVAILABLE
BEN-14JIOQ,ACC-SRI2AOF,JIO RECHARGE,EXT-ZRENUN5,Punjab National Bank,PUNB0514850,MERCHANT,2024-09-26,FALSE,TRUE,NONE,1,AVAILABLE
BEN-JZ4JOB,ACC-SRI2AOF,AMAZON PAY,EXT-OGYR3XK,IndusInd Bank,INDB0488162,MERCHANT,2024-10-03,FALSE,TRUE,NONE,1,AVAILABLE
BEN-26MG2P,ACC-SRI2AOF,BLINKIT,EXT-3JQIP98,IndusInd Bank,INDB0375504,MERCHANT,2024-11-06,FALSE,TRUE,NONE,2,AVAILABLE
BEN-0LNGO9,ACC-SRI2AOF,ZOMATO,EXT-C38HYF9,Punjab National Bank,PUNB0407419,MERCHANT,2024-11-26,FALSE,TRUE,NONE,1,AVAILABLE
BEN-3YPVEJ,ACC-SRI2AOF,Yochana Chakrabarti,ACC-FV4B1K1,IDFC FIRST Bank,SBIN0991546,FRIEND,2025-05-18,FALSE,TRUE,NONE,1,AVAILABLE
BEN-GJ1EUR,ACC-SRI2AOF,SWIGGY,EXT-AK1VRJN,Kotak Mahindra Bank,KOTAK0900581,MERCHANT,2025-07-09,FALSE,TRUE,NONE,2,AVAILABLE
BEN-C28P3C,ACC-SRI2AOF,Siddharth Borra,ACC-1ZF88JR,IndusInd Bank,YESB0178396,FAMILY,2025-09-10,FALSE,TRUE,NONE,1,AVAILABLE
BEN-3YZBYI,ACC-SRQT0PA,TATA POWER BILLING,EXT-B9M80O2,Union Bank of India,UBIN0717889,MERCHANT,2024-04-16,FALSE,TRUE,NONE,2,AVAILABLE
BEN-341YU5,ACC-SRQT0PA,RAPIDO,EXT-7Q9AH8R,Canara Bank,CNRB0905934,MERCHANT,2024-08-18,FALSE,TRUE,NONE,2,AVAILABLE
BEN-DE9LIH,ACC-SRQT0PA,Pallavi Jani,ACC-ECTS377,Canara Bank,UTIB0588526,FRIEND,2024-08-18,FALSE,TRUE,NONE,2,AVAILABLE
BEN-SQAXS1,ACC-SRQT0PA,INDIAN OIL,EXT-R9OUDOC,Bank of Baroda,BARB0944151,MERCHANT,2025-01-26,FALSE,TRUE,NONE,1,AVAILABLE
BEN-G4B0KB,ACC-SRQT0PA,Matthew Tiwari,ACC-66NW7Y6,HDFC Bank,KOTAK0530023,FRIEND,2025-09-16,FALSE,TRUE,NONE,1,AVAILABLE
BEN-9EL5Q4,ACC-SRQT0PA,RELIANCE DIGITAL,EXT-Q6L6GT6,Yes Bank,YESB0738551,MERCHANT,2025-11-03,FALSE,TRUE,NONE,2,AVAILABLE
BEN-P9OUZW,ACC-SS3EOQM,IRCTC,EXT-HJK1EYY,HDFC Bank,HDFC0724834,MERCHANT,2024-07-26,FALSE,TRUE,NONE,1,AVAILABLE
BEN-8GUARO,ACC-SS3EOQM,BOOKMYSHOW,EXT-1ZXOI65,Yes Bank,YESB0195325,MERCHANT,2025-01-28,FALSE,TRUE,NONE,1,AVAILABLE
BEN-8DKECP,ACC-SS3EOQM,Zarna Arora,ACC-TT2SLHI,Axis Bank,CNRB0680203,FAMILY,2025-08-06,FALSE,TRUE,NONE,1,AVAILABLE
BEN-T68EQD,ACC-SSG5XRZ,TATA POWER BILLING,EXT-B9M80O2,Union Bank of India,UBIN0717889,MERCHANT,2024-09-15,FALSE,TRUE,NONE,1,AVAILABLE
BEN-01KPCU,ACC-SSG5XRZ,RAPIDO,EXT-7Q9AH8R,Canara Bank,CNRB0905934,MERCHANT,2024-09-24,FALSE,TRUE,NONE,3,AVAILABLE
BEN-3WJM53,ACC-SSG5XRZ,AIRTEL POSTPAID,EXT-8F1CBFN,IndusInd Bank,INDB0343962,MERCHANT,2024-10-27,FALSE,TRUE,NONE,1,AVAILABLE
BEN-39PICC,ACC-SSG5XRZ,JIO RECHARGE,EXT-ZRENUN5,Punjab National Bank,PUNB0514850,MERCHANT,2025-04-24,FALSE,TRUE,NONE,1,AVAILABLE
BEN-W1N6ZI,ACC-SSG5XRZ,SWIGGY,EXT-AK1VRJN,Kotak Mahindra Bank,KOTAK0900581,MERCHANT,2025-06-03,FALSE,TRUE,NONE,2,AVAILABLE
BEN-T5IWFK,ACC-SSG5XRZ,BOOKMYSHOW,EXT-1ZXOI65,Yes Bank,YESB0195325,MERCHANT,2025-09-05,FALSE,TRUE,NONE,1,AVAILABLE
BEN-475IZV,ACC-SY0X4KN,BIGBASKET,EXT-NREK8PK,Punjab National Bank,PUNB0584714,MERCHANT,2024-08-28,FALSE,TRUE,NONE,1,AVAILABLE
BEN-KZD0U6,ACC-SY0X4KN,BOOKMYSHOW,EXT-1ZXOI65,Yes Bank,YESB0195325,MERCHANT,2024-11-05,FALSE,TRUE,NONE,1,AVAILABLE
BEN-JLSZR0,ACC-SY0X4KN,RELIANCE DIGITAL,EXT-Q6L6GT6,Yes Bank,YESB0738551,MERCHANT,2024-11-12,FALSE,TRUE,NONE,1,AVAILABLE
BEN-1TY4VU,ACC-SY0X4KN,BLINKIT,EXT-3JQIP98,IndusInd Bank,INDB0375504,MERCHANT,2025-04-09,FALSE,TRUE,NONE,1,AVAILABLE
BEN-NS874P,ACC-SY0X4KN,TATA POWER BILLING,EXT-B9M80O2,Union Bank of India,UBIN0717889,MERCHANT,2025-04-11,FALSE,TRUE,NONE,1,AVAILABLE
BEN-C5ONCX,ACC-SY0X4KN,ZOMATO,EXT-C38HYF9,Punjab National Bank,PUNB0407419,MERCHANT,2025-05-23,FALSE,TRUE,NONE,1,AVAILABLE
BEN-0OF5YL,ACC-SY0X4KN,RAPIDO,EXT-7Q9AH8R,Canara Bank,CNRB0905934,MERCHANT,2025-08-28,FALSE,TRUE,NONE,1,AVAILABLE
BEN-8YWF53,ACC-SY0X4KN,JIO RECHARGE,EXT-ZRENUN5,Punjab National Bank,PUNB0514850,MERCHANT,2025-10-19,FALSE,TRUE,NONE,1,AVAILABLE
BEN-SLTK9D,ACC-T1EGD9D,Sudiksha Sur,EXT-Y2PY8J0,State Bank of India,KOTAK0365635,UNKNOWN,2024-05-02,FALSE,TRUE,NONE,1,AVAILABLE
BEN-F0IBC3,ACC-T1EGD9D,RELIANCE DIGITAL,EXT-Q6L6GT6,Yes Bank,YESB0738551,MERCHANT,2024-07-23,FALSE,TRUE,NONE,2,AVAILABLE
BEN-P0UZXI,ACC-T1EGD9D,BOOKMYSHOW,EXT-1ZXOI65,Yes Bank,YESB0195325,MERCHANT,2024-11-08,FALSE,TRUE,NONE,1,AVAILABLE
BEN-ZO5AXX,ACC-T1EGD9D,RAPIDO,EXT-7Q9AH8R,Canara Bank,CNRB0905934,MERCHANT,2024-11-29,FALSE,TRUE,NONE,1,AVAILABLE
BEN-ALI281,ACC-T1EGD9D,Dev Roy,ACC-GE49DBZ,IndusInd Bank,HDFC0623398,FAMILY,2024-12-29,FALSE,TRUE,NONE,2,AVAILABLE
BEN-6HJMW2,ACC-T1EGD9D,INDIAN OIL,EXT-R9OUDOC,Bank of Baroda,BARB0944151,MERCHANT,2025-05-03,FALSE,TRUE,NONE,1,AVAILABLE
BEN-L2CU7J,ACC-T1EGD9D,ZOMATO,EXT-C38HYF9,Punjab National Bank,PUNB0407419,MERCHANT,2025-07-19,FALSE,TRUE,NONE,2,AVAILABLE
BEN-1T3398,ACC-T1EGD9D,Varsha Pandya,ACC-OJW5BP1,Union Bank of India,BARB0358143,FAMILY,2025-08-13,FALSE,TRUE,NONE,1,AVAILABLE
BEN-47WNX0,ACC-T1EGD9D,SWIGGY,EXT-AK1VRJN,Kotak Mahindra Bank,KOTAK0900581,MERCHANT,2025-10-08,FALSE,TRUE,NONE,1,AVAILABLE
BEN-QYMA4X,ACC-T4M8JCI,AIRTEL POSTPAID,EXT-8F1CBFN,IndusInd Bank,INDB0343962,MERCHANT,2024-03-24,FALSE,TRUE,NONE,1,AVAILABLE
BEN-CK2ZDK,ACC-T4M8JCI,AMAZON PAY,EXT-OGYR3XK,IndusInd Bank,INDB0488162,MERCHANT,2024-08-20,FALSE,TRUE,NONE,1,AVAILABLE
BEN-NNR7C0,ACC-T4M8JCI,JIO RECHARGE,EXT-ZRENUN5,Punjab National Bank,PUNB0514850,MERCHANT,2024-09-07,FALSE,TRUE,NONE,1,AVAILABLE
BEN-9QGHFZ,ACC-T4M8JCI,DMART ONLINE,EXT-VHS1K3A,IndusInd Bank,INDB0857168,MERCHANT,2025-04-08,FALSE,TRUE,NONE,1,AVAILABLE
BEN-Y6RUFG,ACC-T4M8JCI,SWIGGY,EXT-AK1VRJN,Kotak Mahindra Bank,KOTAK0900581,MERCHANT,2025-08-07,FALSE,TRUE,NONE,1,AVAILABLE
BEN-A9BORL,ACC-T4M8JCI,RAPIDO,EXT-7Q9AH8R,Canara Bank,CNRB0905934,MERCHANT,2025-11-02,FALSE,TRUE,NONE,1,AVAILABLE
BEN-4OHLI8,ACC-TKMP1LP,SWIGGY,EXT-AK1VRJN,Kotak Mahindra Bank,KOTAK0900581,MERCHANT,2024-05-20,FALSE,TRUE,NONE,1,AVAILABLE
BEN-NT0B1K,ACC-TKMP1LP,AIRTEL POSTPAID,EXT-8F1CBFN,IndusInd Bank,INDB0343962,MERCHANT,2024-06-15,FALSE,TRUE,NONE,1,AVAILABLE
BEN-QP4FVD,ACC-TKMP1LP,INDIAN OIL,EXT-R9OUDOC,Bank of Baroda,BARB0944151,MERCHANT,2024-09-19,FALSE,TRUE,NONE,1,AVAILABLE
BEN-0RTTV1,ACC-TKMP1LP,Pallavi Sen,ACC-4CSKJ3F,Yes Bank,UTIB0331476,FAMILY,2024-09-28,FALSE,TRUE,NONE,2,AVAILABLE
BEN-1IQKQY,ACC-TKMP1LP,BLINKIT,EXT-3JQIP98,IndusInd Bank,INDB0375504,MERCHANT,2024-11-24,FALSE,TRUE,NONE,1,AVAILABLE
BEN-NKVVD5,ACC-TKMP1LP,Yashoda Yadav,ACC-3RAVC2U,Bank of Baroda,INDB0319050,FRIEND,2025-01-26,FALSE,TRUE,NONE,1,AVAILABLE
BEN-Y9M8SK,ACC-TKMP1LP,BOOKMYSHOW,EXT-1ZXOI65,Yes Bank,YESB0195325,MERCHANT,2025-03-31,FALSE,TRUE,NONE,2,AVAILABLE
BEN-VJ69QW,ACC-TKMP1LP,ZOMATO,EXT-C38HYF9,Punjab National Bank,PUNB0407419,MERCHANT,2025-06-06,FALSE,TRUE,NONE,1,AVAILABLE
BEN-LL5CH5,ACC-TKMP1LP,Hema Bansal,ACC-G7ECILC,Canara Bank,PUNB0574045,FAMILY,2025-06-30,FALSE,TRUE,NONE,2,AVAILABLE
BEN-WUF2WX,ACC-TKMP1LP,RAPIDO,EXT-7Q9AH8R,Canara Bank,CNRB0905934,MERCHANT,2025-08-18,FALSE,TRUE,NONE,1,AVAILABLE
BEN-NGI91M,ACC-TKMW044,RAPIDO,EXT-7Q9AH8R,Canara Bank,CNRB0905934,MERCHANT,2024-12-05,FALSE,TRUE,NONE,1,AVAILABLE
BEN-LGFJV1,ACC-TKMW044,RELIANCE DIGITAL,EXT-Q6L6GT6,Yes Bank,YESB0738551,MERCHANT,2024-12-20,FALSE,TRUE,NONE,1,AVAILABLE
BEN-TWUVF7,ACC-TKMW044,JIO RECHARGE,EXT-ZRENUN5,Punjab National Bank,PUNB0514850,MERCHANT,2025-01-06,FALSE,TRUE,NONE,1,AVAILABLE
BEN-AUY3Q4,ACC-TKMW044,SWIGGY,EXT-AK1VRJN,Kotak Mahindra Bank,KOTAK0900581,MERCHANT,2025-02-20,FALSE,TRUE,NONE,1,AVAILABLE
BEN-ZZX3DX,ACC-TKMW044,TATA POWER BILLING,EXT-B9M80O2,Union Bank of India,UBIN0717889,MERCHANT,2025-05-15,FALSE,TRUE,NONE,2,AVAILABLE
BEN-3500KF,ACC-TKMW044,INDIAN OIL,EXT-R9OUDOC,Bank of Baroda,BARB0944151,MERCHANT,2025-07-07,FALSE,TRUE,NONE,1,AVAILABLE
BEN-JSY7DN,ACC-TM9MCPR,Baljiwan Sem,ACC-B2JA7EF,Canara Bank,PUNB0419178,FAMILY,2024-06-27,FALSE,TRUE,NONE,1,AVAILABLE
BEN-QNU0MF,ACC-TM9MCPR,Lavanya Anne,ACC-9JHCAZ8,IndusInd Bank,UTIB0944875,FAMILY,2024-08-02,FALSE,TRUE,NONE,2,AVAILABLE
BEN-12S2ZS,ACC-TM9MCPR,Kavya Swaminathan,EXT-E7O88WS,Axis Bank,UTIB0554766,UNKNOWN,2024-09-17,FALSE,TRUE,NONE,1,AVAILABLE
BEN-KDMQ3F,ACC-TM9MCPR,IRCTC,EXT-HJK1EYY,HDFC Bank,HDFC0724834,MERCHANT,2025-01-24,FALSE,TRUE,NONE,1,AVAILABLE
BEN-LQ1J5T,ACC-TM9MCPR,Ladli Randhawa (Landlord),EXT-V5A1HD3,State Bank of India,INDB0742915,UNKNOWN,2025-01-24,FALSE,TRUE,NONE,4,AVAILABLE
BEN-OWBSA4,ACC-TM9MCPR,AIRTEL POSTPAID,EXT-8F1CBFN,IndusInd Bank,INDB0343962,MERCHANT,2025-05-18,FALSE,TRUE,NONE,1,AVAILABLE
BEN-VQXR4N,ACC-TM9MCPR,JIO RECHARGE,EXT-ZRENUN5,Punjab National Bank,PUNB0514850,MERCHANT,2025-06-02,FALSE,TRUE,NONE,1,AVAILABLE
BEN-NM758J,ACC-TM9MCPR,INDIAN OIL,EXT-R9OUDOC,Bank of Baroda,BARB0944151,MERCHANT,2025-07-19,FALSE,TRUE,NONE,2,AVAILABLE
BEN-0JSH8G,ACC-TM9MCPR,Faris Barad,ACC-9ET83Z0,State Bank of India,IDFB0247065,FAMILY,2025-07-28,FALSE,TRUE,NONE,1,AVAILABLE
BEN-T2FHYX,ACC-TM9MCPR,MEDPLUS,EXT-JXK87AU,Axis Bank,UTIB0612340,MERCHANT,2025-09-04,FALSE,TRUE,NONE,2,AVAILABLE
BEN-899TWQ,ACC-TR5GOIT,BOOKMYSHOW,EXT-1ZXOI65,Yes Bank,YESB0195325,MERCHANT,2024-09-18,FALSE,TRUE,NONE,1,AVAILABLE
BEN-R2LI5F,ACC-TR5GOIT,Warinder Grover (Landlord),EXT-WLYYNP7,Axis Bank,PUNB0478935,UNKNOWN,2024-09-25,FALSE,TRUE,NONE,5,AVAILABLE
BEN-EE636V,ACC-TR5GOIT,Abha Halder,ACC-E6SVH6Q,Axis Bank,UBIN0295981,FAMILY,2024-09-28,FALSE,TRUE,NONE,2,AVAILABLE
BEN-PXL4UP,ACC-TR5GOIT,DMART ONLINE,EXT-VHS1K3A,IndusInd Bank,INDB0857168,MERCHANT,2024-11-24,FALSE,TRUE,NONE,1,AVAILABLE
BEN-DMYOA2,ACC-TR5GOIT,ZOMATO,EXT-C38HYF9,Punjab National Bank,PUNB0407419,MERCHANT,2025-02-14,FALSE,TRUE,NONE,2,AVAILABLE
BEN-N19YYJ,ACC-TR5GOIT,Maanas Oza,ACC-ZXCZD9M,IDFC FIRST Bank,BARB0101065,FAMILY,2025-03-07,FALSE,TRUE,NONE,1,AVAILABLE
BEN-CGFO5L,ACC-TR5GOIT,MEDPLUS,EXT-JXK87AU,Axis Bank,UTIB0612340,MERCHANT,2025-03-25,FALSE,TRUE,NONE,2,AVAILABLE
BEN-FKIHC9,ACC-TR5GOIT,AMAZON PAY,EXT-OGYR3XK,IndusInd Bank,INDB0488162,MERCHANT,2025-08-03,FALSE,TRUE,NONE,1,AVAILABLE
BEN-HZD66O,ACC-TT2SLHI,INDIAN OIL,EXT-R9OUDOC,Bank of Baroda,BARB0944151,MERCHANT,2024-03-24,FALSE,TRUE,NONE,1,AVAILABLE
BEN-Q0GVUJ,ACC-TT2SLHI,BIGBASKET,EXT-NREK8PK,Punjab National Bank,PUNB0584714,MERCHANT,2024-04-26,FALSE,TRUE,NONE,1,AVAILABLE
BEN-YP1JYP,ACC-TT2SLHI,Kalpit Sachdeva,ACC-XXV6AZE,Yes Bank,SBIN0433305,FRIEND,2024-09-26,FALSE,TRUE,NONE,1,AVAILABLE
BEN-07OJCG,ACC-TT2SLHI,ZOMATO,EXT-C38HYF9,Punjab National Bank,PUNB0407419,MERCHANT,2024-10-02,FALSE,TRUE,NONE,1,AVAILABLE
BEN-CX1359,ACC-TT2SLHI,BOOKMYSHOW,EXT-1ZXOI65,Yes Bank,YESB0195325,MERCHANT,2024-12-04,FALSE,TRUE,NONE,1,AVAILABLE
BEN-222PIO,ACC-TT2SLHI,RELIANCE DIGITAL,EXT-Q6L6GT6,Yes Bank,YESB0738551,MERCHANT,2025-02-27,FALSE,TRUE,NONE,1,AVAILABLE
BEN-F1Z9E2,ACC-TT2SLHI,Yutika Narang,ACC-GCNM08K,Bank of Baroda,CNRB0670218,FRIEND,2025-07-08,FALSE,TRUE,NONE,1,AVAILABLE
BEN-5ZVY0N,ACC-TT2SLHI,RAPIDO,EXT-7Q9AH8R,Canara Bank,CNRB0905934,MERCHANT,2025-09-08,FALSE,TRUE,NONE,1,AVAILABLE
BEN-89SMVO,ACC-TT2SLHI,IRCTC,EXT-HJK1EYY,HDFC Bank,HDFC0724834,MERCHANT,2025-09-19,FALSE,TRUE,NONE,1,AVAILABLE
BEN-OH9X5F,ACC-TT2SLHI,Omya Dey,ACC-MPR9TOT,Axis Bank,YESB0186680,FAMILY,2025-10-08,FALSE,TRUE,NONE,1,AVAILABLE
BEN-HV2JIK,ACC-TUIK15U,BLINKIT,EXT-3JQIP98,IndusInd Bank,INDB0375504,MERCHANT,2024-03-16,FALSE,TRUE,NONE,1,AVAILABLE
BEN-IJ9X3M,ACC-TUIK15U,Wahab Gole,ACC-ZJ2O1XJ,IndusInd Bank,PUNB0397732,FAMILY,2024-04-22,FALSE,TRUE,NONE,3,AVAILABLE
BEN-JWTTM7,ACC-TUIK15U,Vedant Palan,ACC-12310X5,Bank of Baroda,ICIC0265083,FRIEND,2024-04-22,FALSE,TRUE,NONE,3,AVAILABLE
BEN-YT8WWG,ACC-TUIK15U,BOOKMYSHOW,EXT-1ZXOI65,Yes Bank,YESB0195325,MERCHANT,2024-05-20,FALSE,TRUE,NONE,1,AVAILABLE
BEN-SWU15U,ACC-TUIK15U,TATA POWER BILLING,EXT-B9M80O2,Union Bank of India,UBIN0717889,MERCHANT,2024-07-16,FALSE,TRUE,NONE,3,AVAILABLE
BEN-3QO47Q,ACC-TUIK15U,IRCTC,EXT-HJK1EYY,HDFC Bank,HDFC0724834,MERCHANT,2024-08-30,FALSE,TRUE,NONE,1,AVAILABLE
BEN-RZ3CR1,ACC-TUIK15U,MEDPLUS,EXT-JXK87AU,Axis Bank,UTIB0612340,MERCHANT,2024-12-10,FALSE,TRUE,NONE,1,AVAILABLE
BEN-7CLES9,ACC-TUIK15U,Adweta Pall,ACC-S1UQ7WI,Kotak Mahindra Bank,UBIN0839789,FRIEND,2024-12-29,FALSE,TRUE,NONE,2,AVAILABLE
BEN-NOYS2R,ACC-TUIK15U,RELIANCE DIGITAL,EXT-Q6L6GT6,Yes Bank,YESB0738551,MERCHANT,2025-09-09,FALSE,TRUE,NONE,1,AVAILABLE
BEN-NXH17X,ACC-U00JTYL,MEDPLUS,EXT-JXK87AU,Axis Bank,UTIB0612340,MERCHANT,2024-03-21,FALSE,TRUE,NONE,1,AVAILABLE
BEN-9B0RUW,ACC-U00JTYL,TATA POWER BILLING,EXT-B9M80O2,Union Bank of India,UBIN0717889,MERCHANT,2024-08-05,FALSE,TRUE,NONE,2,AVAILABLE
BEN-G0XZ5C,ACC-U00JTYL,RELIANCE DIGITAL,EXT-Q6L6GT6,Yes Bank,YESB0738551,MERCHANT,2025-01-21,FALSE,TRUE,NONE,1,AVAILABLE
BEN-99I2NQ,ACC-U00JTYL,RAPIDO,EXT-7Q9AH8R,Canara Bank,CNRB0905934,MERCHANT,2025-08-24,FALSE,TRUE,NONE,1,AVAILABLE
BEN-7P7XKV,ACC-U00JTYL,SWIGGY,EXT-AK1VRJN,Kotak Mahindra Bank,KOTAK0900581,MERCHANT,2025-09-24,FALSE,TRUE,NONE,2,AVAILABLE
BEN-8BQACC,ACC-U652FYS,TATA POWER BILLING,EXT-B9M80O2,Union Bank of India,UBIN0717889,MERCHANT,2024-07-22,FALSE,TRUE,NONE,2,AVAILABLE
BEN-N1YZL2,ACC-U652FYS,BOOKMYSHOW,EXT-1ZXOI65,Yes Bank,YESB0195325,MERCHANT,2024-08-05,FALSE,TRUE,NONE,1,AVAILABLE
BEN-MN8ZK5,ACC-U652FYS,AMAZON PAY,EXT-OGYR3XK,IndusInd Bank,INDB0488162,MERCHANT,2024-08-06,FALSE,TRUE,NONE,1,AVAILABLE
BEN-1XSQDQ,ACC-U652FYS,RAPIDO,EXT-7Q9AH8R,Canara Bank,CNRB0905934,MERCHANT,2024-08-19,FALSE,TRUE,NONE,1,AVAILABLE
BEN-VBG7UU,ACC-U652FYS,Vasana Aggarwal,ACC-5JN7BS0,State Bank of India,ICIC0593073,FRIEND,2025-07-30,FALSE,TRUE,NONE,2,AVAILABLE
BEN-G9BE96,ACC-U652FYS,RELIANCE DIGITAL,EXT-Q6L6GT6,Yes Bank,YESB0738551,MERCHANT,2025-08-26,FALSE,TRUE,NONE,2,AVAILABLE
BEN-FH58C5,ACC-U9NMNSW,BIGBASKET,EXT-NREK8PK,Punjab National Bank,PUNB0584714,MERCHANT,2024-09-12,FALSE,TRUE,NONE,1,AVAILABLE
BEN-H46X1I,ACC-U9NMNSW,DMART ONLINE,EXT-VHS1K3A,IndusInd Bank,INDB0857168,MERCHANT,2024-09-20,FALSE,TRUE,NONE,2,AVAILABLE
BEN-URNIF9,ACC-U9NMNSW,INDIAN OIL,EXT-R9OUDOC,Bank of Baroda,BARB0944151,MERCHANT,2025-01-20,FALSE,TRUE,NONE,2,AVAILABLE
BEN-TL10S4,ACC-U9NMNSW,BOOKMYSHOW,EXT-1ZXOI65,Yes Bank,YESB0195325,MERCHANT,2025-06-03,FALSE,TRUE,NONE,1,AVAILABLE
BEN-90M9QI,ACC-U9NMNSW,Jason Kale,ACC-5LSCATG,Canara Bank,CNRB0104574,FAMILY,2025-07-28,FALSE,TRUE,NONE,1,AVAILABLE
BEN-PEJJ3P,ACC-U9NMNSW,JIO RECHARGE,EXT-ZRENUN5,Punjab National Bank,PUNB0514850,MERCHANT,2025-08-31,FALSE,TRUE,NONE,1,AVAILABLE
BEN-PQ22HZ,ACC-U9NMNSW,Bhavini Venkataraman,ACC-EOGKKC0,Canara Bank,ICIC0156964,FAMILY,2025-10-23,FALSE,TRUE,NONE,3,AVAILABLE
BEN-15RD0M,ACC-UM4ULZU,DMART ONLINE,EXT-VHS1K3A,IndusInd Bank,INDB0857168,MERCHANT,2024-06-16,FALSE,TRUE,NONE,1,AVAILABLE
BEN-4WFO7W,ACC-UM4ULZU,AMAZON PAY,EXT-OGYR3XK,IndusInd Bank,INDB0488162,MERCHANT,2024-08-29,FALSE,TRUE,NONE,1,AVAILABLE
BEN-W7B48Z,ACC-UM4ULZU,RAPIDO,EXT-7Q9AH8R,Canara Bank,CNRB0905934,MERCHANT,2025-01-02,FALSE,TRUE,NONE,1,AVAILABLE
BEN-PS42ZU,ACC-UM4ULZU,ZOMATO,EXT-C38HYF9,Punjab National Bank,PUNB0407419,MERCHANT,2025-06-25,FALSE,TRUE,NONE,1,AVAILABLE
BEN-XP8173,ACC-UM4ULZU,INDIAN OIL,EXT-R9OUDOC,Bank of Baroda,BARB0944151,MERCHANT,2025-07-13,FALSE,TRUE,NONE,1,AVAILABLE
BEN-J5TFNX,ACC-UM4ULZU,BOOKMYSHOW,EXT-1ZXOI65,Yes Bank,YESB0195325,MERCHANT,2025-10-23,FALSE,TRUE,NONE,1,AVAILABLE
BEN-L6MGJI,ACC-USMF0XL,INDIAN OIL,EXT-R9OUDOC,Bank of Baroda,BARB0944151,MERCHANT,2024-03-14,FALSE,TRUE,NONE,1,AVAILABLE
BEN-HWV4GV,ACC-USMF0XL,TATA POWER BILLING,EXT-B9M80O2,Union Bank of India,UBIN0717889,MERCHANT,2024-05-15,FALSE,TRUE,NONE,1,AVAILABLE
BEN-YJ5BJC,ACC-USMF0XL,MEDPLUS,EXT-JXK87AU,Axis Bank,UTIB0612340,MERCHANT,2024-05-20,FALSE,TRUE,NONE,1,AVAILABLE
BEN-AIKVF1,ACC-USMF0XL,Chaitaly Prabhu,ACC-AG8VFMI,Bank of Baroda,SBIN0278044,FAMILY,2024-06-15,FALSE,TRUE,NONE,1,AVAILABLE
BEN-7LBD57,ACC-USMF0XL,Simon Brar,ACC-S1UQ7WI,Axis Bank,IDFB0115930,FAMILY,2024-09-04,FALSE,TRUE,NONE,1,AVAILABLE
BEN-EWYWM6,ACC-USMF0XL,Lekha Modi (Landlord),EXT-UHBCBW6,Yes Bank,UBIN0727321,UNKNOWN,2024-10-24,FALSE,TRUE,NONE,5,AVAILABLE
BEN-KVBFS6,ACC-USMF0XL,DMART ONLINE,EXT-VHS1K3A,IndusInd Bank,INDB0857168,MERCHANT,2024-11-13,FALSE,TRUE,NONE,1,AVAILABLE
BEN-R0BUC3,ACC-USMF0XL,AMAZON PAY,EXT-OGYR3XK,IndusInd Bank,INDB0488162,MERCHANT,2025-05-30,FALSE,TRUE,NONE,2,AVAILABLE
BEN-APU4TH,ACC-UUMK563,Anmol Dash,ACC-GG7JPM7,IndusInd Bank,INDB0177537,FAMILY,2024-04-11,FALSE,TRUE,NONE,2,AVAILABLE
BEN-5UZF2F,ACC-UUMK563,Ojasvi Narasimhan,ACC-SY0X4KN,Axis Bank,PUNB0239668,FAMILY,2024-05-05,FALSE,TRUE,NONE,3,AVAILABLE
BEN-2Z99Q6,ACC-UUMK563,Bhavya Kakar,ACC-HHFH56O,Union Bank of India,YESB0696649,FRIEND,2024-06-11,FALSE,TRUE,NONE,2,AVAILABLE
BEN-3J1LW0,ACC-UUMK563,RAPIDO,EXT-7Q9AH8R,Canara Bank,CNRB0905934,MERCHANT,2024-10-22,FALSE,TRUE,NONE,1,AVAILABLE
BEN-5M4EIU,ACC-UUMK563,AMAZON PAY,EXT-OGYR3XK,IndusInd Bank,INDB0488162,MERCHANT,2025-03-06,FALSE,TRUE,NONE,1,AVAILABLE
BEN-9JFE4E,ACC-UUMK563,ZOMATO,EXT-C38HYF9,Punjab National Bank,PUNB0407419,MERCHANT,2025-05-27,FALSE,TRUE,NONE,1,AVAILABLE
BEN-NRMSP7,ACC-UUMK563,IRCTC,EXT-HJK1EYY,HDFC Bank,HDFC0724834,MERCHANT,2025-08-19,FALSE,TRUE,NONE,1,AVAILABLE
BEN-52K8Z1,ACC-UUMK563,BLINKIT,EXT-3JQIP98,IndusInd Bank,INDB0375504,MERCHANT,2025-09-12,FALSE,TRUE,NONE,1,AVAILABLE
BEN-40U9IQ,ACC-UUMK563,SWIGGY,EXT-AK1VRJN,Kotak Mahindra Bank,KOTAK0900581,MERCHANT,2025-10-29,FALSE,TRUE,NONE,2,AVAILABLE
BEN-36XYEC,ACC-UX7454R,AMAZON PAY,EXT-OGYR3XK,IndusInd Bank,INDB0488162,MERCHANT,2024-03-13,FALSE,TRUE,NONE,1,AVAILABLE
BEN-6HBROZ,ACC-UX7454R,RAPIDO,EXT-7Q9AH8R,Canara Bank,CNRB0905934,MERCHANT,2024-10-21,FALSE,TRUE,NONE,1,AVAILABLE
BEN-74SXWJ,ACC-UX7454R,Saksham Dhillon,ACC-XXV6AZE,Union Bank of India,BARB0630499,FRIEND,2024-10-30,FALSE,TRUE,NONE,1,AVAILABLE
BEN-68EDT5,ACC-UX7454R,BIGBASKET,EXT-NREK8PK,Punjab National Bank,PUNB0584714,MERCHANT,2024-12-27,FALSE,TRUE,NONE,1,AVAILABLE
BEN-P082MT,ACC-UX7454R,ZOMATO,EXT-C38HYF9,Punjab National Bank,PUNB0407419,MERCHANT,2025-04-14,FALSE,TRUE,NONE,1,AVAILABLE
BEN-NN9YUS,ACC-UX7454R,RELIANCE DIGITAL,EXT-Q6L6GT6,Yes Bank,YESB0738551,MERCHANT,2025-06-10,FALSE,TRUE,NONE,4,AVAILABLE
BEN-LKHI4J,ACC-UX7454R,Yashasvi Dara,ACC-OH9O5QV,Canara Bank,CNRB0185821,FAMILY,2025-08-18,FALSE,TRUE,NONE,2,AVAILABLE
BEN-7DCAN1,ACC-UXI7OGZ,SWIGGY,EXT-AK1VRJN,Kotak Mahindra Bank,KOTAK0900581,MERCHANT,2024-09-22,FALSE,TRUE,NONE,1,AVAILABLE
BEN-N9VDI8,ACC-UXI7OGZ,DMART ONLINE,EXT-VHS1K3A,IndusInd Bank,INDB0857168,MERCHANT,2024-10-27,FALSE,TRUE,NONE,1,AVAILABLE
BEN-Q2S6RE,ACC-UXI7OGZ,IRCTC,EXT-HJK1EYY,HDFC Bank,HDFC0724834,MERCHANT,2024-11-14,FALSE,TRUE,NONE,1,AVAILABLE
BEN-21BGXB,ACC-UXI7OGZ,AIRTEL POSTPAID,EXT-8F1CBFN,IndusInd Bank,INDB0343962,MERCHANT,2024-12-20,FALSE,TRUE,NONE,1,AVAILABLE
BEN-55EN11,ACC-UXI7OGZ,TATA POWER BILLING,EXT-B9M80O2,Union Bank of India,UBIN0717889,MERCHANT,2025-01-27,FALSE,TRUE,NONE,2,AVAILABLE
BEN-0YWJ64,ACC-UXI7OGZ,MEDPLUS,EXT-JXK87AU,Axis Bank,UTIB0612340,MERCHANT,2025-02-25,FALSE,TRUE,NONE,1,AVAILABLE
BEN-JHZEE4,ACC-VGKP7L9,JIO RECHARGE,EXT-ZRENUN5,Punjab National Bank,PUNB0514850,MERCHANT,2024-05-22,FALSE,TRUE,NONE,1,AVAILABLE
BEN-43U3YH,ACC-VGKP7L9,SWIGGY,EXT-AK1VRJN,Kotak Mahindra Bank,KOTAK0900581,MERCHANT,2024-06-22,FALSE,TRUE,NONE,1,AVAILABLE
BEN-SS8ULB,ACC-VGKP7L9,TATA POWER BILLING,EXT-B9M80O2,Union Bank of India,UBIN0717889,MERCHANT,2024-12-18,FALSE,TRUE,NONE,1,AVAILABLE
BEN-WH97M9,ACC-VGKP7L9,BLINKIT,EXT-3JQIP98,IndusInd Bank,INDB0375504,MERCHANT,2025-03-21,FALSE,TRUE,NONE,1,AVAILABLE
BEN-W9REH3,ACC-VGKP7L9,BOOKMYSHOW,EXT-1ZXOI65,Yes Bank,YESB0195325,MERCHANT,2025-04-21,FALSE,TRUE,NONE,1,AVAILABLE
BEN-R1RLA7,ACC-VGKP7L9,ZOMATO,EXT-C38HYF9,Punjab National Bank,PUNB0407419,MERCHANT,2025-04-26,FALSE,TRUE,NONE,1,AVAILABLE
BEN-UF738F,ACC-VK82WU9,MEDPLUS,EXT-JXK87AU,Axis Bank,UTIB0612340,MERCHANT,2024-07-28,FALSE,TRUE,NONE,1,AVAILABLE
BEN-2UV3TN,ACC-VK82WU9,BIGBASKET,EXT-NREK8PK,Punjab National Bank,PUNB0584714,MERCHANT,2025-02-03,FALSE,TRUE,NONE,2,AVAILABLE
BEN-5F16AX,ACC-VK82WU9,Ayush Prakash (Landlord),EXT-3C4NPDK,State Bank of India,INDB0975206,UNKNOWN,2025-02-24,FALSE,TRUE,NONE,5,AVAILABLE
BEN-0ME47M,ACC-VK82WU9,AMAZON PAY,EXT-OGYR3XK,IndusInd Bank,INDB0488162,MERCHANT,2025-02-25,FALSE,TRUE,NONE,1,AVAILABLE
BEN-1II2C3,ACC-VK82WU9,ZOMATO,EXT-C38HYF9,Punjab National Bank,PUNB0407419,MERCHANT,2025-04-11,FALSE,TRUE,NONE,1,AVAILABLE
BEN-C9YPDW,ACC-VK82WU9,JIO RECHARGE,EXT-ZRENUN5,Punjab National Bank,PUNB0514850,MERCHANT,2025-06-06,FALSE,TRUE,NONE,1,AVAILABLE
BEN-FM9RZU,ACC-VK82WU9,Samarth Krishnan,ACC-5DFNIAJ,Canara Bank,UBIN0885682,FAMILY,2025-08-09,FALSE,TRUE,NONE,3,AVAILABLE
BEN-97CHVN,ACC-VK82WU9,BLINKIT,EXT-3JQIP98,IndusInd Bank,INDB0375504,MERCHANT,2025-08-24,FALSE,TRUE,NONE,1,AVAILABLE
BEN-2QNMTA,ACC-VKE6H76,AMAZON PAY,EXT-OGYR3XK,IndusInd Bank,INDB0488162,MERCHANT,2024-08-27,FALSE,TRUE,NONE,1,AVAILABLE
BEN-03YOLR,ACC-VKE6H76,AIRTEL POSTPAID,EXT-8F1CBFN,IndusInd Bank,INDB0343962,MERCHANT,2024-08-28,FALSE,TRUE,NONE,1,AVAILABLE
BEN-6MNHDL,ACC-VKE6H76,Caleb Sethi,ACC-EYNINT1,IDFC FIRST Bank,CNRB0629615,FAMILY,2024-09-02,FALSE,TRUE,NONE,3,AVAILABLE
BEN-Y59W72,ACC-VKE6H76,DMART ONLINE,EXT-VHS1K3A,IndusInd Bank,INDB0857168,MERCHANT,2025-02-24,FALSE,TRUE,NONE,1,AVAILABLE
BEN-8G5SU2,ACC-VKE6H76,RAPIDO,EXT-7Q9AH8R,Canara Bank,CNRB0905934,MERCHANT,2025-08-28,FALSE,TRUE,NONE,1,AVAILABLE
BEN-W6EYF7,ACC-VKE6H76,INDIAN OIL,EXT-R9OUDOC,Bank of Baroda,BARB0944151,MERCHANT,2025-08-29,FALSE,TRUE,NONE,2,AVAILABLE
BEN-DY8TA0,ACC-VKE6H76,BLINKIT,EXT-3JQIP98,IndusInd Bank,INDB0375504,MERCHANT,2025-10-17,FALSE,TRUE,NONE,2,AVAILABLE
BEN-WGFDD3,ACC-VQ2RPUV,Garima Andra,ACC-VK82WU9,Punjab National Bank,SBIN0769194,FAMILY,2024-04-17,FALSE,TRUE,NONE,1,AVAILABLE
BEN-8HXI02,ACC-VQ2RPUV,SWIGGY,EXT-AK1VRJN,Kotak Mahindra Bank,KOTAK0900581,MERCHANT,2024-05-03,FALSE,TRUE,NONE,2,AVAILABLE
BEN-XB2QY2,ACC-VQ2RPUV,INDIAN OIL,EXT-R9OUDOC,Bank of Baroda,BARB0944151,MERCHANT,2024-05-30,FALSE,TRUE,NONE,1,AVAILABLE
BEN-YF8TFR,ACC-VQ2RPUV,RELIANCE DIGITAL,EXT-Q6L6GT6,Yes Bank,YESB0738551,MERCHANT,2024-06-28,FALSE,TRUE,NONE,1,AVAILABLE
BEN-IXOUB3,ACC-VQ2RPUV,RAPIDO,EXT-7Q9AH8R,Canara Bank,CNRB0905934,MERCHANT,2025-03-30,FALSE,TRUE,NONE,1,AVAILABLE
BEN-6OZM1X,ACC-VQ2RPUV,IRCTC,EXT-HJK1EYY,HDFC Bank,HDFC0724834,MERCHANT,2025-08-11,FALSE,TRUE,NONE,1,AVAILABLE
BEN-ZQV399,ACC-VQ2RPUV,ZOMATO,EXT-C38HYF9,Punjab National Bank,PUNB0407419,MERCHANT,2025-08-13,FALSE,TRUE,NONE,1,AVAILABLE
BEN-A4FXJJ,ACC-VQTRMI8,ZOMATO,EXT-C38HYF9,Punjab National Bank,PUNB0407419,MERCHANT,2024-04-04,FALSE,TRUE,NONE,1,AVAILABLE
BEN-1LYNNG,ACC-VQTRMI8,BLINKIT,EXT-3JQIP98,IndusInd Bank,INDB0375504,MERCHANT,2024-09-06,FALSE,TRUE,NONE,1,AVAILABLE
BEN-LZ8HW6,ACC-VQTRMI8,BOOKMYSHOW,EXT-1ZXOI65,Yes Bank,YESB0195325,MERCHANT,2024-09-19,FALSE,TRUE,NONE,1,AVAILABLE
BEN-WSU1A4,ACC-VQTRMI8,Chakradhar Tara,ACC-21YEFI7,Yes Bank,BARB0980805,FRIEND,2024-09-20,FALSE,TRUE,NONE,2,AVAILABLE
BEN-Z8D1GM,ACC-VQTRMI8,JIO RECHARGE,EXT-ZRENUN5,Punjab National Bank,PUNB0514850,MERCHANT,2025-02-01,FALSE,TRUE,NONE,1,AVAILABLE
BEN-KCIY69,ACC-VQTRMI8,AMAZON PAY,EXT-OGYR3XK,IndusInd Bank,INDB0488162,MERCHANT,2025-03-18,FALSE,TRUE,NONE,3,AVAILABLE
BEN-TRFY9X,ACC-VQTRMI8,INDIAN OIL,EXT-R9OUDOC,Bank of Baroda,BARB0944151,MERCHANT,2025-07-20,FALSE,TRUE,NONE,2,AVAILABLE
BEN-2T5ISL,ACC-VTEGB41,Bhavna Mukhopadhyay,ACC-3RAVC2U,Union Bank of India,PUNB0749713,FAMILY,2024-04-21,FALSE,TRUE,NONE,3,AVAILABLE
BEN-QKHY1S,ACC-VTEGB41,BIGBASKET,EXT-NREK8PK,Punjab National Bank,PUNB0584714,MERCHANT,2024-09-24,FALSE,TRUE,NONE,1,AVAILABLE
BEN-WS8V71,ACC-VTEGB41,INDIAN OIL,EXT-R9OUDOC,Bank of Baroda,BARB0944151,MERCHANT,2024-09-30,FALSE,TRUE,NONE,1,AVAILABLE
BEN-ZZZ2QF,ACC-VTEGB41,BLINKIT,EXT-3JQIP98,IndusInd Bank,INDB0375504,MERCHANT,2024-09-30,FALSE,TRUE,NONE,1,AVAILABLE
BEN-KF6O7Y,ACC-VTEGB41,BOOKMYSHOW,EXT-1ZXOI65,Yes Bank,YESB0195325,MERCHANT,2025-02-17,FALSE,TRUE,NONE,1,AVAILABLE
BEN-MJT41B,ACC-VTEGB41,AIRTEL POSTPAID,EXT-8F1CBFN,IndusInd Bank,INDB0343962,MERCHANT,2025-03-23,FALSE,TRUE,NONE,1,AVAILABLE
BEN-CP2116,ACC-VTEGB41,AMAZON PAY,EXT-OGYR3XK,IndusInd Bank,INDB0488162,MERCHANT,2025-04-04,FALSE,TRUE,NONE,1,AVAILABLE
BEN-R6036I,ACC-VTEGB41,DMART ONLINE,EXT-VHS1K3A,IndusInd Bank,INDB0857168,MERCHANT,2025-09-14,FALSE,TRUE,NONE,1,AVAILABLE
BEN-NUWL1R,ACC-VTEGB41,TATA POWER BILLING,EXT-B9M80O2,Union Bank of India,UBIN0717889,MERCHANT,2025-09-24,FALSE,TRUE,NONE,2,AVAILABLE
BEN-F6CUGP,ACC-VYP1NJG,SWIGGY,EXT-AK1VRJN,Kotak Mahindra Bank,KOTAK0900581,MERCHANT,2024-06-26,FALSE,TRUE,NONE,1,AVAILABLE
BEN-4SFRRB,ACC-VYP1NJG,Maanav Vyas,ACC-YYUG5GN,IDFC FIRST Bank,KOTAK0439408,FAMILY,2024-10-06,FALSE,TRUE,NONE,1,AVAILABLE
BEN-QF9Q2Y,ACC-VYP1NJG,INDIAN OIL,EXT-R9OUDOC,Bank of Baroda,BARB0944151,MERCHANT,2024-12-05,FALSE,TRUE,NONE,2,AVAILABLE
BEN-A5T9UT,ACC-VYP1NJG,TATA POWER BILLING,EXT-B9M80O2,Union Bank of India,UBIN0717889,MERCHANT,2025-02-13,FALSE,TRUE,NONE,1,AVAILABLE
BEN-LHSA9F,ACC-VYP1NJG,Yashoda Baral,ACC-DY7084P,Bank of Baroda,SBIN0167170,FRIEND,2025-03-16,FALSE,TRUE,NONE,3,AVAILABLE
BEN-6FZM3V,ACC-VYP1NJG,BIGBASKET,EXT-NREK8PK,Punjab National Bank,PUNB0584714,MERCHANT,2025-06-19,FALSE,TRUE,NONE,1,AVAILABLE
BEN-KGRI88,ACC-VYP1NJG,BOOKMYSHOW,EXT-1ZXOI65,Yes Bank,YESB0195325,MERCHANT,2025-06-24,FALSE,TRUE,NONE,1,AVAILABLE
BEN-SC9HM3,ACC-VYP1NJG,Zayan Ganguly,ACC-9XM091Z,State Bank of India,IDFB0933614,FRIEND,2025-07-18,FALSE,TRUE,NONE,3,AVAILABLE
BEN-6AGIEP,ACC-VYP1NJG,JIO RECHARGE,EXT-ZRENUN5,Punjab National Bank,PUNB0514850,MERCHANT,2025-07-29,FALSE,TRUE,NONE,1,AVAILABLE
BEN-ZHH1NA,ACC-VYP1NJG,RAPIDO,EXT-7Q9AH8R,Canara Bank,CNRB0905934,MERCHANT,2025-09-19,FALSE,TRUE,NONE,1,AVAILABLE
BEN-8YSRAY,ACC-W042LPI,BIGBASKET,EXT-NREK8PK,Punjab National Bank,PUNB0584714,MERCHANT,2024-04-01,FALSE,TRUE,NONE,1,AVAILABLE
BEN-23YRBK,ACC-W042LPI,JIO RECHARGE,EXT-ZRENUN5,Punjab National Bank,PUNB0514850,MERCHANT,2024-07-23,FALSE,TRUE,NONE,1,AVAILABLE
BEN-9OXEYY,ACC-W042LPI,Ekani Kant (Landlord),EXT-2H9ASQH,IndusInd Bank,CNRB0153051,UNKNOWN,2024-09-01,FALSE,TRUE,NONE,5,AVAILABLE
BEN-DXE3HE,ACC-W042LPI,ZOMATO,EXT-C38HYF9,Punjab National Bank,PUNB0407419,MERCHANT,2024-11-28,FALSE,TRUE,NONE,2,AVAILABLE
BEN-B4U1R4,ACC-W042LPI,RAPIDO,EXT-7Q9AH8R,Canara Bank,CNRB0905934,MERCHANT,2025-06-18,FALSE,TRUE,NONE,1,AVAILABLE
BEN-VWOON3,ACC-W042LPI,RELIANCE DIGITAL,EXT-Q6L6GT6,Yes Bank,YESB0738551,MERCHANT,2025-07-31,FALSE,TRUE,NONE,1,AVAILABLE
BEN-74QGP5,ACC-W042LPI,Reva Sur,EXT-1OS3LQM,Punjab National Bank,CNRB0281178,UNKNOWN,2025-08-11,FALSE,TRUE,NONE,1,AVAILABLE
BEN-GALV8B,ACC-W042LPI,BLINKIT,EXT-3JQIP98,IndusInd Bank,INDB0375504,MERCHANT,2025-08-11,FALSE,TRUE,NONE,1,AVAILABLE
BEN-OXK58Y,ACC-W14TOBD,BLINKIT,EXT-3JQIP98,IndusInd Bank,INDB0375504,MERCHANT,2024-04-23,FALSE,TRUE,NONE,1,AVAILABLE
BEN-G9BGLI,ACC-W14TOBD,DMART ONLINE,EXT-VHS1K3A,IndusInd Bank,INDB0857168,MERCHANT,2024-04-24,FALSE,TRUE,NONE,2,AVAILABLE
BEN-B3NGNB,ACC-W14TOBD,Saksham Ranganathan,ACC-I72U6W3,HDFC Bank,BARB0733443,FAMILY,2024-05-08,FALSE,TRUE,NONE,2,AVAILABLE
BEN-KT8VER,ACC-W14TOBD,SWIGGY,EXT-AK1VRJN,Kotak Mahindra Bank,KOTAK0900581,MERCHANT,2024-09-26,FALSE,TRUE,NONE,1,AVAILABLE
BEN-V70K7U,ACC-W14TOBD,Yamini Nazareth,ACC-YYUG5GN,State Bank of India,PUNB0578275,FRIEND,2025-04-07,FALSE,TRUE,NONE,2,AVAILABLE
BEN-GDN17O,ACC-W14TOBD,AMAZON PAY,EXT-OGYR3XK,IndusInd Bank,INDB0488162,MERCHANT,2025-05-05,FALSE,TRUE,NONE,1,AVAILABLE
BEN-H7ERXM,ACC-W14TOBD,IRCTC,EXT-HJK1EYY,HDFC Bank,HDFC0724834,MERCHANT,2025-08-18,FALSE,TRUE,NONE,1,AVAILABLE
BEN-FTL8V9,ACC-W77QKXI,Hemang Master,ACC-VQ2RPUV,Bank of Baroda,IDFB0838534,FRIEND,2024-04-16,FALSE,TRUE,NONE,1,AVAILABLE
BEN-XQAN9Y,ACC-W77QKXI,BOOKMYSHOW,EXT-1ZXOI65,Yes Bank,YESB0195325,MERCHANT,2024-04-16,FALSE,TRUE,NONE,1,AVAILABLE
BEN-UBCD6Z,ACC-W77QKXI,Nikita Deo,ACC-PCZ2O8N,Bank of Baroda,HDFC0720544,FRIEND,2024-07-19,FALSE,TRUE,NONE,1,AVAILABLE
BEN-SKXTF9,ACC-W77QKXI,MEDPLUS,EXT-JXK87AU,Axis Bank,UTIB0612340,MERCHANT,2024-07-29,FALSE,TRUE,NONE,1,AVAILABLE
BEN-94DV7A,ACC-W77QKXI,AMAZON PAY,EXT-OGYR3XK,IndusInd Bank,INDB0488162,MERCHANT,2024-09-03,FALSE,TRUE,NONE,2,AVAILABLE
BEN-38T9HH,ACC-W77QKXI,IRCTC,EXT-HJK1EYY,HDFC Bank,HDFC0724834,MERCHANT,2025-01-26,FALSE,TRUE,NONE,1,AVAILABLE
BEN-S8TF9A,ACC-W77QKXI,Ekta Nigam,ACC-43VVT0V,Yes Bank,ICIC0832300,FAMILY,2025-02-20,FALSE,TRUE,NONE,1,AVAILABLE
BEN-QLB26A,ACC-W77QKXI,RELIANCE DIGITAL,EXT-Q6L6GT6,Yes Bank,YESB0738551,MERCHANT,2025-02-22,FALSE,TRUE,NONE,1,AVAILABLE
BEN-V1PK1Y,ACC-W77QKXI,BIGBASKET,EXT-NREK8PK,Punjab National Bank,PUNB0584714,MERCHANT,2025-03-27,FALSE,TRUE,NONE,1,AVAILABLE
BEN-TV30J2,ACC-W81XE6V,Sachi Ahluwalia,ACC-W042LPI,Axis Bank,HDFC0843064,FRIEND,2024-04-21,FALSE,TRUE,NONE,2,AVAILABLE
BEN-T5099N,ACC-W81XE6V,RELIANCE DIGITAL,EXT-Q6L6GT6,Yes Bank,YESB0738551,MERCHANT,2024-06-08,FALSE,TRUE,NONE,2,AVAILABLE
BEN-YQH2BA,ACC-W81XE6V,Ayaan Samra,ACC-3JPJT10,IndusInd Bank,YESB0174659,FAMILY,2024-09-19,FALSE,TRUE,NONE,2,AVAILABLE
BEN-HWN2SC,ACC-W81XE6V,RAPIDO,EXT-7Q9AH8R,Canara Bank,CNRB0905934,MERCHANT,2024-12-22,FALSE,TRUE,NONE,1,AVAILABLE
BEN-YP3KH0,ACC-W81XE6V,AIRTEL POSTPAID,EXT-8F1CBFN,IndusInd Bank,INDB0343962,MERCHANT,2025-02-04,FALSE,TRUE,NONE,1,AVAILABLE
BEN-D376KE,ACC-W81XE6V,BLINKIT,EXT-3JQIP98,IndusInd Bank,INDB0375504,MERCHANT,2025-03-19,FALSE,TRUE,NONE,1,AVAILABLE
BEN-3OIK9W,ACC-W81XE6V,Victor Deol,ACC-W77QKXI,HDFC Bank,SBIN0913641,FRIEND,2025-03-25,FALSE,TRUE,NONE,1,AVAILABLE
BEN-X7TZ76,ACC-W81XE6V,BOOKMYSHOW,EXT-1ZXOI65,Yes Bank,YESB0195325,MERCHANT,2025-09-17,FALSE,TRUE,NONE,1,AVAILABLE
BEN-5ND2G3,ACC-W81XE6V,AMAZON PAY,EXT-OGYR3XK,IndusInd Bank,INDB0488162,MERCHANT,2025-09-25,FALSE,TRUE,NONE,1,AVAILABLE
BEN-24HG0D,ACC-WHV3F3F,RELIANCE DIGITAL,EXT-Q6L6GT6,Yes Bank,YESB0738551,MERCHANT,2024-10-12,FALSE,TRUE,NONE,1,AVAILABLE
BEN-7C54EA,ACC-WHV3F3F,RAPIDO,EXT-7Q9AH8R,Canara Bank,CNRB0905934,MERCHANT,2024-12-07,FALSE,TRUE,NONE,1,AVAILABLE
BEN-TQHP9U,ACC-WHV3F3F,Chaman Sangha,ACC-70SBOVV,ICICI Bank,CNRB0829487,FAMILY,2025-01-02,FALSE,TRUE,NONE,4,AVAILABLE
BEN-M556VR,ACC-WHV3F3F,Zarna Gola (Landlord),EXT-YRABN8M,Yes Bank,PUNB0240554,UNKNOWN,2025-01-25,FALSE,TRUE,NONE,5,AVAILABLE
BEN-HL36XK,ACC-WHV3F3F,Amaira Lata,EXT-XFWD2M8,Union Bank of India,YESB0295220,UNKNOWN,2025-03-13,FALSE,TRUE,NONE,1,AVAILABLE
BEN-1CW5YU,ACC-WHV3F3F,INDIAN OIL,EXT-R9OUDOC,Bank of Baroda,BARB0944151,MERCHANT,2025-05-17,FALSE,TRUE,NONE,1,AVAILABLE
BEN-NS1BIM,ACC-WHV3F3F,Teerth Wable,ACC-12310X5,IDFC FIRST Bank,KOTAK0340056,FAMILY,2025-05-29,FALSE,TRUE,NONE,1,AVAILABLE
BEN-RC9DNW,ACC-WHV3F3F,ZOMATO,EXT-C38HYF9,Punjab National Bank,PUNB0407419,MERCHANT,2025-07-08,FALSE,TRUE,NONE,1,AVAILABLE
BEN-A8PDD2,ACC-WHV3F3F,MEDPLUS,EXT-JXK87AU,Axis Bank,UTIB0612340,MERCHANT,2025-08-14,FALSE,TRUE,NONE,1,AVAILABLE
BEN-MSDKI7,ACC-WHV3F3F,IRCTC,EXT-HJK1EYY,HDFC Bank,HDFC0724834,MERCHANT,2025-08-15,FALSE,TRUE,NONE,1,AVAILABLE
BEN-VYNM7T,ACC-WUKFV2A,RAPIDO,EXT-7Q9AH8R,Canara Bank,CNRB0905934,MERCHANT,2024-07-15,FALSE,TRUE,NONE,1,AVAILABLE
BEN-WWFR8Q,ACC-WUKFV2A,MEDPLUS,EXT-JXK87AU,Axis Bank,UTIB0612340,MERCHANT,2024-08-04,FALSE,TRUE,NONE,1,AVAILABLE
BEN-YQB5IA,ACC-WUKFV2A,BOOKMYSHOW,EXT-1ZXOI65,Yes Bank,YESB0195325,MERCHANT,2024-09-27,FALSE,TRUE,NONE,1,AVAILABLE
BEN-NJZ6D6,ACC-WUKFV2A,RELIANCE DIGITAL,EXT-Q6L6GT6,Yes Bank,YESB0738551,MERCHANT,2024-12-26,FALSE,TRUE,NONE,1,AVAILABLE
BEN-LF53LG,ACC-WUKFV2A,INDIAN OIL,EXT-R9OUDOC,Bank of Baroda,BARB0944151,MERCHANT,2025-05-06,FALSE,TRUE,NONE,1,AVAILABLE
BEN-2ZOPUA,ACC-WUKFV2A,ZOMATO,EXT-C38HYF9,Punjab National Bank,PUNB0407419,MERCHANT,2025-08-16,FALSE,TRUE,NONE,1,AVAILABLE
BEN-0WL4QY,ACC-WUKFV2A,IRCTC,EXT-HJK1EYY,HDFC Bank,HDFC0724834,MERCHANT,2025-09-13,FALSE,TRUE,NONE,1,AVAILABLE
BEN-10FS9I,ACC-X1Z2YVL,BIGBASKET,EXT-NREK8PK,Punjab National Bank,PUNB0584714,MERCHANT,2024-03-17,FALSE,TRUE,NONE,2,AVAILABLE
BEN-1ZO268,ACC-X1Z2YVL,ZOMATO,EXT-C38HYF9,Punjab National Bank,PUNB0407419,MERCHANT,2024-06-21,FALSE,TRUE,NONE,1,AVAILABLE
BEN-BDEBO7,ACC-X1Z2YVL,IRCTC,EXT-HJK1EYY,HDFC Bank,HDFC0724834,MERCHANT,2025-01-12,FALSE,TRUE,NONE,1,AVAILABLE
BEN-FHB98M,ACC-X1Z2YVL,BOOKMYSHOW,EXT-1ZXOI65,Yes Bank,YESB0195325,MERCHANT,2025-04-02,FALSE,TRUE,NONE,1,AVAILABLE
BEN-EOJ7NC,ACC-X1Z2YVL,DMART ONLINE,EXT-VHS1K3A,IndusInd Bank,INDB0857168,MERCHANT,2025-05-25,FALSE,TRUE,NONE,1,AVAILABLE
BEN-QQMO2T,ACC-X1Z2YVL,Yashica Dey,ACC-TR5GOIT,Bank of Baroda,ICIC0296346,FAMILY,2025-06-12,FALSE,TRUE,NONE,1,AVAILABLE
BEN-DXW3RL,ACC-X1Z2YVL,MEDPLUS,EXT-JXK87AU,Axis Bank,UTIB0612340,MERCHANT,2025-08-14,FALSE,TRUE,NONE,1,AVAILABLE
BEN-PU1983,ACC-X1Z2YVL,Neel Chaudhry,ACC-9FM8D7M,State Bank of India,YESB0522365,FRIEND,2025-10-25,FALSE,TRUE,NONE,2,AVAILABLE
BEN-OWDE9E,ACC-X1Z2YVL,Vedant Sheth,ACC-A170XC7,State Bank of India,UBIN0252960,FRIEND,2025-11-03,FALSE,TRUE,NONE,1,AVAILABLE
BEN-47VM1T,ACC-X35UAF3,MEDPLUS,EXT-JXK87AU,Axis Bank,UTIB0612340,MERCHANT,2024-05-06,FALSE,TRUE,NONE,1,AVAILABLE
BEN-0JARRI,ACC-X35UAF3,ZOMATO,EXT-C38HYF9,Punjab National Bank,PUNB0407419,MERCHANT,2024-06-05,FALSE,TRUE,NONE,1,AVAILABLE
BEN-24XH6R,ACC-X35UAF3,Jason Raman,EXT-GOZ5CI1,ICICI Bank,CNRB0914824,UNKNOWN,2024-10-31,FALSE,TRUE,NONE,1,AVAILABLE
BEN-0IK35E,ACC-X35UAF3,BLINKIT,EXT-3JQIP98,IndusInd Bank,INDB0375504,MERCHANT,2024-11-06,FALSE,TRUE,NONE,1,AVAILABLE
BEN-7F3RKV,ACC-X35UAF3,DMART ONLINE,EXT-VHS1K3A,IndusInd Bank,INDB0857168,MERCHANT,2025-04-01,FALSE,TRUE,NONE,1,AVAILABLE
BEN-X0EUXK,ACC-X35UAF3,BIGBASKET,EXT-NREK8PK,Punjab National Bank,PUNB0584714,MERCHANT,2025-04-20,FALSE,TRUE,NONE,2,AVAILABLE
BEN-FF5GT0,ACC-X35UAF3,SWIGGY,EXT-AK1VRJN,Kotak Mahindra Bank,KOTAK0900581,MERCHANT,2025-08-15,FALSE,TRUE,NONE,1,AVAILABLE
BEN-WZP1BV,ACC-X35UAF3,INDIAN OIL,EXT-R9OUDOC,Bank of Baroda,BARB0944151,MERCHANT,2025-10-19,FALSE,TRUE,NONE,1,AVAILABLE
BEN-9A804Z,ACC-X8ADQCH,RAPIDO,EXT-7Q9AH8R,Canara Bank,CNRB0905934,MERCHANT,2024-05-22,FALSE,TRUE,NONE,1,AVAILABLE
BEN-FXU8A9,ACC-X8ADQCH,RELIANCE DIGITAL,EXT-Q6L6GT6,Yes Bank,YESB0738551,MERCHANT,2024-06-30,FALSE,TRUE,NONE,1,AVAILABLE
BEN-0Y3X9W,ACC-X8ADQCH,AIRTEL POSTPAID,EXT-8F1CBFN,IndusInd Bank,INDB0343962,MERCHANT,2025-01-08,FALSE,TRUE,NONE,1,AVAILABLE
BEN-7FIOBN,ACC-X8ADQCH,MEDPLUS,EXT-JXK87AU,Axis Bank,UTIB0612340,MERCHANT,2025-01-17,FALSE,TRUE,NONE,1,AVAILABLE
BEN-9RT0UF,ACC-X8ADQCH,IRCTC,EXT-HJK1EYY,HDFC Bank,HDFC0724834,MERCHANT,2025-06-03,FALSE,TRUE,NONE,1,AVAILABLE
BEN-TO9JVS,ACC-X8ADQCH,BIGBASKET,EXT-NREK8PK,Punjab National Bank,PUNB0584714,MERCHANT,2025-06-21,FALSE,TRUE,NONE,1,AVAILABLE
BEN-APM527,ACC-X8ADQCH,JIO RECHARGE,EXT-ZRENUN5,Punjab National Bank,PUNB0514850,MERCHANT,2025-08-14,FALSE,TRUE,NONE,1,AVAILABLE
BEN-PST233,ACC-X8ADQCH,INDIAN OIL,EXT-R9OUDOC,Bank of Baroda,BARB0944151,MERCHANT,2025-09-11,FALSE,TRUE,NONE,1,AVAILABLE
BEN-5YZ49K,ACC-X8ADQCH,TATA POWER BILLING,EXT-B9M80O2,Union Bank of India,UBIN0717889,MERCHANT,2025-10-01,FALSE,TRUE,NONE,1,AVAILABLE
BEN-VGKLI0,ACC-XANBX94,Ekanta Chander,ACC-6I5A7D9,HDFC Bank,SBIN0818902,FAMILY,2024-03-14,FALSE,TRUE,NONE,2,AVAILABLE
BEN-02R6I9,ACC-XANBX94,RAPIDO,EXT-7Q9AH8R,Canara Bank,CNRB0905934,MERCHANT,2024-03-25,FALSE,TRUE,NONE,3,AVAILABLE
BEN-O3Z3GC,ACC-XANBX94,SWIGGY,EXT-AK1VRJN,Kotak Mahindra Bank,KOTAK0900581,MERCHANT,2024-10-20,FALSE,TRUE,NONE,1,AVAILABLE
BEN-PNMME1,ACC-XANBX94,INDIAN OIL,EXT-R9OUDOC,Bank of Baroda,BARB0944151,MERCHANT,2025-05-12,FALSE,TRUE,NONE,2,AVAILABLE
BEN-W2W30W,ACC-XANBX94,RELIANCE DIGITAL,EXT-Q6L6GT6,Yes Bank,YESB0738551,MERCHANT,2025-05-28,FALSE,TRUE,NONE,1,AVAILABLE
BEN-F4J3HJ,ACC-XANBX94,IRCTC,EXT-HJK1EYY,HDFC Bank,HDFC0724834,MERCHANT,2025-06-04,FALSE,TRUE,NONE,1,AVAILABLE
BEN-8QC6QH,ACC-XGJ1QQ8,RELIANCE DIGITAL,EXT-Q6L6GT6,Yes Bank,YESB0738551,MERCHANT,2024-04-29,FALSE,TRUE,NONE,1,AVAILABLE
BEN-C0ZHOH,ACC-XGJ1QQ8,TATA POWER BILLING,EXT-B9M80O2,Union Bank of India,UBIN0717889,MERCHANT,2024-08-21,FALSE,TRUE,NONE,1,AVAILABLE
BEN-26AXAF,ACC-XGJ1QQ8,MEDPLUS,EXT-JXK87AU,Axis Bank,UTIB0612340,MERCHANT,2025-02-28,FALSE,TRUE,NONE,2,AVAILABLE
BEN-WA4YTF,ACC-XGJ1QQ8,AMAZON PAY,EXT-OGYR3XK,IndusInd Bank,INDB0488162,MERCHANT,2025-03-01,FALSE,TRUE,NONE,1,AVAILABLE
BEN-YT2GKJ,ACC-XGJ1QQ8,Ranbir Samra,ACC-MC67OKC,Bank of Baroda,CNRB0410661,FAMILY,2025-05-11,FALSE,TRUE,NONE,3,AVAILABLE
BEN-17P29P,ACC-XGJ1QQ8,RAPIDO,EXT-7Q9AH8R,Canara Bank,CNRB0905934,MERCHANT,2025-07-03,FALSE,TRUE,NONE,1,AVAILABLE
BEN-QJRFO2,ACC-XGJ1QQ8,BLINKIT,EXT-3JQIP98,IndusInd Bank,INDB0375504,MERCHANT,2025-08-13,FALSE,TRUE,NONE,3,AVAILABLE
BEN-PVKO0R,ACC-XHO0VH4,DMART ONLINE,EXT-VHS1K3A,IndusInd Bank,INDB0857168,MERCHANT,2024-03-27,FALSE,TRUE,NONE,1,AVAILABLE
BEN-Q7U3FL,ACC-XHO0VH4,ZOMATO,EXT-C38HYF9,Punjab National Bank,PUNB0407419,MERCHANT,2024-08-10,FALSE,TRUE,NONE,2,AVAILABLE
BEN-FYEI4S,ACC-XHO0VH4,Aadi Nair,ACC-TR5GOIT,Yes Bank,PUNB0464042,FRIEND,2024-10-06,FALSE,TRUE,NONE,1,AVAILABLE
BEN-N4Q0DC,ACC-XHO0VH4,INDIAN OIL,EXT-R9OUDOC,Bank of Baroda,BARB0944151,MERCHANT,2025-01-02,FALSE,TRUE,NONE,1,AVAILABLE
BEN-8T6SK1,ACC-XHO0VH4,Chanchal Nanda,ACC-CR0F5PX,IDFC FIRST Bank,IDFB0796683,FRIEND,2025-05-07,FALSE,TRUE,NONE,2,AVAILABLE
BEN-LEIT6S,ACC-XHO0VH4,IRCTC,EXT-HJK1EYY,HDFC Bank,HDFC0724834,MERCHANT,2025-06-07,FALSE,TRUE,NONE,2,AVAILABLE
BEN-3ANSB6,ACC-XHO0VH4,BLINKIT,EXT-3JQIP98,IndusInd Bank,INDB0375504,MERCHANT,2025-06-24,FALSE,TRUE,NONE,1,AVAILABLE
BEN-KAO7MR,ACC-XHO0VH4,RELIANCE DIGITAL,EXT-Q6L6GT6,Yes Bank,YESB0738551,MERCHANT,2025-09-26,FALSE,TRUE,NONE,1,AVAILABLE
BEN-KVI3U2,ACC-XI27VLT,INDIAN OIL,EXT-R9OUDOC,Bank of Baroda,BARB0944151,MERCHANT,2024-06-07,FALSE,TRUE,NONE,3,AVAILABLE
BEN-28BSBH,ACC-XI27VLT,TATA POWER BILLING,EXT-B9M80O2,Union Bank of India,UBIN0717889,MERCHANT,2024-07-04,FALSE,TRUE,NONE,1,AVAILABLE
BEN-AZ7BLA,ACC-XI27VLT,Indira Oak,ACC-YYUG5GN,Bank of Baroda,HDFC0290555,FAMILY,2024-10-10,FALSE,TRUE,NONE,3,AVAILABLE
BEN-Q0KOOI,ACC-XI27VLT,BLINKIT,EXT-3JQIP98,IndusInd Bank,INDB0375504,MERCHANT,2024-10-24,FALSE,TRUE,NONE,1,AVAILABLE
BEN-M8TJH2,ACC-XI27VLT,IRCTC,EXT-HJK1EYY,HDFC Bank,HDFC0724834,MERCHANT,2024-12-07,FALSE,TRUE,NONE,1,AVAILABLE
BEN-A78TEV,ACC-XI27VLT,DMART ONLINE,EXT-VHS1K3A,IndusInd Bank,INDB0857168,MERCHANT,2025-01-29,FALSE,TRUE,NONE,1,AVAILABLE
BEN-XE63AI,ACC-XI27VLT,BIGBASKET,EXT-NREK8PK,Punjab National Bank,PUNB0584714,MERCHANT,2025-08-16,FALSE,TRUE,NONE,1,AVAILABLE
BEN-9FKZ8A,ACC-XI27VLT,Neel Loyal,ACC-5FVDDWJ,Union Bank of India,KOTAK0910599,FAMILY,2025-08-16,FALSE,TRUE,NONE,1,AVAILABLE
BEN-51ZE0H,ACC-XI27VLT,RELIANCE DIGITAL,EXT-Q6L6GT6,Yes Bank,YESB0738551,MERCHANT,2025-10-11,FALSE,TRUE,NONE,1,AVAILABLE
BEN-AO771A,ACC-XMSTP3X,JIO RECHARGE,EXT-ZRENUN5,Punjab National Bank,PUNB0514850,MERCHANT,2024-04-07,FALSE,TRUE,NONE,1,AVAILABLE
BEN-6B7MKK,ACC-XMSTP3X,AMAZON PAY,EXT-OGYR3XK,IndusInd Bank,INDB0488162,MERCHANT,2024-04-20,FALSE,TRUE,NONE,1,AVAILABLE
BEN-952I1F,ACC-XMSTP3X,AIRTEL POSTPAID,EXT-8F1CBFN,IndusInd Bank,INDB0343962,MERCHANT,2024-05-09,FALSE,TRUE,NONE,1,AVAILABLE
BEN-DTWQN4,ACC-XMSTP3X,IRCTC,EXT-HJK1EYY,HDFC Bank,HDFC0724834,MERCHANT,2024-05-23,FALSE,TRUE,NONE,2,AVAILABLE
BEN-MDRX1V,ACC-XMSTP3X,BLINKIT,EXT-3JQIP98,IndusInd Bank,INDB0375504,MERCHANT,2024-11-19,FALSE,TRUE,NONE,1,AVAILABLE
BEN-S82EMK,ACC-XMSTP3X,BOOKMYSHOW,EXT-1ZXOI65,Yes Bank,YESB0195325,MERCHANT,2025-05-05,FALSE,TRUE,NONE,3,AVAILABLE
BEN-R2V96J,ACC-XQ6ARCR,Garima Ganesh,ACC-AO08CAP,Yes Bank,SBIN0122243,FRIEND,2024-04-30,FALSE,TRUE,NONE,3,AVAILABLE
BEN-OH4I5X,ACC-XQ6ARCR,BLINKIT,EXT-3JQIP98,IndusInd Bank,INDB0375504,MERCHANT,2024-08-04,FALSE,TRUE,NONE,2,AVAILABLE
BEN-3B4CKZ,ACC-XQ6ARCR,Wahab Prasad,ACC-GA3ZIBH,IDFC FIRST Bank,IDFB0723951,FAMILY,2024-11-20,FALSE,TRUE,NONE,2,AVAILABLE
BEN-F1MWTX,ACC-XQ6ARCR,RELIANCE DIGITAL,EXT-Q6L6GT6,Yes Bank,YESB0738551,MERCHANT,2025-04-15,FALSE,TRUE,NONE,1,AVAILABLE
BEN-CNC4MD,ACC-XQ6ARCR,RAPIDO,EXT-7Q9AH8R,Canara Bank,CNRB0905934,MERCHANT,2025-06-06,FALSE,TRUE,NONE,1,AVAILABLE
BEN-HMI342,ACC-XQ6ARCR,IRCTC,EXT-HJK1EYY,HDFC Bank,HDFC0724834,MERCHANT,2025-08-29,FALSE,TRUE,NONE,1,AVAILABLE
BEN-N3N26G,ACC-XQS3H4D,BOOKMYSHOW,EXT-1ZXOI65,Yes Bank,YESB0195325,MERCHANT,2024-03-27,FALSE,TRUE,NONE,1,AVAILABLE
BEN-YKH1I3,ACC-XQS3H4D,Kevin Karan,ACC-1SGFGFB,Punjab National Bank,UBIN0628358,FRIEND,2024-06-19,FALSE,TRUE,NONE,1,AVAILABLE
BEN-9PAIEB,ACC-XQS3H4D,TATA POWER BILLING,EXT-B9M80O2,Union Bank of India,UBIN0717889,MERCHANT,2024-07-09,FALSE,TRUE,NONE,1,AVAILABLE
BEN-ACXWE7,ACC-XQS3H4D,IRCTC,EXT-HJK1EYY,HDFC Bank,HDFC0724834,MERCHANT,2024-09-21,FALSE,TRUE,NONE,1,AVAILABLE
BEN-8Y8FR5,ACC-XQS3H4D,Triveni Narayanan (Landlord),EXT-67G6Y6K,State Bank of India,YESB0604243,UNKNOWN,2024-11-13,FALSE,TRUE,NONE,5,AVAILABLE
BEN-R0DZTS,ACC-XQS3H4D,RAPIDO,EXT-7Q9AH8R,Canara Bank,CNRB0905934,MERCHANT,2024-12-31,FALSE,TRUE,NONE,1,AVAILABLE
BEN-VV3OVG,ACC-XQS3H4D,Vasatika Kumer,EXT-ZAZ759B,IDFC FIRST Bank,UTIB0750590,UNKNOWN,2025-05-07,FALSE,TRUE,NONE,1,AVAILABLE
BEN-9AUCQB,ACC-XQS3H4D,JIO RECHARGE,EXT-ZRENUN5,Punjab National Bank,PUNB0514850,MERCHANT,2025-06-18,FALSE,TRUE,NONE,1,AVAILABLE
BEN-W02MW4,ACC-XQS3H4D,AIRTEL POSTPAID,EXT-8F1CBFN,IndusInd Bank,INDB0343962,MERCHANT,2025-07-26,FALSE,TRUE,NONE,2,AVAILABLE
BEN-L163QR,ACC-XSK28T7,TATA POWER BILLING,EXT-B9M80O2,Union Bank of India,UBIN0717889,MERCHANT,2024-04-12,FALSE,TRUE,NONE,1,AVAILABLE
BEN-G0JPTF,ACC-XSK28T7,Osha Bhalla,ACC-D7761SU,Yes Bank,CNRB0722978,FAMILY,2024-05-06,FALSE,TRUE,NONE,1,AVAILABLE
BEN-4QCP46,ACC-XSK28T7,RAPIDO,EXT-7Q9AH8R,Canara Bank,CNRB0905934,MERCHANT,2024-08-11,FALSE,TRUE,NONE,1,AVAILABLE
BEN-OVL8WW,ACC-XSK28T7,IRCTC,EXT-HJK1EYY,HDFC Bank,HDFC0724834,MERCHANT,2025-07-30,FALSE,TRUE,NONE,2,AVAILABLE
BEN-RR5RNI,ACC-XSK28T7,AMAZON PAY,EXT-OGYR3XK,IndusInd Bank,INDB0488162,MERCHANT,2025-08-05,FALSE,TRUE,NONE,1,AVAILABLE
BEN-4O91SJ,ACC-XU0COJB,Avni Lad,ACC-USMF0XL,Canara Bank,PUNB0122228,FRIEND,2024-04-10,FALSE,TRUE,NONE,3,AVAILABLE
BEN-PJSM9B,ACC-XU0COJB,BLINKIT,EXT-3JQIP98,IndusInd Bank,INDB0375504,MERCHANT,2024-05-13,FALSE,TRUE,NONE,1,AVAILABLE
BEN-RVULV4,ACC-XU0COJB,MEDPLUS,EXT-JXK87AU,Axis Bank,UTIB0612340,MERCHANT,2024-07-17,FALSE,TRUE,NONE,2,AVAILABLE
BEN-XP217Z,ACC-XU0COJB,Lajita Chatterjee,ACC-95IUZ6Y,Canara Bank,CNRB0374655,FAMILY,2024-11-05,FALSE,TRUE,NONE,3,AVAILABLE
BEN-4TVY0B,ACC-XU0COJB,AIRTEL POSTPAID,EXT-8F1CBFN,IndusInd Bank,INDB0343962,MERCHANT,2025-03-14,FALSE,TRUE,NONE,1,AVAILABLE
BEN-B2F47O,ACC-XU0COJB,TATA POWER BILLING,EXT-B9M80O2,Union Bank of India,UBIN0717889,MERCHANT,2025-04-19,FALSE,TRUE,NONE,1,AVAILABLE
BEN-7RPMU2,ACC-XU0COJB,BOOKMYSHOW,EXT-1ZXOI65,Yes Bank,YESB0195325,MERCHANT,2025-09-30,FALSE,TRUE,NONE,2,AVAILABLE
BEN-W3FYBN,ACC-XU0COJB,Netra Bumb (Landlord),EXT-LKL7FK7,IndusInd Bank,UTIB0593692,UNKNOWN,2025-10-25,FALSE,TRUE,NONE,4,AVAILABLE
BEN-3AG3LD,ACC-XXV6AZE,AIRTEL POSTPAID,EXT-8F1CBFN,IndusInd Bank,INDB0343962,MERCHANT,2024-07-25,FALSE,TRUE,NONE,2,AVAILABLE
BEN-9SLVND,ACC-XXV6AZE,AMAZON PAY,EXT-OGYR3XK,IndusInd Bank,INDB0488162,MERCHANT,2024-09-17,FALSE,TRUE,NONE,1,AVAILABLE
BEN-KRDD2B,ACC-XXV6AZE,Yug Patil,ACC-6GN8W9U,State Bank of India,UTIB0539002,FAMILY,2025-03-02,FALSE,TRUE,NONE,2,AVAILABLE
BEN-GTM7ML,ACC-XXV6AZE,JIO RECHARGE,EXT-ZRENUN5,Punjab National Bank,PUNB0514850,MERCHANT,2025-05-30,FALSE,TRUE,NONE,1,AVAILABLE
BEN-YCAZ9W,ACC-XXV6AZE,INDIAN OIL,EXT-R9OUDOC,Bank of Baroda,BARB0944151,MERCHANT,2025-06-08,FALSE,TRUE,NONE,1,AVAILABLE
BEN-VUYC82,ACC-XXV6AZE,BOOKMYSHOW,EXT-1ZXOI65,Yes Bank,YESB0195325,MERCHANT,2025-10-02,FALSE,TRUE,NONE,1,AVAILABLE
BEN-38K5JB,ACC-Y1WIZ9P,TATA POWER BILLING,EXT-B9M80O2,Union Bank of India,UBIN0717889,MERCHANT,2024-05-01,FALSE,TRUE,NONE,2,AVAILABLE
BEN-H7LBC0,ACC-Y1WIZ9P,BIGBASKET,EXT-NREK8PK,Punjab National Bank,PUNB0584714,MERCHANT,2024-08-02,FALSE,TRUE,NONE,2,AVAILABLE
BEN-KW2FZS,ACC-Y1WIZ9P,ZOMATO,EXT-C38HYF9,Punjab National Bank,PUNB0407419,MERCHANT,2024-09-14,FALSE,TRUE,NONE,1,AVAILABLE
BEN-YZ5FHZ,ACC-Y1WIZ9P,SWIGGY,EXT-AK1VRJN,Kotak Mahindra Bank,KOTAK0900581,MERCHANT,2024-09-27,FALSE,TRUE,NONE,1,AVAILABLE
BEN-T06TXZ,ACC-Y1WIZ9P,AIRTEL POSTPAID,EXT-8F1CBFN,IndusInd Bank,INDB0343962,MERCHANT,2025-03-07,FALSE,TRUE,NONE,2,AVAILABLE
BEN-5K3CC0,ACC-Y1WIZ9P,Mitesh Bhavsar,ACC-H7GPNG4,Canara Bank,INDB0939416,FAMILY,2025-06-28,FALSE,TRUE,NONE,2,AVAILABLE
BEN-V6JA8I,ACC-Y1WIZ9P,Chameli Keer (Landlord),EXT-BZ3RY13,IDFC FIRST Bank,ICIC0196955,UNKNOWN,2025-07-02,FALSE,TRUE,NONE,3,AVAILABLE
BEN-Q0OQW2,ACC-YRJVZA6,BIGBASKET,EXT-NREK8PK,Punjab National Bank,PUNB0584714,MERCHANT,2024-03-16,FALSE,TRUE,NONE,1,AVAILABLE
BEN-VK937N,ACC-YRJVZA6,SWIGGY,EXT-AK1VRJN,Kotak Mahindra Bank,KOTAK0900581,MERCHANT,2025-02-12,FALSE,TRUE,NONE,1,AVAILABLE
BEN-XG6FN5,ACC-YRJVZA6,RAPIDO,EXT-7Q9AH8R,Canara Bank,CNRB0905934,MERCHANT,2025-02-28,FALSE,TRUE,NONE,1,AVAILABLE
BEN-WQ80XF,ACC-YRJVZA6,MEDPLUS,EXT-JXK87AU,Axis Bank,UTIB0612340,MERCHANT,2025-05-19,FALSE,TRUE,NONE,1,AVAILABLE
BEN-1RLAMX,ACC-YRJVZA6,ZOMATO,EXT-C38HYF9,Punjab National Bank,PUNB0407419,MERCHANT,2025-06-22,FALSE,TRUE,NONE,1,AVAILABLE
BEN-ET62KZ,ACC-YRJVZA6,BLINKIT,EXT-3JQIP98,IndusInd Bank,INDB0375504,MERCHANT,2025-09-04,FALSE,TRUE,NONE,1,AVAILABLE
BEN-5SXGMZ,ACC-YRJVZA6,INDIAN OIL,EXT-R9OUDOC,Bank of Baroda,BARB0944151,MERCHANT,2025-10-16,FALSE,TRUE,NONE,1,AVAILABLE
BEN-5K2F0U,ACC-YSN7NG9,BIGBASKET,EXT-NREK8PK,Punjab National Bank,PUNB0584714,MERCHANT,2025-03-13,FALSE,TRUE,NONE,1,AVAILABLE
BEN-E277I5,ACC-YSN7NG9,INDIAN OIL,EXT-R9OUDOC,Bank of Baroda,BARB0944151,MERCHANT,2025-05-23,FALSE,TRUE,NONE,2,AVAILABLE
BEN-QHAZL1,ACC-YSN7NG9,RAPIDO,EXT-7Q9AH8R,Canara Bank,CNRB0905934,MERCHANT,2025-06-25,FALSE,TRUE,NONE,1,AVAILABLE
BEN-O9URCF,ACC-YSN7NG9,SWIGGY,EXT-AK1VRJN,Kotak Mahindra Bank,KOTAK0900581,MERCHANT,2025-08-12,FALSE,TRUE,NONE,2,AVAILABLE
BEN-1XHPEE,ACC-YTFDRY5,AIRTEL POSTPAID,EXT-8F1CBFN,IndusInd Bank,INDB0343962,MERCHANT,2024-07-23,FALSE,TRUE,NONE,1,AVAILABLE
BEN-BIIX3S,ACC-YTFDRY5,SWIGGY,EXT-AK1VRJN,Kotak Mahindra Bank,KOTAK0900581,MERCHANT,2024-09-19,FALSE,TRUE,NONE,1,AVAILABLE
BEN-7KKOY3,ACC-YTFDRY5,BIGBASKET,EXT-NREK8PK,Punjab National Bank,PUNB0584714,MERCHANT,2024-12-05,FALSE,TRUE,NONE,1,AVAILABLE
BEN-7JVGA6,ACC-YTFDRY5,TATA POWER BILLING,EXT-B9M80O2,Union Bank of India,UBIN0717889,MERCHANT,2024-12-07,FALSE,TRUE,NONE,2,AVAILABLE
BEN-AB131I,ACC-YTFDRY5,RAPIDO,EXT-7Q9AH8R,Canara Bank,CNRB0905934,MERCHANT,2025-01-26,FALSE,TRUE,NONE,1,AVAILABLE
BEN-2BX9FO,ACC-YTFDRY5,Lavanya Warrior,ACC-PR8DOYW,Bank of Baroda,HDFC0688830,FAMILY,2025-08-23,FALSE,TRUE,NONE,1,AVAILABLE
BEN-GDJ4HL,ACC-YTFDRY5,JIO RECHARGE,EXT-ZRENUN5,Punjab National Bank,PUNB0514850,MERCHANT,2025-09-24,FALSE,TRUE,NONE,1,AVAILABLE
BEN-CO2TYH,ACC-YYUG5GN,BOOKMYSHOW,EXT-1ZXOI65,Yes Bank,YESB0195325,MERCHANT,2024-11-02,FALSE,TRUE,NONE,2,AVAILABLE
BEN-BTY4HM,ACC-YYUG5GN,IRCTC,EXT-HJK1EYY,HDFC Bank,HDFC0724834,MERCHANT,2024-12-22,FALSE,TRUE,NONE,1,AVAILABLE
BEN-H3SUJD,ACC-YYUG5GN,DMART ONLINE,EXT-VHS1K3A,IndusInd Bank,INDB0857168,MERCHANT,2024-12-29,FALSE,TRUE,NONE,1,AVAILABLE
BEN-I3J1W4,ACC-YYUG5GN,RAPIDO,EXT-7Q9AH8R,Canara Bank,CNRB0905934,MERCHANT,2025-04-15,FALSE,TRUE,NONE,1,AVAILABLE
BEN-2MNEZC,ACC-YYUG5GN,RELIANCE DIGITAL,EXT-Q6L6GT6,Yes Bank,YESB0738551,MERCHANT,2025-08-14,FALSE,TRUE,NONE,1,AVAILABLE
BEN-O9FMGV,ACC-YYUG5GN,BLINKIT,EXT-3JQIP98,IndusInd Bank,INDB0375504,MERCHANT,2025-09-09,FALSE,TRUE,NONE,1,AVAILABLE
BEN-0M2X33,ACC-YYUG5GN,Girik Kadakia,ACC-VK82WU9,Bank of Baroda,CNRB0468202,FRIEND,2025-09-25,FALSE,TRUE,NONE,5,AVAILABLE
BEN-VR2DZV,ACC-Z565OD7,TATA POWER BILLING,EXT-B9M80O2,Union Bank of India,UBIN0717889,MERCHANT,2024-03-24,FALSE,TRUE,NONE,1,AVAILABLE
BEN-JMS9HJ,ACC-Z565OD7,AMAZON PAY,EXT-OGYR3XK,IndusInd Bank,INDB0488162,MERCHANT,2024-05-13,FALSE,TRUE,NONE,2,AVAILABLE
BEN-I0O8EL,ACC-Z565OD7,Charvi Shere,EXT-PXO1CD6,IndusInd Bank,SBIN0839342,UNKNOWN,2024-11-20,FALSE,TRUE,NONE,1,AVAILABLE
BEN-4FT4SN,ACC-Z565OD7,Reva Kapoor,ACC-66NW7Y6,State Bank of India,PUNB0978525,FRIEND,2025-02-08,FALSE,TRUE,NONE,1,AVAILABLE
BEN-ESQ7HY,ACC-Z565OD7,RELIANCE DIGITAL,EXT-Q6L6GT6,Yes Bank,YESB0738551,MERCHANT,2025-04-23,FALSE,TRUE,NONE,2,AVAILABLE
BEN-UFEJZ9,ACC-Z565OD7,Ekansh Arora,ACC-RIH330K,Punjab National Bank,UTIB0994725,FRIEND,2025-04-27,FALSE,TRUE,NONE,1,AVAILABLE
BEN-KMK86F,ACC-Z565OD7,DMART ONLINE,EXT-VHS1K3A,IndusInd Bank,INDB0857168,MERCHANT,2025-05-19,FALSE,TRUE,NONE,1,AVAILABLE
BEN-RWU6SW,ACC-Z565OD7,BIGBASKET,EXT-NREK8PK,Punjab National Bank,PUNB0584714,MERCHANT,2025-06-21,FALSE,TRUE,NONE,3,AVAILABLE
BEN-WNID0T,ACC-Z565OD7,SWIGGY,EXT-AK1VRJN,Kotak Mahindra Bank,KOTAK0900581,MERCHANT,2025-06-23,FALSE,TRUE,NONE,1,AVAILABLE
BEN-LN6MM9,ACC-Z565OD7,Aadhya Kothari,ACC-XI27VLT,Kotak Mahindra Bank,HDFC0767086,FRIEND,2025-07-03,FALSE,TRUE,NONE,1,AVAILABLE
BEN-E9DQS3,ACC-Z9UR73A,Vincent Jhaveri,ACC-AWXUF9Q,Kotak Mahindra Bank,UTIB0988952,FRIEND,2024-03-23,FALSE,TRUE,NONE,4,AVAILABLE
BEN-D2UI9F,ACC-Z9UR73A,Ishani Gera,ACC-GL64TPK,Union Bank of India,YESB0570496,FRIEND,2024-04-26,FALSE,TRUE,NONE,2,AVAILABLE
BEN-JY5GMR,ACC-Z9UR73A,BOOKMYSHOW,EXT-1ZXOI65,Yes Bank,YESB0195325,MERCHANT,2024-06-19,FALSE,TRUE,NONE,1,AVAILABLE
BEN-JQ0MZB,ACC-Z9UR73A,JIO RECHARGE,EXT-ZRENUN5,Punjab National Bank,PUNB0514850,MERCHANT,2024-08-11,FALSE,TRUE,NONE,1,AVAILABLE
BEN-D0AZR9,ACC-Z9UR73A,ZOMATO,EXT-C38HYF9,Punjab National Bank,PUNB0407419,MERCHANT,2024-08-20,FALSE,TRUE,NONE,1,AVAILABLE
BEN-86YWNT,ACC-Z9UR73A,Ekavir Tara,ACC-C46C17Z,Axis Bank,BARB0908620,FRIEND,2024-11-28,FALSE,TRUE,NONE,1,AVAILABLE
BEN-6SUXUY,ACC-Z9UR73A,DMART ONLINE,EXT-VHS1K3A,IndusInd Bank,INDB0857168,MERCHANT,2025-01-17,FALSE,TRUE,NONE,1,AVAILABLE
BEN-B6IN4D,ACC-Z9UR73A,MEDPLUS,EXT-JXK87AU,Axis Bank,UTIB0612340,MERCHANT,2025-03-13,FALSE,TRUE,NONE,1,AVAILABLE
BEN-DNHST8,ACC-Z9UR73A,IRCTC,EXT-HJK1EYY,HDFC Bank,HDFC0724834,MERCHANT,2025-06-01,FALSE,TRUE,NONE,1,AVAILABLE
BEN-BE07AG,ACC-ZAQ8H3X,AIRTEL POSTPAID,EXT-8F1CBFN,IndusInd Bank,INDB0343962,MERCHANT,2024-03-30,FALSE,TRUE,NONE,1,AVAILABLE
BEN-7E0E7K,ACC-ZAQ8H3X,TATA POWER BILLING,EXT-B9M80O2,Union Bank of India,UBIN0717889,MERCHANT,2024-05-01,FALSE,TRUE,NONE,1,AVAILABLE
BEN-VOL9OE,ACC-ZAQ8H3X,SWIGGY,EXT-AK1VRJN,Kotak Mahindra Bank,KOTAK0900581,MERCHANT,2024-09-15,FALSE,TRUE,NONE,1,AVAILABLE
BEN-FNU1MS,ACC-ZAQ8H3X,RAPIDO,EXT-7Q9AH8R,Canara Bank,CNRB0905934,MERCHANT,2024-12-08,FALSE,TRUE,NONE,1,AVAILABLE
BEN-RVIF4G,ACC-ZAQ8H3X,JIO RECHARGE,EXT-ZRENUN5,Punjab National Bank,PUNB0514850,MERCHANT,2025-02-08,FALSE,TRUE,NONE,3,AVAILABLE
BEN-U626KT,ACC-ZAQ8H3X,Krishna Warrior (Landlord),EXT-15ZA70C,HDFC Bank,BARB0547949,UNKNOWN,2025-08-05,FALSE,TRUE,NONE,5,AVAILABLE
BEN-K1FCTQ,ACC-ZAQ8H3X,Chasmum Bahl,EXT-39D5NUU,Canara Bank,UBIN0950044,UNKNOWN,2026-08-21,TRUE,FALSE,HIGH,1,AVAILABLE
BEN-QUETA5,ACC-ZC87CVB,JIO RECHARGE,EXT-ZRENUN5,Punjab National Bank,PUNB0514850,MERCHANT,2024-07-18,FALSE,TRUE,NONE,1,AVAILABLE
BEN-L70362,ACC-ZC87CVB,BOOKMYSHOW,EXT-1ZXOI65,Yes Bank,YESB0195325,MERCHANT,2025-01-05,FALSE,TRUE,NONE,1,AVAILABLE
BEN-H0GZ15,ACC-ZC87CVB,DMART ONLINE,EXT-VHS1K3A,IndusInd Bank,INDB0857168,MERCHANT,2025-03-07,FALSE,TRUE,NONE,1,AVAILABLE
BEN-1KNWXI,ACC-ZC87CVB,MEDPLUS,EXT-JXK87AU,Axis Bank,UTIB0612340,MERCHANT,2025-04-09,FALSE,TRUE,NONE,2,AVAILABLE
BEN-HUSFT6,ACC-ZC87CVB,AIRTEL POSTPAID,EXT-8F1CBFN,IndusInd Bank,INDB0343962,MERCHANT,2025-07-15,FALSE,TRUE,NONE,1,AVAILABLE
BEN-J3IWNY,ACC-ZC87CVB,INDIAN OIL,EXT-R9OUDOC,Bank of Baroda,BARB0944151,MERCHANT,2025-08-14,FALSE,TRUE,NONE,1,AVAILABLE
BEN-IA3UNL,ACC-ZJ2O1XJ,JIO RECHARGE,EXT-ZRENUN5,Punjab National Bank,PUNB0514850,MERCHANT,2024-09-02,FALSE,TRUE,NONE,1,AVAILABLE
BEN-52YGB8,ACC-ZJ2O1XJ,RELIANCE DIGITAL,EXT-Q6L6GT6,Yes Bank,YESB0738551,MERCHANT,2024-09-07,FALSE,TRUE,NONE,1,AVAILABLE
BEN-FTYM0M,ACC-ZJ2O1XJ,TATA POWER BILLING,EXT-B9M80O2,Union Bank of India,UBIN0717889,MERCHANT,2025-03-21,FALSE,TRUE,NONE,1,AVAILABLE
BEN-5E2T5U,ACC-ZJ2O1XJ,Tarak Nagi,ACC-L9CYMTY,Axis Bank,INDB0810072,FRIEND,2025-04-04,FALSE,TRUE,NONE,3,AVAILABLE
BEN-FIG950,ACC-ZJ2O1XJ,BLINKIT,EXT-3JQIP98,IndusInd Bank,INDB0375504,MERCHANT,2025-04-16,FALSE,TRUE,NONE,2,AVAILABLE
BEN-CP1DO5,ACC-ZJ2O1XJ,BOOKMYSHOW,EXT-1ZXOI65,Yes Bank,YESB0195325,MERCHANT,2025-07-08,FALSE,TRUE,NONE,2,AVAILABLE
BEN-AMYJ57,ACC-ZO2X4GT,ZOMATO,EXT-C38HYF9,Punjab National Bank,PUNB0407419,MERCHANT,2024-05-10,FALSE,TRUE,NONE,1,AVAILABLE
BEN-597CLA,ACC-ZO2X4GT,RELIANCE DIGITAL,EXT-Q6L6GT6,Yes Bank,YESB0738551,MERCHANT,2024-08-16,FALSE,TRUE,NONE,1,AVAILABLE
BEN-BPKE41,ACC-ZO2X4GT,Timothy Bhalla,ACC-IITA5WV,Axis Bank,PUNB0920398,FRIEND,2024-09-01,FALSE,TRUE,NONE,2,AVAILABLE
BEN-N3IPVX,ACC-ZO2X4GT,RAPIDO,EXT-7Q9AH8R,Canara Bank,CNRB0905934,MERCHANT,2024-12-05,FALSE,TRUE,NONE,1,AVAILABLE
BEN-9IS97K,ACC-ZO2X4GT,Andrew Lala,ACC-ACB7G6Z,ICICI Bank,KOTAK0221635,FRIEND,2024-12-19,FALSE,TRUE,NONE,2,AVAILABLE
BEN-DH9JM4,ACC-ZO2X4GT,SWIGGY,EXT-AK1VRJN,Kotak Mahindra Bank,KOTAK0900581,MERCHANT,2025-01-18,FALSE,TRUE,NONE,1,AVAILABLE
BEN-9V5QTV,ACC-ZO2X4GT,BLINKIT,EXT-3JQIP98,IndusInd Bank,INDB0375504,MERCHANT,2025-03-17,FALSE,TRUE,NONE,1,AVAILABLE
BEN-J6X0SV,ACC-ZO2X4GT,JIO RECHARGE,EXT-ZRENUN5,Punjab National Bank,PUNB0514850,MERCHANT,2025-10-01,FALSE,TRUE,NONE,1,AVAILABLE
BEN-EOXTY4,ACC-ZO2X4GT,AMAZON PAY,EXT-OGYR3XK,IndusInd Bank,INDB0488162,MERCHANT,2025-10-16,FALSE,TRUE,NONE,2,AVAILABLE
BEN-YS9C5L,ACC-ZSDP5YH,SWIGGY,EXT-AK1VRJN,Kotak Mahindra Bank,KOTAK0900581,MERCHANT,2024-09-24,FALSE,TRUE,NONE,1,AVAILABLE
BEN-3W7UKG,ACC-ZSDP5YH,ZOMATO,EXT-C38HYF9,Punjab National Bank,PUNB0407419,MERCHANT,2024-11-11,FALSE,TRUE,NONE,1,AVAILABLE
BEN-FFNBW7,ACC-ZSDP5YH,INDIAN OIL,EXT-R9OUDOC,Bank of Baroda,BARB0944151,MERCHANT,2024-11-13,FALSE,TRUE,NONE,1,AVAILABLE
BEN-L5BJPR,ACC-ZSDP5YH,Ryan Dash,ACC-KO0JL6Q,State Bank of India,CNRB0415774,FRIEND,2025-01-20,FALSE,TRUE,NONE,3,AVAILABLE
BEN-I4E6FJ,ACC-ZSDP5YH,BOOKMYSHOW,EXT-1ZXOI65,Yes Bank,YESB0195325,MERCHANT,2025-02-02,FALSE,TRUE,NONE,1,AVAILABLE
BEN-6LB9FA,ACC-ZSDP5YH,DMART ONLINE,EXT-VHS1K3A,IndusInd Bank,INDB0857168,MERCHANT,2025-02-07,FALSE,TRUE,NONE,1,AVAILABLE
BEN-JJJ9GG,ACC-ZSDP5YH,Anay Ramachandran,ACC-GA3ZIBH,Canara Bank,SBIN0391058,FRIEND,2025-03-08,FALSE,TRUE,NONE,3,AVAILABLE
BEN-CZWH0V,ACC-ZSDP5YH,Lekha Narayan,ACC-XU0COJB,State Bank of India,IDFB0677117,FRIEND,2025-04-09,FALSE,TRUE,NONE,2,AVAILABLE
BEN-H5CMOH,ACC-ZSDP5YH,Jeevika Khosla (Landlord),EXT-43Q6HY0,Kotak Mahindra Bank,SBIN0599502,UNKNOWN,2025-08-11,FALSE,TRUE,NONE,5,AVAILABLE
BEN-GLO79U,ACC-ZSDP5YH,RAPIDO,EXT-7Q9AH8R,Canara Bank,CNRB0905934,MERCHANT,2025-09-29,FALSE,TRUE,NONE,1,AVAILABLE
BEN-F2VQJZ,ACC-ZSDP5YH,IRCTC,EXT-HJK1EYY,HDFC Bank,HDFC0724834,MERCHANT,2025-10-14,FALSE,TRUE,NONE,1,AVAILABLE
BEN-TJ00TN,ACC-ZT3EDK2,Abhiram Baria,ACC-6Y3A5Z1,Canara Bank,HDFC0650265,FAMILY,2024-11-09,FALSE,TRUE,NONE,1,AVAILABLE
BEN-G3OVV5,ACC-ZT3EDK2,ZOMATO,EXT-C38HYF9,Punjab National Bank,PUNB0407419,MERCHANT,2024-11-22,FALSE,TRUE,NONE,1,AVAILABLE
BEN-K2822H,ACC-ZT3EDK2,RELIANCE DIGITAL,EXT-Q6L6GT6,Yes Bank,YESB0738551,MERCHANT,2025-02-03,FALSE,TRUE,NONE,1,AVAILABLE
BEN-GDV3G1,ACC-ZT3EDK2,TATA POWER BILLING,EXT-B9M80O2,Union Bank of India,UBIN0717889,MERCHANT,2025-03-31,FALSE,TRUE,NONE,1,AVAILABLE
BEN-TNR2GH,ACC-ZT3EDK2,BLINKIT,EXT-3JQIP98,IndusInd Bank,INDB0375504,MERCHANT,2025-04-14,FALSE,TRUE,NONE,1,AVAILABLE
BEN-BGNQ4Z,ACC-ZT3EDK2,Nakul Kapur,ACC-TT2SLHI,ICICI Bank,PUNB0523580,FAMILY,2025-04-30,FALSE,TRUE,NONE,1,AVAILABLE
BEN-6IRCIG,ACC-ZT3EDK2,AIRTEL POSTPAID,EXT-8F1CBFN,IndusInd Bank,INDB0343962,MERCHANT,2025-06-07,FALSE,TRUE,NONE,1,AVAILABLE
BEN-AGD7T9,ACC-ZT3EDK2,Lavanya Deshpande,ACC-3HQ57UY,ICICI Bank,KOTAK0859956,FRIEND,2025-08-09,FALSE,TRUE,NONE,3,AVAILABLE
BEN-9N834A,ACC-ZT3EDK2,JIO RECHARGE,EXT-ZRENUN5,Punjab National Bank,PUNB0514850,MERCHANT,2025-09-08,FALSE,TRUE,NONE,2,AVAILABLE
BEN-TX73QV,ACC-ZV9DKYA,AMAZON PAY,EXT-OGYR3XK,IndusInd Bank,INDB0488162,MERCHANT,2024-10-18,FALSE,TRUE,NONE,1,AVAILABLE
BEN-8NS0GR,ACC-ZV9DKYA,BLINKIT,EXT-3JQIP98,IndusInd Bank,INDB0375504,MERCHANT,2024-12-15,FALSE,TRUE,NONE,2,AVAILABLE
BEN-SCCT2X,ACC-ZV9DKYA,Devika Mall,ACC-XQS3H4D,Yes Bank,UTIB0706922,FAMILY,2025-02-11,FALSE,TRUE,NONE,4,AVAILABLE
BEN-KO3T5V,ACC-ZV9DKYA,Veda Konda,ACC-5R5L6RZ,State Bank of India,KOTAK0721740,FRIEND,2025-03-03,FALSE,TRUE,NONE,1,AVAILABLE
BEN-H209JF,ACC-ZV9DKYA,INDIAN OIL,EXT-R9OUDOC,Bank of Baroda,BARB0944151,MERCHANT,2025-04-06,FALSE,TRUE,NONE,1,AVAILABLE
BEN-3BOTN3,ACC-ZV9DKYA,Raghav Majumdar,EXT-1WG5SC6,Yes Bank,ICIC0875946,UNKNOWN,2025-05-31,FALSE,TRUE,NONE,1,AVAILABLE
BEN-817W6V,ACC-ZV9DKYA,RAPIDO,EXT-7Q9AH8R,Canara Bank,CNRB0905934,MERCHANT,2025-06-01,FALSE,TRUE,NONE,1,AVAILABLE
BEN-CHU8XU,ACC-ZV9DKYA,RELIANCE DIGITAL,EXT-Q6L6GT6,Yes Bank,YESB0738551,MERCHANT,2025-10-15,FALSE,TRUE,NONE,1,AVAILABLE
BEN-AO2QTA,ACC-ZV9DKYA,DMART ONLINE,EXT-VHS1K3A,IndusInd Bank,INDB0857168,MERCHANT,2025-10-29,FALSE,TRUE,NONE,1,AVAILABLE
BEN-9I44RF,ACC-ZXCZD9M,ZOMATO,EXT-C38HYF9,Punjab National Bank,PUNB0407419,MERCHANT,2024-04-22,FALSE,TRUE,NONE,1,AVAILABLE
BEN-VE2CBB,ACC-ZXCZD9M,Ucchal Patla,ACC-H7GPNG4,Yes Bank,KOTAK0212196,FRIEND,2024-05-19,FALSE,TRUE,NONE,3,AVAILABLE
BEN-B77EKN,ACC-ZXCZD9M,BIGBASKET,EXT-NREK8PK,Punjab National Bank,PUNB0584714,MERCHANT,2024-06-20,FALSE,TRUE,NONE,1,AVAILABLE
BEN-E52990,ACC-ZXCZD9M,BOOKMYSHOW,EXT-1ZXOI65,Yes Bank,YESB0195325,MERCHANT,2024-07-30,FALSE,TRUE,NONE,1,AVAILABLE
BEN-78VHTG,ACC-ZXCZD9M,Ayushman Dalal,EXT-14F0ANV,IDFC FIRST Bank,BARB0525046,UNKNOWN,2024-08-23,FALSE,TRUE,NONE,1,AVAILABLE
BEN-1RX3QY,ACC-ZXCZD9M,Xalak Wagle,ACC-XGJ1QQ8,ICICI Bank,BARB0688090,FRIEND,2025-02-12,FALSE,TRUE,NONE,2,AVAILABLE
BEN-Y6JHHD,ACC-ZXCZD9M,DMART ONLINE,EXT-VHS1K3A,IndusInd Bank,INDB0857168,MERCHANT,2025-02-21,FALSE,TRUE,NONE,2,AVAILABLE
BEN-EHMW03,ACC-ZXCZD9M,TATA POWER BILLING,EXT-B9M80O2,Union Bank of India,UBIN0717889,MERCHANT,2025-03-15,FALSE,TRUE,NONE,1,AVAILABLE
BEN-U6HSCK,ACC-ZXCZD9M,Garima Ghose,ACC-CEM9N4N,IndusInd Bank,SBIN0324730,FRIEND,2025-06-22,FALSE,TRUE,NONE,1,AVAILABLE
BEN-5R87FB,ACC-ZXCZD9M,RAPIDO,EXT-7Q9AH8R,Canara Bank,CNRB0905934,MERCHANT,2025-08-06,FALSE,TRUE,NONE,1,AVAILABLE
